npc,name,voice,identity,reason,source,assigned
54,Corina Steele,humanfemalestandardnpc,humanfemalestandard,game greeting set of primary display,forever-cache,2026-09-28
66,Tharynn Bouden,humanmaleofficialnpc,humanmaleofficial,game greeting set of primary display,forever-cache,2026-09-28
68,Stormwind City Guard,humanmaleofficialnpc,humanmaleofficial,game greeting set of primary display,forever-cache,2026-09-28
74,Kurran Steele,humanmalestandardnpc,humanmalestandard,game greeting set of primary display,forever-cache,2026-09-28
78,Janos Hammerknuckle,humanmaleofficialnpc,humanmaleofficial,game greeting set of primary display,cmangos,2026-09-28
151,Brog Hamfist,humanmaleofficialnpc,humanmaleofficial,game greeting set of primary display,forever-cache,2026-09-28
152,Brother Danil,humanmalestandardnpc,humanmalestandard,game greeting set of primary display,cmangos,2026-09-28
167,Morhan Coppertongue,dwarfmaleguardnpc,dwarfmaleguard,game greeting set of primary display,cmangos,2026-09-28
190,Dermot Johns,humanmalewarriornpc,humanmalewarrior,game greeting set of primary display,cmangos,2026-09-28
196,Eagan Peltskinner,humanmalestandardnpc,humanmalestandard,game greeting set of primary display,cmangos,2026-09-28
197,Marshal McBride,humanmaleofficialnpc,humanmaleofficial,game greeting set of primary display,cmangos,2026-09-28
198,Khelden Bremen,humanmaleofficialnpc,humanmaleofficial,game greeting set of primary display,cmangos,2026-09-28
222,Nillen Andemar,dwarfmalestandardnpc,dwarfmalestandard,game greeting set of primary display,cmangos,2026-09-28
223,Dan Golthas,undeadmalestandardnpc,undeadmalestandard,game greeting set of primary display,cmangos,2026-09-28
225,Gavin Gnarltree,humanmaleofficialnpc,humanmaleofficial,game greeting set of primary display,cmangos,2026-09-28
226,Morg Gnarltree,humanmalestandardnpc,humanmalestandard,game greeting set of primary display,cmangos,2026-09-28
227,Mabel Solaj,humanfemalewarriornpc,humanfemalewarrior,game greeting set of primary display,cmangos,2026-09-28
228,Avette Fellwood,humanfemalewarriornpc,humanfemalewarrior,game greeting set of primary display,cmangos,2026-09-28
233,Farmer Saldean,humanmaleofficialnpc,humanmaleofficial,game greeting set of primary display,forever-cache,2026-09-28
234,Gryan Stoutmantle,humanmaleofficialnpc,humanmaleofficial,game greeting set of primary display,forever-cache,2026-09-28
235,Salma Saldean,humanfemalewarriornpc,humanfemalewarrior,game greeting set of primary display,forever-cache,2026-09-28
237,Farmer Furlbrow,humanmalestandardnpc,humanmalestandard,game greeting set of primary display,forever-cache,2026-09-28
238,Verna Furlbrow,humanfemalestandardnpc,humanfemalestandard,game greeting set of primary display,forever-cache,2026-09-28
239,Grimbooze Thunderbrew,dwarfmalegrimnpc,dwarfmalegrim,game greeting set of primary display,forever-cache,2026-09-28
240,Marshal Dughan,humanmaleofficialnpc,humanmaleofficial,game greeting set of primary display,forever-cache,2026-09-28
241,"Remy ""Two Times""",humanmalestandardnpc,humanmalestandard,game greeting set of primary display,forever-cache,2026-09-28
244,Ma Stonefield,humanfemalewarriornpc,humanfemalewarrior,game greeting set of primary display,cmangos,2026-09-28
246,"""Auntie"" Bernice Stonefield",humanfemalestandardnpc,humanfemalestandard,game greeting set of primary display,cmangos,2026-09-28
247,Billy Maclure,creature_child_m,creature:human_m,"non-character model -> MelloUI race key (or model name); pool human_m -> humanmaleofficial; re-mapped 2026-09-28 from humanmaleofficialnpc (npc table, rule 4)",cmangos,2026-09-28
248,Gramma Stonefield,humanfemaleofficialnpc,humanfemaleofficial,game greeting set of primary display,cmangos,2026-09-28
250,Pa Maclure,humanmaleofficialnpc,humanmaleofficial,game greeting set of primary display,cmangos,2026-09-28
251,Maybell Maclure,humanfemalestandardnpc,humanfemalestandard,game greeting set of primary display,cmangos,2026-09-28
252,Tommy Joe Stonefield,humanmalestandardnpc,humanmalestandard,game greeting set of primary display,forever-cache,2026-09-28
253,William Pestle,humanmalestandardnpc,humanmalestandard,game greeting set of primary display,forever-cache,2026-09-28
255,Gerard Tiller,humanmalewarriornpc,humanmalewarrior,game greeting set of primary display,cmangos,2026-09-28
258,Joshua Maclure,humanmalestandardnpc,humanmalestandard,game greeting set of primary display,cmangos,2026-09-28
261,Guard Thomas,humanmaleofficialnpc,humanmaleofficial,game greeting set of primary display,cmangos,2026-09-28
263,Lord Ello Ebonlocke,humanmaleofficialnpc,humanmaleofficial,game greeting set of primary display,cmangos,2026-09-28
264,Commander Althea Ebonlocke,humanfemalewarriornpc,humanfemalewarrior,game greeting set of primary display,cmangos,2026-09-28
265,Madame Eva,humanfemaleofficialnpc,humanfemaleofficial,game greeting set of primary display,cmangos,2026-09-28
266,Wiley the Black,humanmalewarriornpc,humanmalewarrior,game greeting set of primary display,cmangos,2026-09-28
267,Clerk Daltry,humanmalestandardnpc,humanmalestandard,game greeting set of primary display,cmangos,2026-09-28
268,Sirra Von'Indi,humanmaleofficialnpc,humanmaleofficial,game greeting set of primary display,cmangos,2026-09-28
270,Councilman Millstipe,humanmaleofficialnpc,humanmaleofficial,game greeting set of primary display,cmangos,2026-09-28
271,Ambassador Berrybuck,humanmalestandardnpc,humanmalestandard,game greeting set of primary display,cmangos,2026-09-28
272,Chef Grual,humanmaleofficialnpc,humanmaleofficial,game greeting set of primary display,cmangos,2026-09-28
273,Tavernkeep Smitts,humanmalewarriornpc,humanmalewarrior,game greeting set of primary display,cmangos,2026-09-28
274,Barkeep Hann,humanmalestandardnpc,humanmalestandard,game greeting set of primary display,cmangos,2026-09-28
275,Whit Wantmal,humanmalestandardnpc,humanmalestandard,game greeting set of primary display,cmangos,2026-09-28
276,Viktori Prism'Antras,humanmaleofficialnpc,humanmaleofficial,game greeting set of primary display,cmangos,2026-09-28
277,Roberto Pupellyverbos,humanmaleofficialnpc,humanmaleofficial,game greeting set of primary display,forever-cache,2026-09-28
278,Sara Timberlain,humanfemaleofficialnpc,humanfemaleofficial,game greeting set of primary display,cmangos,2026-09-28
279,Morgan Pestle,humanmalestandardnpc,humanmalestandard,game greeting set of primary display,forever-cache,2026-09-28
288,Jitters,humanmalestandardnpc,humanmalestandard,game greeting set of primary display,cmangos,2026-09-28
289,Abercrombie,humanmalestandardnpc,humanmalestandard,game greeting set of primary display,cmangos,2026-09-28
294,Marshal Haggard,humanmaleofficialnpc,humanmaleofficial,game greeting set of primary display,cmangos,2026-09-28
295,Innkeeper Farley,humanmalestandardnpc,humanmalestandard,game greeting set of primary display,forever-cache,2026-09-28
297,Caretaker Folsom,humanmalewarriornpc,humanmalewarrior,game greeting set of primary display,cmangos,2026-09-28
302,Blind Mary,undeadfemalestandardnpc,creature:undead_f,non-character model -> MelloUI race key (or model name); pool undead_f -> undeadfemalestandard,cmangos,2026-09-28
311,Sven Yorgen,humanmaleofficialnpc,humanmaleofficial,game greeting set of primary display,cmangos,2026-09-28
313,Theocritus,humanmaleofficialnpc,humanmaleofficial,game greeting set of primary display,cmangos,2026-09-28
328,Zaldimar Wefhellt,humanmalestandardnpc,humanmalestandard,game greeting set of primary display,forever-cache,2026-09-28
331,Maginor Dumas,humanmaleofficialnpc,humanmaleofficial,game greeting set of primary display,cmangos,2026-09-28
332,Master Mathias Shaw,humanmaleofficialnpc,humanmaleofficial,game greeting set of primary display,forever-cache,2026-09-28
338,Mazen Mac'Nadir,humanmalestandardnpc,humanmalestandard,game greeting set of primary display,cmangos,2026-09-28
340,Kendor Kabonka,humanmalestandardnpc,humanmalestandard,game greeting set of primary display,forever-cache,2026-09-28
341,Foreman Oslow,humanmalestandardnpc,humanmalestandard,game greeting set of primary display,cmangos,2026-09-28
342,Martie Jainrose,humanfemalewarriornpc,humanfemalewarrior,game greeting set of primary display,cmangos,2026-09-28
343,Chef Breanna,humanfemalewarriornpc,humanfemalewarrior,game greeting set of primary display,cmangos,2026-09-28
344,Magistrate Solomon,humanmaleofficialnpc,humanmaleofficial,game greeting set of primary display,cmangos,2026-09-28
346,Barkeep Daniels,humanmaleofficialnpc,humanmaleofficial,game greeting set of primary display,cmangos,2026-09-28
347,Grizzle Halfmane,orcmaleshadynpc,orcmaleshady,game greeting set of primary display,cmangos,2026-09-28
348,Zem Leeward,humanmalestandardnpc,humanmalestandard,game greeting set of primary display,cmangos,2026-09-28
349,Corporal Keeshan,humanmaleofficialnpc,humanmaleofficial,game greeting set of primary display,cmangos,2026-09-28
352,Dungar Longdrink,humanmaleofficialnpc,humanmaleofficial,game greeting set of primary display,forever-cache,2026-09-28
354,[UNUSED] Grall Twomoons,orcmalestandardnpc,creature:orc_m,non-character model -> MelloUI race key (or model name); pool orc_m -> orcmalestandard,cmangos,2026-09-28
372,Karm Ironquill,dwarfmaleguardnpc,dwarfmaleguard,game greeting set of primary display,cmangos,2026-09-28
373,Murak Winterborn,orcmalestandardnpc,creature:orc_m,non-character model -> MelloUI race key (or model name); pool orc_m -> orcmalestandard,cmangos,2026-09-28
374,Cog Glitzspinner,gnomemaleyoungnpc,gnomemaleyoung,game greeting set of primary display,cmangos,2026-09-28
375,Priestess Anetta,humanfemaleofficialnpc,humanfemaleofficial,game greeting set of primary display,cmangos,2026-09-28
376,High Priestess Laurena,humanfemaleofficialnpc,humanfemaleofficial,game greeting set of primary display,cmangos,2026-09-28
377,Priestess Josetta,humanfemaleofficialnpc,humanfemaleofficial,game greeting set of primary display,forever-cache,2026-09-28
379,Darcy,humanfemalestandardnpc,humanfemalestandard,game greeting set of primary display,cmangos,2026-09-28
381,Dockmaster Baren,humanmalestandardnpc,humanmalestandard,game greeting set of primary display,cmangos,2026-09-28
382,Marshal Marris,humanmaleofficialnpc,humanmaleofficial,game greeting set of primary display,cmangos,2026-09-28
383,Jason Mathers,humanmalewarriornpc,humanmalewarrior,game greeting set of primary display,cmangos,2026-09-28
384,Katie Hunter,humanfemalestandardnpc,humanfemalestandard,game greeting set of primary display,cmangos,2026-09-28
392,Captain Grayson,humanmalewarriornpc,creature:human_m,non-character model -> MelloUI race key (or model name); pool human_m -> humanmalewarrior,cmangos,2026-09-28
415,Verner Osgood,humanmalewarriornpc,humanmalewarrior,game greeting set of primary display,cmangos,2026-09-28
459,Drusilla La Salle,humanfemalewarriornpc,humanfemalewarrior,game greeting set of primary display,cmangos,2026-09-28
460,Alamar Grimm,gnomemalestandardnpc,gnomemalestandard,game greeting set of primary display,cmangos,2026-09-28
461,Demisette Cloyce,humanfemaleofficialnpc,humanfemaleofficial,game greeting set of primary display,cmangos,2026-09-28
464,Guard Parker,humanmaleofficialnpc,humanmaleofficial,game greeting set of primary display,cmangos,2026-09-28
465,Barkeep Dobbins,humanmalewarriornpc,humanmalewarrior,game greeting set of primary display,forever-cache,2026-09-28
466,General Marcus Jonathan,humanmaleofficialnpc,humanmaleofficial,game greeting set of primary display,forever-cache,2026-09-28
467,The Defias Traitor,humanmalewarriornpc,humanmalewarrior,silent in game -> crc32(entry) mod race/sex pool,forever-cache,2026-09-28
469,Lieutenant Doren,humanmaleofficialnpc,humanmaleofficial,game greeting set of primary display,cmangos,2026-09-28
482,Elling Trias,humanmalewarriornpc,humanmalewarrior,game greeting set of primary display,forever-cache,2026-09-28
483,Elaine Trias,humanfemalestandardnpc,humanfemalestandard,game greeting set of primary display,forever-cache,2026-09-28
491,Quartermaster Lewis,humanmalestandardnpc,humanmalestandard,game greeting set of primary display,forever-cache,2026-09-28
514,Smith Argus,humanmalewarriornpc,humanmalewarrior,game greeting set of primary display,forever-cache,2026-09-28
523,Thor,humanmalestandardnpc,humanmalestandard,game greeting set of primary display,forever-cache,2026-09-28
542,Califex of the Deep Wood,humanmaleofficialnpc,creature:human_m,non-character model -> MelloUI race key (or model name); pool human_m -> humanmaleofficial,cmangos,2026-09-28
543,Nalesette Wildbringer,nightelffemalestandardnpc,nightelffemalestandard,game greeting set of primary display,cmangos,2026-09-28
576,Watcher Ladimore,humanfemaleofficialnpc,humanfemaleofficial,game greeting set of primary display,cmangos,2026-09-28
620,Chicken,narrator_neutral,creature:other_n,non-character model -> MelloUI race key (or model name); creature: narrator,forever-cache,2026-09-28
633,Elaine Carevin,humanfemaleofficialnpc,humanfemaleofficial,game greeting set of primary display,cmangos,2026-09-28
656,Wilder Thistlenettle,dwarfmaleguardnpc,dwarfmaleguard,game greeting set of primary display,forever-cache,2026-09-28
658,Sten Stoutarm,dwarfmalestandardnpc,dwarfmalestandard,game greeting set of primary display,forever-cache,2026-09-28
661,Jonathan Carevin,humanmalewarriornpc,humanmalewarrior,game greeting set of primary display,cmangos,2026-09-28
663,Calor,humanmaleofficialnpc,humanmaleofficial,game greeting set of primary display,cmangos,2026-09-28
664,Benjamin Carevin,creature_child_m,creature:human_m,"non-character model -> MelloUI race key (or model name); pool human_m -> humanmaleofficial; re-mapped 2026-09-28 from humanmaleofficialnpc (npc table, rule 4)",cmangos,2026-09-28
713,Balir Frosthammer,dwarfmaleguardnpc,dwarfmaleguard,game greeting set of primary display,forever-cache,2026-09-28
714,Talin Keeneye,dwarfmalegrimnpc,dwarfmalegrim,game greeting set of primary display,cmangos,2026-09-28
715,Hemet Nesingwary,dwarfmaleguardnpc,dwarfmaleguard,game greeting set of primary display,cmangos,2026-09-28
716,Barnil Stonepot,dwarfmalestandardnpc,dwarfmalestandard,game greeting set of primary display,cmangos,2026-09-28
717,Ajeck Rouack,humanfemalewarriornpc,humanfemalewarrior,game greeting set of primary display,cmangos,2026-09-28
718,Sir S. J. Erlgadin,humanmaleofficialnpc,humanmaleofficial,game greeting set of primary display,cmangos,2026-09-28
727,Ironforge Mountaineer,dwarfmaleguardnpc,dwarfmaleguard,game greeting set of primary display,cmangos,2026-09-28
733,Sergeant Yohwa,humanfemalewarriornpc,humanfemalewarrior,game greeting set of primary display,cmangos,2026-09-28
734,Corporal Bluth,humanmaleofficialnpc,humanmaleofficial,game greeting set of primary display,cmangos,2026-09-28
737,Kebok,goblinmalezanynpc,goblinmalezany,game greeting set of primary display,cmangos,2026-09-28
738,Private Thorsen,humanmalestandardnpc,humanmalestandard,game greeting set of primary display,cmangos,2026-09-28
739,Brother Nimetz,humanmalestandardnpc,humanmalestandard,game greeting set of primary display,cmangos,2026-09-28
770,Corporal Kaleb,humanmaleofficialnpc,humanmaleofficial,game greeting set of primary display,cmangos,2026-09-28
771,Commander Felstrom,undeadmaledarknpc,creature:undead_n,non-character model -> MelloUI race key (or model name); pool undead_n -> undeadmaledark,cmangos,2026-09-28
773,Krazek,goblinmalezanynpc,goblinmalezany,game greeting set of primary display,cmangos,2026-09-28
777,Amy Davenport,humanfemalestandardnpc,humanfemalestandard,game greeting set of primary display,cmangos,2026-09-28
786,Grelin Whitebeard,dwarfmaleguardnpc,dwarfmaleguard,game greeting set of primary display,cmangos,2026-09-28
789,Kimberly Hiett,humanfemalewarriornpc,humanfemalewarrior,game greeting set of primary display,cmangos,2026-09-28
790,Karen Taylor,humanfemalestandardnpc,humanfemalestandard,game greeting set of primary display,cmangos,2026-09-28
791,Lindsay Ashlock,humanfemaleofficialnpc,humanfemaleofficial,game greeting set of primary display,cmangos,2026-09-28
793,Kara Adams,humanfemalewarriornpc,humanfemalewarrior,game greeting set of primary display,cmangos,2026-09-28
812,Alma Jainrose,humanfemaleofficialnpc,humanfemaleofficial,game greeting set of primary display,cmangos,2026-09-28
820,Scout Riell,humanfemaleofficialnpc,humanfemaleofficial,game greeting set of primary display,forever-cache,2026-09-28
821,Captain Danuvin,humanmalewarriornpc,humanmalewarrior,game greeting set of primary display,forever-cache,2026-09-28
823,Deputy Willem,humanmalestandardnpc,humanmalestandard,game greeting set of primary display,cmangos,2026-09-28
829,Adlin Pridedrift,dwarfmaleguardnpc,dwarfmaleguard,game greeting set of primary display,forever-cache,2026-09-28
836,Durnan Furcutter,dwarfmalestandardnpc,dwarfmalestandard,game greeting set of primary display,cmangos,2026-09-28
837,Branstock Khalder,dwarfmalestandardnpc,dwarfmalestandard,game greeting set of primary display,cmangos,2026-09-28
840,Watcher Backus,humanmaleofficialnpc,humanmaleofficial,game greeting set of primary display,cmangos,2026-09-28
843,Gina MacGregor,humanfemalestandardnpc,humanfemalestandard,game greeting set of primary display,forever-cache,2026-09-28
844,Antonio Perelli,humanmalestandardnpc,humanmalestandard,game greeting set of primary display,cmangos,2026-09-28
851,Hannah,creature_child_f,creature:human_f,"non-character model -> MelloUI race key (or model name); pool human_f -> humanfemaleofficial; re-mapped 2026-09-28 from humanfemaleofficialnpc (npc table, rule 4)",cmangos,2026-09-28
857,Donal Osgood,humanmaleofficialnpc,humanmaleofficial,game greeting set of primary display,cmangos,2026-09-28
859,Guard Berton,humanmaleofficialnpc,humanmaleofficial,game greeting set of primary display,cmangos,2026-09-28
878,Scout Galiaan,humanmaleofficialnpc,humanmaleofficial,game greeting set of primary display,forever-cache,2026-09-28
888,Watcher Dodds,humanmaleofficialnpc,humanmaleofficial,game greeting set of primary display,cmangos,2026-09-28
893,Lars,humanmalestandardnpc,humanmalestandard,game greeting set of primary display,cmangos,2026-09-28
894,Homer Stonefield,humanmalestandardnpc,humanmalestandard,game greeting set of primary display,cmangos,2026-09-28
895,Thorgas Grimson,dwarfmalestandardnpc,dwarfmalestandard,game greeting set of primary display,cmangos,2026-09-28
896,Veldan Lightfoot,humanmalestandardnpc,humanmalestandard,game greeting set of primary display,forever-cache,2026-09-28
897,[UNUSED] Brannon Aybara (TEMP),humanmalewarriornpc,creature:human_m,non-character model -> MelloUI race key (or model name); pool human_m -> humanmalewarrior,cmangos,2026-09-28
900,Bailiff Conacher,humanmalestandardnpc,humanmalestandard,game greeting set of primary display,cmangos,2026-09-28
903,Guard Howe,humanmaleofficialnpc,humanmaleofficial,game greeting set of primary display,cmangos,2026-09-28
906,Maximillian Crowe,humanmalewarriornpc,humanmalewarrior,game greeting set of primary display,forever-cache,2026-09-28
907,Keras Wolfheart,humanmalewarriornpc,humanmalewarrior,game greeting set of primary display,cmangos,2026-09-28
908,Flora Silverwind,humanfemaleofficialnpc,humanfemaleofficial,game greeting set of primary display,cmangos,2026-09-28
911,Llane Beshere,humanmalewarriornpc,humanmalewarrior,game greeting set of primary display,cmangos,2026-09-28
912,Thran Khorman,dwarfmaleguardnpc,dwarfmaleguard,game greeting set of primary display,cmangos,2026-09-28
913,Lyria Du Lac,humanfemalewarriornpc,humanfemalewarrior,game greeting set of primary display,forever-cache,2026-09-28
914,Ander Germaine,humanmalewarriornpc,humanmalewarrior,game greeting set of primary display,forever-cache,2026-09-28
915,Jorik Kerridan,humanmalewarriornpc,humanmalewarrior,game greeting set of primary display,cmangos,2026-09-28
916,Solm Hargrin,dwarfmalegrimnpc,dwarfmalegrim,game greeting set of primary display,cmangos,2026-09-28
917,Keryn Sylvius,humanfemalewarriornpc,humanfemalewarrior,game greeting set of primary display,forever-cache,2026-09-28
918,Osborne the Night Man,humanmalestandardnpc,humanmalestandard,game greeting set of primary display,forever-cache,2026-09-28
919,[UNUSED] [PH] Berail Spiritwhisper,humanfemalestandardnpc,creature:human_f,non-character model -> MelloUI race key (or model name); pool human_f -> humanfemalestandard,cmangos,2026-09-28
925,Brother Sammuel,humanmaleofficialnpc,humanmaleofficial,game greeting set of primary display,cmangos,2026-09-28
926,Bromos Grummner,dwarfmaleguardnpc,dwarfmaleguard,game greeting set of primary display,cmangos,2026-09-28
927,Brother Wilhelm,humanmaleofficialnpc,humanmaleofficial,game greeting set of primary display,forever-cache,2026-09-28
928,Lord Grayson Shadowbreaker,humanmaleofficialnpc,humanmaleofficial,game greeting set of primary display,cmangos,2026-09-28
931,Ariena Stormfeather,humanfemalewarriornpc,humanfemalewarrior,game greeting set of primary display,cmangos,2026-09-28
944,Marryk Nurribit,gnomemaleyoungnpc,gnomemaleyoung,game greeting set of primary display,cmangos,2026-09-28
945,Rybrad Coldbank,dwarfmaleguardnpc,dwarfmaleguard,game greeting set of primary display,cmangos,2026-09-28
951,Brother Paxton,humanmalestandardnpc,humanmalestandard,game greeting set of primary display,cmangos,2026-09-28
952,Brother Neals,humanmalestandardnpc,humanmalestandard,game greeting set of primary display,cmangos,2026-09-28
954,Kat Sampson,humanfemalewarriornpc,humanfemalewarrior,game greeting set of primary display,cmangos,2026-09-28
955,Sergeant De Vries,humanmalestandardnpc,humanmalestandard,game greeting set of primary display,cmangos,2026-09-28
956,Dorin Songblade,dwarfmaleguardnpc,dwarfmaleguard,game greeting set of primary display,cmangos,2026-09-28
957,Dane Lindgren,humanmalewarriornpc,humanmalewarrior,game greeting set of primary display,forever-cache,2026-09-28
958,Dawn Brightstar,humanfemaleofficialnpc,humanfemaleofficial,game greeting set of primary display,cmangos,2026-09-28
959,Morley Eberlein,humanmalestandardnpc,humanmalestandard,game greeting set of primary display,cmangos,2026-09-28
960,Gunder Thornbush,humanmalestandardnpc,humanmalestandard,game greeting set of primary display,cmangos,2026-09-28
963,Deputy Rainer,humanmaleofficialnpc,humanmaleofficial,game greeting set of primary display,cmangos,2026-09-28
980,Grimnal,orcmaleguardnpc,orcmaleguard,game greeting set of primary display,cmangos,2026-09-28
981,Hartash,orcmaleshadynpc,orcmaleshady,game greeting set of primary display,cmangos,2026-09-28
982,Thultash,orcmalestandardnpc,orcmalestandard,game greeting set of primary display,cmangos,2026-09-28
983,Thultazor,orcmaleshadynpc,orcmaleshady,game greeting set of primary display,cmangos,2026-09-28
984,Thralosh,orcmaleshadynpc,orcmaleshady,game greeting set of primary display,cmangos,2026-09-28
985,Malosh,orcmaleguardnpc,orcmaleguard,game greeting set of primary display,cmangos,2026-09-28
986,Haromm,orcmalestandardnpc,orcmalestandard,game greeting set of primary display,cmangos,2026-09-28
987,Ogromm,orcmaleguardnpc,orcmaleguard,game greeting set of primary display,cmangos,2026-09-28
988,Kartosh,orcmaleshadynpc,orcmaleshady,game greeting set of primary display,cmangos,2026-09-28
989,Banalash,orcmaleshadynpc,orcmaleshady,game greeting set of primary display,cmangos,2026-09-28
1068,Gorn,orcmaleguardnpc,orcmaleguard,game greeting set of primary display,cmangos,2026-09-28
1070,Deputy Feldon,humanmaleofficialnpc,humanmaleofficial,game greeting set of primary display,cmangos,2026-09-28
1071,Longbraid the Grim,dwarfmalegrimnpc,dwarfmalegrim,game greeting set of primary display,cmangos,2026-09-28
1072,Roggo Harlbarrow,dwarfmaleguardnpc,dwarfmaleguard,game greeting set of primary display,cmangos,2026-09-28
1073,Ashlan Stonesmirk,dwarfmaleguardnpc,dwarfmaleguard,game greeting set of primary display,cmangos,2026-09-28
1074,Motley Garmason,dwarfmaleguardnpc,dwarfmaleguard,game greeting set of primary display,cmangos,2026-09-28
1075,Rhag Garmason,dwarfmalestandardnpc,dwarfmalestandard,game greeting set of primary display,cmangos,2026-09-28
1076,Merrin Rockweaver,dwarffemaleguardnpc,dwarffemaleguard,game greeting set of primary display,cmangos,2026-09-28
1077,Prospector Whelgar,dwarfmaleguardnpc,dwarfmaleguard,game greeting set of primary display,cmangos,2026-09-28
1078,Ormer Ironbraid,dwarfmalegrimnpc,dwarfmalegrim,game greeting set of primary display,cmangos,2026-09-28
1089,Mountaineer Cobbleflint,dwarfmaleguardnpc,dwarfmaleguard,game greeting set of primary display,cmangos,2026-09-28
1090,Mountaineer Wallbang,dwarfmaleguardnpc,dwarfmaleguard,game greeting set of primary display,cmangos,2026-09-28
1091,Mountaineer Gravelgaw,dwarfmaleguardnpc,dwarfmaleguard,game greeting set of primary display,cmangos,2026-09-28
1092,Captain Rugelfuss,dwarfmaleguardnpc,dwarfmaleguard,game greeting set of primary display,cmangos,2026-09-28
1093,Chief Engineer Hinderweir VII,dwarfmalegrimnpc,dwarfmalegrim,game greeting set of primary display,cmangos,2026-09-28
1103,Eldrin,humanmalestandardnpc,humanmalestandard,game greeting set of primary display,cmangos,2026-09-28
1104,Grundel Harkin,dwarfmalegrimnpc,dwarfmalegrim,game greeting set of primary display,cmangos,2026-09-28
1105,Jern Hornhelm,dwarfmaleguardnpc,dwarfmaleguard,game greeting set of primary display,cmangos,2026-09-28
1139,Magistrate Bluntnose,dwarfmalestandardnpc,dwarfmalestandard,game greeting set of primary display,cmangos,2026-09-28
1141,Angus Stern,humanmalestandardnpc,humanmalestandard,game greeting set of primary display,cmangos,2026-09-28
1146,Vharr,orcmaleguardnpc,orcmaleguard,game greeting set of primary display,cmangos,2026-09-28
1147,Hragran,orcmalestandardnpc,orcmalestandard,game greeting set of primary display,cmangos,2026-09-28
1148,Nerrist,orcfemalestandardnpc,orcfemalestandard,game greeting set of primary display,cmangos,2026-09-28
1149,Uthok,orcmaleshadynpc,orcmaleshady,game greeting set of primary display,cmangos,2026-09-28
1153,Torren Squarejaw,dwarfmalegrimnpc,dwarfmalegrim,game greeting set of primary display,cmangos,2026-09-28
1154,Marek Ironheart,dwarfmalestandardnpc,dwarfmalestandard,game greeting set of primary display,cmangos,2026-09-28
1156,Vyrin Swiftwind,nightelffemalestandardnpc,nightelffemalestandard,game greeting set of primary display,cmangos,2026-09-28
1182,Brother Anton,humanmaleofficialnpc,humanmaleofficial,game greeting set of primary display,cmangos,2026-09-28
1187,Daryl the Youngling,humanmalestandardnpc,humanmalestandard,game greeting set of primary display,cmangos,2026-09-28
1198,Rallic Finn,humanmalestandardnpc,humanmalestandard,game greeting set of primary display,cmangos,2026-09-28
1212,Bishop Farthing,humanmalestandardnpc,humanmalestandard,game greeting set of primary display,cmangos,2026-09-28
1213,Godric Rothgar,humanmaleofficialnpc,humanmaleofficial,game greeting set of primary display,cmangos,2026-09-28
1214,Aldren Cordon,dwarfmalestandardnpc,dwarfmalestandard,game greeting set of primary display,cmangos,2026-09-28
1215,Alchemist Mallory,humanmaleofficialnpc,humanmaleofficial,game greeting set of primary display,cmangos,2026-09-28
1217,Glorin Steelbrow,dwarfmalestandardnpc,dwarfmalestandard,game greeting set of primary display,cmangos,2026-09-28
1218,Herbalist Pomeroy,humanfemalestandardnpc,humanfemalestandard,game greeting set of primary display,cmangos,2026-09-28
1226,Maxan Anvol,dwarfmalestandardnpc,dwarfmalestandard,game greeting set of primary display,cmangos,2026-09-28
1228,Magis Sparkmantle,gnomemalezanynpc,gnomemalezany,game greeting set of primary display,cmangos,2026-09-28
1229,Granis Swiftaxe,dwarfmalegrimnpc,dwarfmalegrim,game greeting set of primary display,cmangos,2026-09-28
1230,[UNUSED] Lexin Haze,humanfemalestandardnpc,creature:human_f,non-character model -> MelloUI race key (or model name); pool human_f -> humanfemalestandard,cmangos,2026-09-28
1231,Grif Wildheart,dwarfmalegrimnpc,dwarfmalegrim,game greeting set of primary display,cmangos,2026-09-28
1232,Azar Stronghammer,dwarfmaleguardnpc,dwarfmaleguard,game greeting set of primary display,cmangos,2026-09-28
1234,Hogral Bakkan,dwarfmalegrimnpc,dwarfmalegrim,game greeting set of primary display,cmangos,2026-09-28
1237,Kazan Mogosh,dwarfmalestandardnpc,dwarfmalestandard,game greeting set of primary display,cmangos,2026-09-28
1238,Gamili Frosthide,dwarfmalegrimnpc,dwarfmalegrim,game greeting set of primary display,cmangos,2026-09-28
1239,First Mate Fitzsimmons,humanmalewarriornpc,humanmalewarrior,game greeting set of primary display,cmangos,2026-09-28
1240,Boran Ironclink,dwarfmaleguardnpc,dwarfmaleguard,game greeting set of primary display,cmangos,2026-09-28
1241,Tognus Flintfire,dwarfmaleguardnpc,dwarfmaleguard,game greeting set of primary display,cmangos,2026-09-28
1242,Karl Boran,humanmaleofficialnpc,humanmaleofficial,game greeting set of primary display,cmangos,2026-09-28
1243,Hegnar Rumbleshot,dwarfmaleguardnpc,dwarfmaleguard,game greeting set of primary display,cmangos,2026-09-28
1244,Rethiel the Greenwarden,creature_ancient,creature:other_n,"non-character model -> MelloUI race key (or model name); creature: narrator; re-mapped 2026-09-28 from narrator_neutral (npc table, rule 5)",cmangos,2026-09-28
1245,Kogan Forgestone,dwarfmaleguardnpc,dwarfmaleguard,game greeting set of primary display,cmangos,2026-09-28
1246,Vosur Brakthel,dwarfmalegrimnpc,dwarfmalegrim,game greeting set of primary display,cmangos,2026-09-28
1247,Innkeeper Belm,dwarfmaleguardnpc,dwarfmaleguard,game greeting set of primary display,cmangos,2026-09-28
1249,Quartermaster Hudson,humanmaleofficialnpc,humanmaleofficial,game greeting set of primary display,forever-cache,2026-09-28
1250,Drake Lindgren,humanmaleofficialnpc,humanmaleofficial,game greeting set of primary display,cmangos,2026-09-28
1252,Senir Whitebeard,dwarfmalestandardnpc,dwarfmalestandard,game greeting set of primary display,cmangos,2026-09-28
1253,Father Gavin,humanmaleofficialnpc,humanmaleofficial,game greeting set of primary display,cmangos,2026-09-28
1254,Foreman Stonebrow,dwarfmalestandardnpc,dwarfmalestandard,game greeting set of primary display,cmangos,2026-09-28
1256,Quarrymaster Thesten,dwarfmaleguardnpc,dwarfmaleguard,game greeting set of primary display,cmangos,2026-09-28
1257,Keldric Boucher,humanmaleofficialnpc,humanmaleofficial,game greeting set of primary display,forever-cache,2026-09-28
1261,Veron Amberstill,dwarfmalestandardnpc,dwarfmalestandard,game greeting set of primary display,cmangos,2026-09-28
1263,Yarlyn Amberstill,dwarffemaleyoungnpc,dwarffemaleyoung,game greeting set of primary display,cmangos,2026-09-28
1265,Rudra Amberstill,dwarffemalematernalnpc,dwarffemalematernal,game greeting set of primary display,cmangos,2026-09-28
1266,Tundra MacGrann,dwarfmalegrimnpc,dwarfmalegrim,game greeting set of primary display,cmangos,2026-09-28
1267,Ragnar Thunderbrew,dwarfmaleguardnpc,dwarfmaleguard,game greeting set of primary display,cmangos,2026-09-28
1268,Ozzie Togglevolt,gnomemalestandardnpc,gnomemalestandard,game greeting set of primary display,cmangos,2026-09-28
1269,Razzle Sprysprocket,gnomemalezanynpc,gnomemalezany,game greeting set of primary display,cmangos,2026-09-28
1273,Grawn Thromwyn,dwarfmalestandardnpc,dwarfmalestandard,game greeting set of primary display,cmangos,2026-09-28
1274,Senator Barin Redstone,dwarfmalestandardnpc,dwarfmalestandard,game greeting set of primary display,cmangos,2026-09-28
1275,Kyra Boucher,humanfemaleofficialnpc,humanfemaleofficial,game greeting set of primary display,forever-cache,2026-09-28
1276,Mountaineer Brokk,dwarfmaleguardnpc,dwarfmaleguard,game greeting set of primary display,cmangos,2026-09-28
1277,Mountaineer Ganin,dwarfmaleguardnpc,dwarfmaleguard,game greeting set of primary display,cmangos,2026-09-28
1278,Mountaineer Stenn,dwarfmaleguardnpc,dwarfmaleguard,game greeting set of primary display,cmangos,2026-09-28
1279,Mountaineer Flint,dwarfmaleguardnpc,dwarfmaleguard,game greeting set of primary display,cmangos,2026-09-28
1280,Mountaineer Droken,dwarfmaleguardnpc,dwarfmaleguard,game greeting set of primary display,cmangos,2026-09-28
1281,Mountaineer Zaren,dwarffemaleguardnpc,dwarffemaleguard,game greeting set of primary display,cmangos,2026-09-28
1282,Mountaineer Veek,dwarfmaleguardnpc,dwarfmaleguard,game greeting set of primary display,cmangos,2026-09-28
1283,Mountaineer Kalmir,dwarffemaleguardnpc,dwarffemaleguard,game greeting set of primary display,cmangos,2026-09-28
1284,Archbishop Benedictus,archbishopbenedictus,archbishopbenedictus,game greeting set of primary display,cmangos,2026-09-28
1285,Thurman Mullby,humanmaleofficialnpc,humanmaleofficial,game greeting set of primary display,forever-cache,2026-09-28
1286,Edna Mullby,humanfemaleofficialnpc,humanfemaleofficial,game greeting set of primary display,forever-cache,2026-09-28
1287,Marda Weller,humanfemalestandardnpc,humanfemalestandard,game greeting set of primary display,forever-cache,2026-09-28
1289,Gunther Weller,humanmalewarriornpc,humanmalewarrior,game greeting set of primary display,forever-cache,2026-09-28
1291,Carla Granger,humanfemalestandardnpc,humanfemalestandard,game greeting set of primary display,forever-cache,2026-09-28
1292,Maris Granger,humanfemalewarriornpc,humanfemalewarrior,game greeting set of primary display,forever-cache,2026-09-28
1294,Aldric Moore,humanmaleofficialnpc,humanmaleofficial,game greeting set of primary display,forever-cache,2026-09-28
1295,Lara Moore,humanfemalestandardnpc,humanfemalestandard,game greeting set of primary display,forever-cache,2026-09-28
1296,Felder Stover,humanmalestandardnpc,humanmalestandard,game greeting set of primary display,cmangos,2026-09-28
1297,Lina Stover,humanfemalestandardnpc,humanfemalestandard,game greeting set of primary display,forever-cache,2026-09-28
1298,Frederick Stover,humanmalewarriornpc,humanmalewarrior,game greeting set of primary display,forever-cache,2026-09-28
1299,Lisbeth Schneider,humanfemaleofficialnpc,humanfemaleofficial,game greeting set of primary display,forever-cache,2026-09-28
1300,Lawrence Schneider,humanmalestandardnpc,humanmalestandard,game greeting set of primary display,cmangos,2026-09-28
1301,Julia Gallina,humanfemalestandardnpc,humanfemalestandard,game greeting set of primary display,forever-cache,2026-09-28
1302,Bernard Gump,humanmaleofficialnpc,humanmaleofficial,game greeting set of primary display,forever-cache,2026-09-28
1303,Felicia Gump,humanfemaleofficialnpc,humanfemaleofficial,game greeting set of primary display,forever-cache,2026-09-28
1304,Darian Singh,humanmalestandardnpc,humanmalestandard,game greeting set of primary display,cmangos,2026-09-28
1305,Jarel Moor,humanmalewarriornpc,humanmalewarrior,game greeting set of primary display,cmangos,2026-09-28
1307,Charys Yserian,humanfemaleofficialnpc,humanfemaleofficial,game greeting set of primary display,cmangos,2026-09-28
1308,Owen Vaughn,humanmalestandardnpc,humanmalestandard,game greeting set of primary display,cmangos,2026-09-28
1309,Wynne Larson,humanfemaleofficialnpc,humanfemaleofficial,game greeting set of primary display,cmangos,2026-09-28
1310,Evan Larson,humanmaleofficialnpc,humanmaleofficial,game greeting set of primary display,cmangos,2026-09-28
1311,Joachim Brenlow,humanmalestandardnpc,humanmalestandard,game greeting set of primary display,cmangos,2026-09-28
1312,Ardwyn Cailen,humanfemaleofficialnpc,humanfemaleofficial,game greeting set of primary display,cmangos,2026-09-28
1313,Maria Lumere,humanfemaleofficialnpc,humanfemaleofficial,game greeting set of primary display,cmangos,2026-09-28
1314,Duncan Cullen,humanmalewarriornpc,humanmalewarrior,game greeting set of primary display,cmangos,2026-09-28
1315,Allan Hafgan,humanmalestandardnpc,humanmalestandard,game greeting set of primary display,cmangos,2026-09-28
1316,Adair Gilroy,humanmaleofficialnpc,humanmaleofficial,game greeting set of primary display,cmangos,2026-09-28
1317,Lucan Cordell,humanmalestandardnpc,humanmalestandard,game greeting set of primary display,cmangos,2026-09-28
1318,Jessara Cordell,humanfemalestandardnpc,humanfemalestandard,game greeting set of primary display,cmangos,2026-09-28
1319,Bryan Cross,humanmalewarriornpc,humanmalewarrior,game greeting set of primary display,forever-cache,2026-09-28
1320,Seoman Griffith,humanmalestandardnpc,humanmalestandard,game greeting set of primary display,forever-cache,2026-09-28
1321,Alyssa Griffith,humanfemaleofficialnpc,humanfemaleofficial,game greeting set of primary display,forever-cache,2026-09-28
1322,Maxton Strang,humanmalestandardnpc,humanmalestandard,game greeting set of primary display,cmangos,2026-09-28
1323,Osric Strang,humanmalewarriornpc,humanmalewarrior,game greeting set of primary display,forever-cache,2026-09-28
1324,Heinrich Stone,humanmalestandardnpc,humanmalestandard,game greeting set of primary display,forever-cache,2026-09-28
1325,Jasper Fel,humanmalewarriornpc,humanmalewarrior,game greeting set of primary display,forever-cache,2026-09-28
1326,Sloan McCoy,humanfemalewarriornpc,humanfemalewarrior,game greeting set of primary display,forever-cache,2026-09-28
1327,Reese Langston,humanmaleofficialnpc,humanmaleofficial,game greeting set of primary display,forever-cache,2026-09-28
1328,Elly Langston,humanfemalewarriornpc,humanfemalewarrior,game greeting set of primary display,forever-cache,2026-09-28
1329,Mountaineer Naarh,dwarfmaleguardnpc,dwarfmaleguard,game greeting set of primary display,cmangos,2026-09-28
1330,Mountaineer Tyraw,dwarfmaleguardnpc,dwarfmaleguard,game greeting set of primary display,cmangos,2026-09-28
1331,Mountaineer Luxst,dwarfmaleguardnpc,dwarfmaleguard,game greeting set of primary display,cmangos,2026-09-28
1332,Mountaineer Morran,dwarffemaleguardnpc,dwarffemaleguard,game greeting set of primary display,cmangos,2026-09-28
1333,Gerik Koen,humanmaleofficialnpc,humanmaleofficial,game greeting set of primary display,forever-cache,2026-09-28
1334,Mountaineer Hammerfall,dwarfmaleguardnpc,dwarfmaleguard,game greeting set of primary display,cmangos,2026-09-28
1335,Mountaineer Yuttha,dwarffemaleguardnpc,dwarffemaleguard,game greeting set of primary display,cmangos,2026-09-28
1336,Mountaineer Zwarn,dwarfmaleguardnpc,dwarfmaleguard,game greeting set of primary display,cmangos,2026-09-28
1337,Mountaineer Gwarth,dwarffemaleguardnpc,dwarffemaleguard,game greeting set of primary display,cmangos,2026-09-28
1338,Mountaineer Dalk,dwarfmaleguardnpc,dwarfmaleguard,game greeting set of primary display,cmangos,2026-09-28
1339,Mayda Thane,humanfemaleofficialnpc,humanfemaleofficial,game greeting set of primary display,forever-cache,2026-09-28
1340,Mountaineer Kadrell,dwarfmaleguardnpc,dwarfmaleguard,game greeting set of primary display,cmangos,2026-09-28
1341,Wilhelm Strang,humanmaleofficialnpc,humanmaleofficial,game greeting set of primary display,forever-cache,2026-09-28
1342,Mountaineer Rockgar,dwarfmaleguardnpc,dwarfmaleguard,game greeting set of primary display,cmangos,2026-09-28
1343,Mountaineer Stormpike,dwarfmalegrimnpc,dwarfmalegrim,game greeting set of primary display,cmangos,2026-09-28
1344,Prospector Ironband,dwarfmalegrimnpc,dwarfmalegrim,game greeting set of primary display,cmangos,2026-09-28
1345,Magmar Fellhew,dwarfmaleguardnpc,dwarfmaleguard,game greeting set of primary display,cmangos,2026-09-28
1346,Georgio Bolero,humanmaleofficialnpc,humanmaleofficial,game greeting set of primary display,cmangos,2026-09-28
1347,Alexandra Bolero,humanfemalestandardnpc,humanfemalestandard,game greeting set of primary display,cmangos,2026-09-28
1348,Gregory Ardus,humanmalestandardnpc,humanmalestandard,game greeting set of primary display,cmangos,2026-09-28
1349,Agustus Moulaine,humanmalestandardnpc,humanmalestandard,game greeting set of primary display,cmangos,2026-09-28
1350,Theresa Moulaine,humanfemaleofficialnpc,humanfemaleofficial,game greeting set of primary display,cmangos,2026-09-28
1351,Brother Cassius,humanmaleofficialnpc,humanmaleofficial,game greeting set of primary display,cmangos,2026-09-28
1355,Cook Ghilm,dwarfmaleguardnpc,dwarfmaleguard,game greeting set of primary display,cmangos,2026-09-28
1356,Prospector Stormpike,dwarfmaleguardnpc,dwarfmaleguard,game greeting set of primary display,cmangos,2026-09-28
1358,Miner Grothor,dwarfmalegrimnpc,dwarfmalegrim,game greeting set of primary display,cmangos,2026-09-28
1360,Miner Grumnal,dwarfmaleguardnpc,dwarfmaleguard,game greeting set of primary display,cmangos,2026-09-28
1362,Gothor Brumn,dwarfmalegrimnpc,dwarfmalegrim,game greeting set of primary display,cmangos,2026-09-28
1365,Goli Krumn,dwarfmalegrimnpc,dwarfmalegrim,game greeting set of primary display,cmangos,2026-09-28
1373,Jarven Thunderbrew,dwarfmalestandardnpc,dwarfmalestandard,game greeting set of primary display,cmangos,2026-09-28
1374,Rejold Barleybrew,dwarfmalegrimnpc,dwarfmalegrim,game greeting set of primary display,cmangos,2026-09-28
1375,Marleth Barleybrew,dwarffemalematernalnpc,dwarffemalematernal,game greeting set of primary display,cmangos,2026-09-28
1376,Beldin Steelgrill,dwarfmalegrimnpc,dwarfmalegrim,game greeting set of primary display,cmangos,2026-09-28
1377,Pilot Stonegear,dwarfmalegrimnpc,dwarfmalegrim,game greeting set of primary display,cmangos,2026-09-28
1378,Pilot Bellowfiz,dwarfmaleguardnpc,dwarfmaleguard,game greeting set of primary display,cmangos,2026-09-28
1379,Miran,dwarfmaleguardnpc,dwarfmaleguard,game greeting set of primary display,cmangos,2026-09-28
1381,Krakk,orcmaleshadynpc,orcmaleshady,game greeting set of primary display,cmangos,2026-09-28
1382,Mudduk,orcmalestandardnpc,orcmalestandard,game greeting set of primary display,cmangos,2026-09-28
1383,Snarl,orcmaleshadynpc,orcmaleshady,game greeting set of primary display,cmangos,2026-09-28
1385,Brawn,orcmalestandardnpc,orcmalestandard,game greeting set of primary display,cmangos,2026-09-28
1386,Rogvar,orcmalestandardnpc,orcmalestandard,game greeting set of primary display,cmangos,2026-09-28
1387,Thysta,orcfemalestandardnpc,orcfemalestandard,game greeting set of primary display,cmangos,2026-09-28
1395,Ol' Beasley,humanmalestandardnpc,humanmalestandard,game greeting set of primary display,forever-cache,2026-09-28
1402,Topper McNabb,humanmalestandardnpc,humanmalestandard,game greeting set of primary display,forever-cache,2026-09-28
1403,Mogwah,orcmaleguardnpc,orcmaleguard,game greeting set of primary display,cmangos,2026-09-28
1404,Kragg,orcmaleguardnpc,orcmaleguard,game greeting set of primary display,cmangos,2026-09-28
1405,Morris Lawry,humanmalestandardnpc,humanmalestandard,game greeting set of primary display,cmangos,2026-09-28
1406,Ghok,orcmalestandardnpc,orcmalestandard,game greeting set of primary display,cmangos,2026-09-28
1407,Sranda,orcfemalewarriornpc,orcfemalewarrior,game greeting set of primary display,cmangos,2026-09-28
1408,Thragg,orcmaleshadynpc,orcmaleshady,game greeting set of primary display,cmangos,2026-09-28
1409,Moorah Stormhoof,taurenfemaleshamannpc,taurenfemaleshaman,game greeting set of primary display,cmangos,2026-09-28
1410,Loranna Dawnfyre UNUSED (Reuse me),humanfemalewarriornpc,humanfemalewarrior,silent in game -> crc32(entry) mod race/sex pool,cmangos,2026-09-28
1411,Ian Strom,humanmalewarriornpc,humanmalewarrior,game greeting set of primary display,cmangos,2026-09-28
1413,Janey Anship,humanfemalewarriornpc,humanfemalewarrior,game greeting set of primary display,forever-cache,2026-09-28
1414,Lisan Pierce,humanfemalestandardnpc,humanfemalestandard,game greeting set of primary display,cmangos,2026-09-28
1415,Suzanne,humanfemaleofficialnpc,humanfemaleofficial,game greeting set of primary display,cmangos,2026-09-28
1416,Grimand Elmore,dwarfmaleguardnpc,dwarfmaleguard,game greeting set of primary display,forever-cache,2026-09-28
1422,Corporal Sethman,humanmalewarriornpc,humanmalewarrior,game greeting set of primary display,cmangos,2026-09-28
1423,Stormwind Guard,humanmaleofficialnpc,humanmaleofficial,game greeting set of primary display,forever-cache,2026-09-28
1427,Harlan Bagley,humanmalestandardnpc,humanmalestandard,game greeting set of primary display,forever-cache,2026-09-28
1428,Rema Schneider,humanfemalestandardnpc,humanfemalestandard,game greeting set of primary display,forever-cache,2026-09-28
1429,Thurman Schneider,creature_child_m,creature:human_m,"non-character model -> MelloUI race key (or model name); pool human_m -> humanmalewarrior; re-mapped 2026-09-28 from humanmalewarriornpc (npc table, rule 4)",cmangos,2026-09-28
1430,Tomas,humanmalestandardnpc,humanmalestandard,game greeting set of primary display,forever-cache,2026-09-28
1431,Suzetta Gallina,humanfemaleofficialnpc,humanfemaleofficial,game greeting set of primary display,forever-cache,2026-09-28
1432,Renato Gallina,humanmalestandardnpc,humanmalestandard,game greeting set of primary display,forever-cache,2026-09-28
1435,Zardeth of the Black Claw,humanmalewarriornpc,humanmalewarrior,game greeting set of primary display,cmangos,2026-09-28
1437,Thomas Booker,humanmalestandardnpc,humanmalestandard,game greeting set of primary display,cmangos,2026-09-28
1439,Lord Baurles K. Wishock,humanmaleofficialnpc,humanmaleofficial,game greeting set of primary display,forever-cache,2026-09-28
1440,Milton Sheaf,humanmalestandardnpc,humanmalestandard,game greeting set of primary display,cmangos,2026-09-28
1441,Brak Durnad,dwarfmalegrimnpc,dwarfmalegrim,game greeting set of primary display,cmangos,2026-09-28
1442,Helgrum the Swift,orcmalestandardnpc,orcmalestandard,game greeting set of primary display,cmangos,2026-09-28
1443,Fel'zerul,orcmaleshadynpc,orcmaleshady,game greeting set of primary display,cmangos,2026-09-28
1444,Brother Kristoff,humanmaleofficialnpc,humanmaleofficial,game greeting set of primary display,cmangos,2026-09-28
1448,Neal Allen,humanmalestandardnpc,humanmalestandard,game greeting set of primary display,cmangos,2026-09-28
1449,Witch Doctor Unbagwa,trollmaleshamannpc,trollmaleshaman,game greeting set of primary display,cmangos,2026-09-28
1450,Brahnmar,dwarfmaleguardnpc,dwarfmaleguard,game greeting set of primary display,cmangos,2026-09-28
1451,Camerick Jongleur,humanmaleofficialnpc,humanmaleofficial,game greeting set of primary display,cmangos,2026-09-28
1452,Gruham Rumdnul,dwarfmaleguardnpc,dwarfmaleguard,game greeting set of primary display,cmangos,2026-09-28
1453,Dewin Shimmerdawn,nightelfmaleofficialnpc,nightelfmaleofficial,game greeting set of primary display,cmangos,2026-09-28
1454,Jennabink Powerseam,gnomefemalehappynpc,gnomefemalehappy,game greeting set of primary display,cmangos,2026-09-28
1456,Kersok Prond,dwarfmalegrimnpc,dwarfmalegrim,game greeting set of primary display,cmangos,2026-09-28
1457,Samor Festivus,humanmalewarriornpc,humanmalewarrior,game greeting set of primary display,cmangos,2026-09-28
1458,Telurinon Moonshadow,nightelfmalestandardnpc,nightelfmalestandard,game greeting set of primary display,cmangos,2026-09-28
1459,Naela Trance,humanfemaleofficialnpc,humanfemaleofficial,game greeting set of primary display,cmangos,2026-09-28
1460,Unger Statforth,humanmaleofficialnpc,humanmaleofficial,game greeting set of primary display,cmangos,2026-09-28
1461,Murndan Derth,dwarfmalestandardnpc,dwarfmalestandard,game greeting set of primary display,cmangos,2026-09-28
1462,Edwina Monzor,humanfemalewarriornpc,humanfemalewarrior,game greeting set of primary display,cmangos,2026-09-28
1463,Falkan Armonis,humanmalestandardnpc,humanmalestandard,game greeting set of primary display,cmangos,2026-09-28
1464,Innkeeper Helbrek,dwarfmalestandardnpc,dwarfmalestandard,game greeting set of primary display,cmangos,2026-09-28
1465,Drac Roughcut,dwarfmalegrimnpc,dwarfmalegrim,game greeting set of primary display,cmangos,2026-09-28
1466,Gretta Finespindle,gnomefemalestandardnpc,gnomefemalestandard,game greeting set of primary display,cmangos,2026-09-28
1469,Vrok Blunderblast,dwarfmalegrimnpc,dwarfmalegrim,game greeting set of primary display,cmangos,2026-09-28
1470,Ghak Healtouch,dwarfmalegrimnpc,dwarfmalegrim,game greeting set of primary display,cmangos,2026-09-28
1471,Jannos Ironwill,dwarfmaleguardnpc,dwarfmaleguard,game greeting set of primary display,cmangos,2026-09-28
1472,Morgg Stormshot,dwarfmalestandardnpc,dwarfmalestandard,game greeting set of primary display,forever-cache,2026-09-28
1473,Kali Healtouch,dwarffemalematernalnpc,dwarffemalematernal,game greeting set of primary display,cmangos,2026-09-28
1474,Rann Flamespinner,dwarfmaleguardnpc,dwarfmaleguard,game greeting set of primary display,cmangos,2026-09-28
1475,Menethil Guard,humanmaleofficialnpc,creature:human_m,non-character model -> MelloUI race key (or model name); pool human_m -> humanmaleofficial,cmangos,2026-09-28
1476,Hargin Mundar,dwarfmaleguardnpc,dwarfmaleguard,game greeting set of primary display,cmangos,2026-09-28
1477,Christoph Faral,humanmaleofficialnpc,humanmaleofficial,game greeting set of primary display,forever-cache,2026-09-28
1478,Aedis Brom,dwarfmaleguardnpc,dwarfmaleguard,game greeting set of primary display,forever-cache,2026-09-28
1479,Timothy Clark,humanmalestandardnpc,humanmalestandard,game greeting set of primary display,cmangos,2026-09-28
1480,Caitlin Grassman,humanfemalestandardnpc,humanfemalestandard,game greeting set of primary display,cmangos,2026-09-28
1481,Bart Tidewater,humanmalewarriornpc,humanmalewarrior,game greeting set of primary display,cmangos,2026-09-28
1482,Andrea Halloran,humanfemalestandardnpc,humanfemalestandard,game greeting set of primary display,cmangos,2026-09-28
1483,Murphy West,humanmalestandardnpc,humanmalestandard,game greeting set of primary display,cmangos,2026-09-28
1484,Derina Rumdnul,dwarffemaleyoungnpc,dwarffemaleyoung,game greeting set of primary display,cmangos,2026-09-28
1495,Deathguard Linnea,undeadfemalewarriornpc,undeadfemalewarrior,game greeting set of primary display,forever-cache,2026-09-28
1496,Deathguard Dillinger,undeadmalewarriornpc,undeadmalewarrior,game greeting set of primary display,forever-cache,2026-09-28
1497,Gunther Arcanus,undeadmaledarknpc,undeadmaledark,game greeting set of primary display,cmangos,2026-09-28
1498,Bethor Iceshard,undeadmaledarknpc,undeadmaledark,game greeting set of primary display,cmangos,2026-09-28
1499,Magistrate Sevren,undeadmaledarknpc,undeadmaledark,game greeting set of primary display,forever-cache,2026-09-28
1500,Coleman Farthing,undeadmaledarknpc,undeadmaledark,game greeting set of primary display,forever-cache,2026-09-28
1515,Executor Zygand,undeadmalewarriornpc,undeadmalewarrior,game greeting set of primary display,forever-cache,2026-09-28
1518,Apothecary Johaan,undeadmaledarknpc,undeadmaledark,game greeting set of primary display,forever-cache,2026-09-28
1519,Deathguard Simmer,undeadmalewarriornpc,undeadmalewarrior,game greeting set of primary display,forever-cache,2026-09-28
1521,Gretchen Dedmar,undeadfemalestandardnpc,undeadfemalestandard,game greeting set of primary display,forever-cache,2026-09-28
1560,Yvette Farthing,undeadfemalestandardnpc,undeadfemalestandard,game greeting set of primary display,forever-cache,2026-09-28
1568,Undertaker Mordo,undeadmalestandardnpc,undeadmalestandard,game greeting set of primary display,forever-cache,2026-09-28
1569,Shadow Priest Sarvis,undeadmaledarknpc,undeadmaledark,game greeting set of primary display,forever-cache,2026-09-28
1570,Executor Arren,undeadmalewarriornpc,undeadmalewarrior,game greeting set of primary display,forever-cache,2026-09-28
1571,Shellei Brondir,humanfemalewarriornpc,humanfemalewarrior,game greeting set of primary display,cmangos,2026-09-28
1572,Thorgrum Borrelson,dwarfmalegrimnpc,dwarfmalegrim,game greeting set of primary display,cmangos,2026-09-28
1573,Gryth Thurden,dwarfmaleguardnpc,dwarfmaleguard,game greeting set of primary display,cmangos,2026-09-28
1632,Adele Fielder,humanfemalestandardnpc,humanfemalestandard,game greeting set of primary display,cmangos,2026-09-28
1645,Quartermaster Hicks,humanmalewarriornpc,humanmalewarrior,game greeting set of primary display,forever-cache,2026-09-28
1646,Baros Alexston,humanmalestandardnpc,humanmalestandard,game greeting set of primary display,cmangos,2026-09-28
1650,Terry Palin,humanmalestandardnpc,humanmalestandard,game greeting set of primary display,cmangos,2026-09-28
1651,Lee Brown,humanmalestandardnpc,humanmalestandard,game greeting set of primary display,cmangos,2026-09-28
1652,Deathguard Burgess,undeadmalewarriornpc,undeadmalewarrior,game greeting set of primary display,forever-cache,2026-09-28
1661,Novice Elreth,undeadfemalestandardnpc,undeadfemalestandard,game greeting set of primary display,forever-cache,2026-09-28
1668,William MacGregor,humanmalewarriornpc,humanmalewarrior,game greeting set of primary display,forever-cache,2026-09-28
1669,Defias Profiteer,humanmalewarriornpc,humanmalewarrior,game greeting set of primary display,forever-cache,2026-09-28
1670,Mike Miller,humanmaleofficialnpc,humanmaleofficial,game greeting set of primary display,forever-cache,2026-09-28
1671,Lamar Veisilli,humanmalestandardnpc,humanmalestandard,game greeting set of primary display,cmangos,2026-09-28
1672,Lohgan Eva,creature_child_m,creature:human_m,"non-character model -> MelloUI race key (or model name); pool human_m -> humanmalestandard; re-mapped 2026-09-28 from humanmalestandardnpc (npc table, rule 4)",cmangos,2026-09-28
1673,Alyssa Eva,creature_child_f,creature:human_f,"non-character model -> MelloUI race key (or model name); pool human_f -> humanfemalestandard; re-mapped 2026-09-28 from humanfemalestandardnpc (npc table, rule 4)",cmangos,2026-09-28
1676,Finbus Geargrind,gnomemalezanynpc,gnomemalezany,game greeting set of primary display,cmangos,2026-09-28
1678,Vernon Hale,humanmalestandardnpc,humanmalestandard,game greeting set of primary display,cmangos,2026-09-28
1679,Avarus Kharag,dwarfmalegrimnpc,dwarfmalegrim,game greeting set of primary display,cmangos,2026-09-28
1680,Matthew Hooper,humanmalestandardnpc,humanmalestandard,game greeting set of primary display,cmangos,2026-09-28
1681,Brock Stoneseeker,dwarfmalestandardnpc,dwarfmalestandard,game greeting set of primary display,cmangos,2026-09-28
1682,Yanni Stoutheart,dwarffemaleguardnpc,dwarffemaleguard,game greeting set of primary display,cmangos,2026-09-28
1683,Warg Deepwater,dwarfmalestandardnpc,dwarfmalestandard,game greeting set of primary display,cmangos,2026-09-28
1684,Khara Deepwater,dwarffemaleguardnpc,dwarffemaleguard,game greeting set of primary display,cmangos,2026-09-28
1685,Xandar Goodbeard,dwarfmaleguardnpc,dwarfmaleguard,game greeting set of primary display,cmangos,2026-09-28
1686,Irene Sureshot,dwarffemaleyoungnpc,dwarffemaleyoung,game greeting set of primary display,cmangos,2026-09-28
1687,Cliff Hadin,humanmalestandardnpc,humanmalestandard,game greeting set of primary display,cmangos,2026-09-28
1690,Thrawn Boltar,dwarfmaleguardnpc,dwarfmaleguard,game greeting set of primary display,cmangos,2026-09-28
1691,Kreg Bilmn,dwarfmalestandardnpc,dwarfmalestandard,game greeting set of primary display,cmangos,2026-09-28
1692,Golorn Frostbeard,dwarfmalegrimnpc,dwarfmalegrim,game greeting set of primary display,cmangos,2026-09-28
1694,Loslor Rudge,dwarfmalestandardnpc,dwarfmalestandard,game greeting set of primary display,cmangos,2026-09-28
1695,Rendow,nightelffemalesentinelnpc,nightelffemalesentinel,game greeting set of primary display,cmangos,2026-09-28
1697,Keeg Gibn,dwarfmaleguardnpc,dwarfmaleguard,game greeting set of primary display,cmangos,2026-09-28
1698,Frast Dokner,dwarfmaleguardnpc,dwarfmaleguard,game greeting set of primary display,cmangos,2026-09-28
1699,Gremlock Pilsnor,dwarfmalestandardnpc,dwarfmalestandard,game greeting set of primary display,cmangos,2026-09-28
1700,Paxton Ganter,dwarfmaleguardnpc,dwarfmaleguard,game greeting set of primary display,cmangos,2026-09-28
1701,Dank Drizzlecut,dwarfmalegrimnpc,dwarfmalegrim,game greeting set of primary display,cmangos,2026-09-28
1702,Bronk Guzzlegear,dwarfmalestandardnpc,dwarfmalestandard,game greeting set of primary display,cmangos,2026-09-28
1703,Uthrar Threx,dwarfmalestandardnpc,dwarfmalestandard,game greeting set of primary display,cmangos,2026-09-28
1719,Warden Thelwater,humanmaleofficialnpc,humanmaleofficial,game greeting set of primary display,cmangos,2026-09-28
1721,Nikova Raskol,humanfemalewarriornpc,humanfemalewarrior,game greeting set of primary display,forever-cache,2026-09-28
1733,Zggi,creature_imp,creature:imp_m,non-character model -> MelloUI race key (or model name); creature family,cmangos,2026-09-28
1735,Deathguard Abraham,undeadmalewarriornpc,undeadmalewarrior,game greeting set of primary display,forever-cache,2026-09-28
1738,Deathguard Terrence,undeadmalewarriornpc,undeadmalewarrior,game greeting set of primary display,forever-cache,2026-09-28
1740,Deathguard Saltain,undeadmalewarriornpc,undeadmalewarrior,game greeting set of primary display,forever-cache,2026-09-28
1742,Deathguard Bartholomew,undeadmalewarriornpc,undeadmalewarrior,game greeting set of primary display,forever-cache,2026-09-28
1743,Deathguard Lawrence,undeadmalewarriornpc,undeadmalewarrior,game greeting set of primary display,forever-cache,2026-09-28
1744,Deathguard Mort,undeadmalewarriornpc,undeadmalewarrior,game greeting set of primary display,forever-cache,2026-09-28
1745,Deathguard Morris,undeadmalewarriornpc,undeadmalewarrior,game greeting set of primary display,forever-cache,2026-09-28
1746,Deathguard Cyrus,undeadmalewarriornpc,undeadmalewarrior,game greeting set of primary display,forever-cache,2026-09-28
1747,Anduin Wrynn,kinganduinwrynn,kinganduinwrynn,game greeting set of primary display,cmangos,2026-09-28
1748,Highlord Bolvar Fordragon,humanmaleofficialnpc,humanmaleofficial,game greeting set of primary display,cmangos,2026-09-28
1749,Lady Katrana Prestor,humanfemaleofficialnpc,humanfemaleofficial,game greeting set of primary display,cmangos,2026-09-28
1775,Zun'dartha,orcmaleguardnpc,orcmaleguard,game greeting set of primary display,cmangos,2026-09-28
1776,Magtoor,brokennpc1,creature:other_m,"non-character model -> MelloUI race key (or model name); creature: narrator; re-mapped 2026-09-28 from narrator_neutral (npc table, rule 3)",cmangos,2026-09-28
1777,Dakk Blunderblast,dwarfmalestandardnpc,dwarfmalestandard,game greeting set of primary display,cmangos,2026-09-28
1842,Highlord Taelan Fordring,humanmalestandardnpc,humanmalestandard,silent in game -> crc32(entry) mod race/sex pool,cmangos,2026-09-28
1854,High Priest Thel'danis,nightelfmaleofficialnpc,nightelfmaleofficial,game greeting set of primary display,cmangos,2026-09-28
1855,Tirion Fordring,retail_tirionfordring,humanmaleofficial,"silent in game -> crc32(entry) mod race/sex pool; re-mapped 2026-09-28 from humanmaleofficialnpc (npc table, rule 1)",cmangos,2026-09-28
1872,Tharek Blackstone,dwarfmalegrimnpc,dwarfmalegrim,game greeting set of primary display,cmangos,2026-09-28
1901,Kelstrum Stonebreaker,dwarfmalegrimnpc,dwarfmalegrim,game greeting set of primary display,cmangos,2026-09-28
1931,Captured Scarlet Zealot,humanmalestandardnpc,humanmalestandard,silent in game -> crc32(entry) mod race/sex pool,forever-cache,2026-09-28
1937,Apothecary Renferrel,undeadmaledarknpc,undeadmaledark,game greeting set of primary display,cmangos,2026-09-28
1938,Dalar Dawnweaver,undeadmaledarknpc,undeadmaledark,game greeting set of primary display,forever-cache,2026-09-28
1949,Servant of Azora,gnomemalestandardnpc,gnomemalestandard,game greeting set of primary display,cmangos,2026-09-28
1950,Rane Yorick,undeadfemalewarriornpc,undeadfemalewarrior,game greeting set of primary display,cmangos,2026-09-28
1951,Quinn Yorick,undeadmalewarriornpc,undeadmalewarrior,game greeting set of primary display,cmangos,2026-09-28
1952,High Executor Hadrec,undeadmalewarriornpc,undeadmalewarrior,game greeting set of primary display,cmangos,2026-09-28
1959,Mountaineer Barleybrew,dwarfmalegrimnpc,dwarfmalegrim,game greeting set of primary display,cmangos,2026-09-28
1960,Pilot Hammerfoot,dwarfmalegrimnpc,dwarfmalegrim,game greeting set of primary display,cmangos,2026-09-28
1963,Vidra Hearthstove,dwarffemaleguardnpc,dwarffemaleguard,game greeting set of primary display,cmangos,2026-09-28
1965,Mountaineer Thalos,dwarfmaleguardnpc,dwarfmaleguard,game greeting set of primary display,cmangos,2026-09-28
1976,Stormwind City Patroller,humanmaleofficialnpc,humanmaleofficial,game greeting set of primary display,forever-cache,2026-09-28
1977,Senator Mehr Stonehallow,dwarfmalestandardnpc,dwarfmalestandard,game greeting set of primary display,cmangos,2026-09-28
1978,Deathstalker Erland,undeadmalewarriornpc,undeadmalewarrior,game greeting set of primary display,cmangos,2026-09-28
1992,Tarindrella,dryad,dryadwhat,game greeting set of primary display,cmangos,2026-09-28
2046,Andrew Krighton,humanmaleofficialnpc,humanmaleofficial,game greeting set of primary display,forever-cache,2026-09-28
2050,Raleigh Andrean,undeadmalewarriornpc,undeadmalewarrior,game greeting set of primary display,cmangos,2026-09-28
2055,Master Apothecary Faranell,undeadmalestandardnpc,undeadmalestandard,game greeting set of primary display,cmangos,2026-09-28
2057,Huldar,dwarfmalegrimnpc,dwarfmalegrim,game greeting set of primary display,cmangos,2026-09-28
2058,Deathstalker Faerleia,undeadfemalewarriornpc,undeadfemalewarrior,game greeting set of primary display,cmangos,2026-09-28
2077,Melithar Staghelm,nightelfmalewarriornpc,nightelfmalewarrior,game greeting set of primary display,cmangos,2026-09-28
2078,Athridas Bearmantle,nightelfmalewarriornpc,nightelfmalewarrior,game greeting set of primary display,cmangos,2026-09-28
2079,Conservator Ilthalaine,nightelfmaleofficialnpc,nightelfmaleofficial,game greeting set of primary display,cmangos,2026-09-28
2080,Denalan,nightelfmalestandardnpc,nightelfmalestandard,game greeting set of primary display,cmangos,2026-09-28
2081,Sentinel Kyra Starsong,nightelffemalesentinelnpc,nightelffemalesentinel,game greeting set of primary display,cmangos,2026-09-28
2082,Gilshalan Windwalker,nightelfmalewarriornpc,nightelfmalewarrior,game greeting set of primary display,cmangos,2026-09-28
2083,Syral Bladeleaf,nightelffemalepriestessnpc,nightelffemalepriestess,game greeting set of primary display,cmangos,2026-09-28
2084,Natheril Raincaller,nightelfmalestandardnpc,nightelfmalestandard,game greeting set of primary display,cmangos,2026-09-28
2086,Valstag Ironjaw,dwarfmaleguardnpc,dwarfmaleguard,game greeting set of primary display,cmangos,2026-09-28
2092,Pilot Longbeard,dwarfmaleguardnpc,dwarfmaleguard,game greeting set of primary display,cmangos,2026-09-28
2093,Einar Stonegrip,dwarfmalegrimnpc,dwarfmalegrim,game greeting set of primary display,cmangos,2026-09-28
2094,James Halloran,humanmaleofficialnpc,humanmaleofficial,game greeting set of primary display,cmangos,2026-09-28
2096,Tarrel Rockweaver,dwarfmalestandardnpc,dwarfmalestandard,game greeting set of primary display,cmangos,2026-09-28
2097,Harlo Barnaby,dwarfmalestandardnpc,dwarfmalestandard,silent in game -> crc32(entry) mod race/sex pool,cmangos,2026-09-28
2099,Maiden's Virtue Crewman,humanmalewarriornpc,humanmalewarrior,game greeting set of primary display,cmangos,2026-09-28
2104,Captain Stoutfist,dwarfmaleguardnpc,dwarfmaleguard,game greeting set of primary display,cmangos,2026-09-28
2105,Mountaineer Dokkin,dwarfmaleguardnpc,dwarfmaleguard,game greeting set of primary display,cmangos,2026-09-28
2107,Gaerolas Talvethren,nightelfmalewarriornpc,nightelfmalewarrior,silent in game -> crc32(entry) mod race/sex pool,cmangos,2026-09-28
2111,Sida,dwarffemalematernalnpc,dwarffemalematernal,game greeting set of primary display,cmangos,2026-09-28
2113,Archibald Kava,undeadmalestandardnpc,undeadmalestandard,game greeting set of primary display,forever-cache,2026-09-28
2114,Faruza,undeadfemalestandardnpc,undeadfemalestandard,game greeting set of primary display,forever-cache,2026-09-28
2115,Joshua Kien,undeadmalewarriornpc,undeadmalewarrior,game greeting set of primary display,forever-cache,2026-09-28
2116,Blacksmith Rand,undeadmalestandardnpc,undeadmalestandard,game greeting set of primary display,forever-cache,2026-09-28
2117,Harold Raims,undeadmalewarriornpc,undeadmalewarrior,game greeting set of primary display,forever-cache,2026-09-28
2118,Abigail Shiel,undeadfemalewarriornpc,undeadfemalewarrior,game greeting set of primary display,forever-cache,2026-09-28
2119,Dannal Stern,undeadmalewarriornpc,undeadmalewarrior,game greeting set of primary display,forever-cache,2026-09-28
2121,Shadow Priest Allister,undeadmalewarriornpc,undeadmalewarrior,game greeting set of primary display,cmangos,2026-09-28
2122,David Trias,undeadmaledarknpc,undeadmaledark,game greeting set of primary display,forever-cache,2026-09-28
2123,Dark Cleric Duesten,undeadmaledarknpc,undeadmaledark,game greeting set of primary display,forever-cache,2026-09-28
2124,Isabella,undeadfemalemagicnpc,undeadfemalemagic,game greeting set of primary display,forever-cache,2026-09-28
2126,Maximillion,undeadmaledarknpc,undeadmaledark,game greeting set of primary display,forever-cache,2026-09-28
2127,Rupert Boch,undeadmaledarknpc,undeadmaledark,game greeting set of primary display,forever-cache,2026-09-28
2128,Cain Firesong,undeadmalestandardnpc,undeadmalestandard,game greeting set of primary display,forever-cache,2026-09-28
2129,Dark Cleric Beryl,undeadmaledarknpc,undeadmaledark,game greeting set of primary display,forever-cache,2026-09-28
2130,Marion Call,undeadfemalewarriornpc,undeadfemalewarrior,game greeting set of primary display,forever-cache,2026-09-28
2131,Austil de Mon,undeadmalewarriornpc,undeadmalewarrior,game greeting set of primary display,forever-cache,2026-09-28
2132,Carolai Anise,undeadfemalemagicnpc,undeadfemalemagic,game greeting set of primary display,forever-cache,2026-09-28
2134,Mrs. Winters,undeadfemalestandardnpc,undeadfemalestandard,game greeting set of primary display,forever-cache,2026-09-28
2135,Abe Winters,undeadmalewarriornpc,undeadmalewarrior,game greeting set of primary display,forever-cache,2026-09-28
2136,Oliver Dwor,undeadmalestandardnpc,undeadmalestandard,game greeting set of primary display,forever-cache,2026-09-28
2137,Eliza Callen,undeadfemalestandardnpc,undeadfemalestandard,game greeting set of primary display,forever-cache,2026-09-28
2140,Edwin Harly,undeadmalestandardnpc,undeadmalestandard,game greeting set of primary display,cmangos,2026-09-28
2142,Watcher Callahan,humanmaleofficialnpc,humanmaleofficial,game greeting set of primary display,cmangos,2026-09-28
2150,Zenn Foulhoof,satyre,satyrewhat,game greeting set of primary display,cmangos,2026-09-28
2151,Moon Priestess Amara,nightelffemalepriestessnpc,nightelffemalepriestess,game greeting set of primary display,cmangos,2026-09-28
2153,Terl Arakor,humanmalestandardnpc,humanmalestandard,game greeting set of primary display,cmangos,2026-09-28
2155,Sentinel Shayla Nightbreeze,nightelffemalestandardnpc,nightelffemalestandard,silent in game -> crc32(entry) mod race/sex pool,cmangos,2026-09-28
2198,Crier Goodman,humanmalestandardnpc,humanmalestandard,game greeting set of primary display,forever-cache,2026-09-28
2209,Deathguard Gavin,undeadmalewarriornpc,undeadmalewarrior,game greeting set of primary display,forever-cache,2026-09-28
2210,Deathguard Royann,undeadfemalewarriornpc,undeadfemalewarrior,game greeting set of primary display,forever-cache,2026-09-28
2211,Captured Mountaineer,dwarfmalestandardnpc,dwarfmalestandard,silent in game -> crc32(entry) mod race/sex pool,forever-cache,2026-09-28
2214,Deathstalker Lesh,undeadfemalewarriornpc,undeadfemalewarrior,game greeting set of primary display,cmangos,2026-09-28
2215,High Executor Darthalia,undeadfemalewarriornpc,undeadfemalewarrior,game greeting set of primary display,cmangos,2026-09-28
2216,Apothecary Lydon,undeadmaledarknpc,undeadmaledark,game greeting set of primary display,cmangos,2026-09-28
2217,Undead Druid Trainer,undeadmalewarriornpc,creature:undead_n,non-character model -> MelloUI race key (or model name); pool undead_n -> undeadmalewarrior,cmangos,2026-09-28
2218,Undead Hunter Trainer,undeadmaledarknpc,creature:undead_n,non-character model -> MelloUI race key (or model name); pool undead_n -> undeadmaledark,cmangos,2026-09-28
2219,Undead Shaman Trainer,undeadmalestandardnpc,creature:undead_n,non-character model -> MelloUI race key (or model name); pool undead_n -> undeadmalestandard,cmangos,2026-09-28
2225,Zora Guthrek,orcfemalestandardnpc,orcfemalestandard,game greeting set of primary display,cmangos,2026-09-28
2226,Karos Razok,undeadmalestandardnpc,undeadmalestandard,game greeting set of primary display,cmangos,2026-09-28
2227,Sharlindra,undeadfemalemagicnpc,undeadfemalemagic,game greeting set of primary display,cmangos,2026-09-28
2228,Lieutenant Farren Orinelle,humanmalewarriornpc,humanmalewarrior,game greeting set of primary display,cmangos,2026-09-28
2229,Krusk,orcmaleguardnpc,orcmaleguard,game greeting set of primary display,cmangos,2026-09-28
2230,Umpi,narrator_neutral,emitter_dalaran_petstore_frog,game greeting set of primary display; creature: narrator,cmangos,2026-09-28
2238,Tog'thar,orcmaleshadynpc,orcmaleshady,game greeting set of primary display,cmangos,2026-09-28
2239,Drull,orcmaleguardnpc,orcmaleguard,game greeting set of primary display,cmangos,2026-09-28
2263,Marshal Redpath,humanmalewarriornpc,humanmalewarrior,game greeting set of primary display,cmangos,2026-09-28
2264,Hillsbrad Tailor,humanmalestandardnpc,humanmalestandard,game greeting set of primary display,cmangos,2026-09-28
2265,Hillsbrad Apprentice Blacksmith,humanmalestandardnpc,humanmalestandard,game greeting set of primary display,cmangos,2026-09-28
2274,Stanley,narrator_neutral,creature:other_n,non-character model -> MelloUI race key (or model name); creature: narrator,cmangos,2026-09-28
2276,Magistrate Henry Maleb,humanmaleofficialnpc,humanmaleofficial,game greeting set of primary display,cmangos,2026-09-28
2277,Loremaster Dibbs,humanmaleofficialnpc,humanmaleofficial,game greeting set of primary display,cmangos,2026-09-28
2278,Melisara,undeadfemalemagicnpc,undeadfemalemagic,game greeting set of primary display,cmangos,2026-09-28
2285,Count Remington Ridgewell,humanmalestandardnpc,humanmalestandard,game greeting set of primary display,cmangos,2026-09-28
2299,Borgus Stoutarm,dwarfmalestandardnpc,dwarfmalestandard,game greeting set of primary display,cmangos,2026-09-28
2302,Aethalas,nightelffemalesentinelnpc,nightelffemalesentinel,game greeting set of primary display,cmangos,2026-09-28
2303,Lyranne Feathersong,nightelffemalesentinelnpc,nightelffemalesentinel,game greeting set of primary display,cmangos,2026-09-28
2308,Andrew Brownell,undeadmaledarknpc,undeadmaledark,game greeting set of primary display,cmangos,2026-09-28
2316,Gol'dir,orcmalestandardnpc,orcmalestandard,game greeting set of primary display,cmangos,2026-09-28
2317,Elysa,humanfemalestandardnpc,humanfemalestandard,game greeting set of primary display,cmangos,2026-09-28
2326,Thamner Pol,dwarfmaleguardnpc,dwarfmaleguard,game greeting set of primary display,cmangos,2026-09-28
2327,Shaina Fuller,humanfemaleofficialnpc,humanfemaleofficial,game greeting set of primary display,cmangos,2026-09-28
2329,Michelle Belle,humanfemalestandardnpc,humanfemalestandard,game greeting set of primary display,forever-cache,2026-09-28
2330,Karlee Chaddis,humanfemalestandardnpc,humanfemalestandard,game greeting set of primary display,forever-cache,2026-09-28
2333,Henchman Valik,humanmalewarriornpc,humanmalewarrior,game greeting set of primary display,cmangos,2026-09-28
2352,Innkeeper Anderson,humanmalestandardnpc,humanmalestandard,game greeting set of primary display,cmangos,2026-09-28
2357,Merideth Carlson,humanfemalestandardnpc,humanfemalestandard,game greeting set of primary display,cmangos,2026-09-28
2361,Tamara Armstrong,humanfemalestandardnpc,humanfemalestandard,game greeting set of primary display,cmangos,2026-09-28
2362,Hemmit Armstrong,humanmalestandardnpc,humanmalestandard,game greeting set of primary display,cmangos,2026-09-28
2363,Apprentice Honeywell,humanfemalestandardnpc,humanfemalestandard,game greeting set of primary display,cmangos,2026-09-28
2364,Neema,humanfemalestandardnpc,humanfemalestandard,game greeting set of primary display,cmangos,2026-09-28
2365,Bront Coldcleave,humanmalewarriornpc,humanmalewarrior,game greeting set of primary display,cmangos,2026-09-28
2366,Barkeep Kelly,humanmalestandardnpc,humanmalestandard,game greeting set of primary display,cmangos,2026-09-28
2367,Donald Rabonne,humanmalestandardnpc,humanmalestandard,game greeting set of primary display,cmangos,2026-09-28
2378,Kundric Zanden,humanmalestandardnpc,humanmalestandard,game greeting set of primary display,cmangos,2026-09-28
2379,Caretaker Smithers,humanmalestandardnpc,humanmalestandard,game greeting set of primary display,cmangos,2026-09-28
2380,Nandar Branson,humanmalestandardnpc,humanmalestandard,game greeting set of primary display,cmangos,2026-09-28
2381,Micha Yance,humanmalestandardnpc,humanmalestandard,game greeting set of primary display,cmangos,2026-09-28
2382,Darren Malvew,humanmalestandardnpc,humanmalestandard,game greeting set of primary display,cmangos,2026-09-28
2383,Lindea Rabonne,humanfemalestandardnpc,humanfemalestandard,game greeting set of primary display,cmangos,2026-09-28
2388,Innkeeper Shay,undeadmalestandardnpc,undeadmalestandard,game greeting set of primary display,cmangos,2026-09-28
2389,Zarise,undeadfemalestandardnpc,undeadfemalestandard,game greeting set of primary display,cmangos,2026-09-28
2390,Aranae Venomblood,undeadfemalestandardnpc,undeadfemalestandard,game greeting set of primary display,cmangos,2026-09-28
2391,Serge Hinott,undeadmalestandardnpc,undeadmalestandard,game greeting set of primary display,cmangos,2026-09-28
2393,Christoph Jeffcoat,undeadmaledarknpc,undeadmaledark,game greeting set of primary display,cmangos,2026-09-28
2394,Mallen Swain,undeadmalestandardnpc,undeadmalestandard,game greeting set of primary display,cmangos,2026-09-28
2397,Derak Nightfall,undeadmalestandardnpc,undeadmalestandard,game greeting set of primary display,cmangos,2026-09-28
2399,Daryl Stack,undeadmalestandardnpc,undeadmalestandard,game greeting set of primary display,cmangos,2026-09-28
2401,Kayren Soothallow,undeadfemalestandardnpc,undeadfemalestandard,game greeting set of primary display,cmangos,2026-09-28
2404,Blacksmith Verringtan,humanmalestandardnpc,humanmalestandard,game greeting set of primary display,cmangos,2026-09-28
2405,Tarren Mill Deathguard,undeadmalewarriornpc,undeadmalewarrior,game greeting set of primary display,cmangos,2026-09-28
2409,Felicia Maline,humanfemalewarriornpc,humanfemalewarrior,game greeting set of primary display,cmangos,2026-09-28
2410,Magus Wordeen Voidglare,undeadmaledarknpc,undeadmaledark,game greeting set of primary display,cmangos,2026-09-28
2418,Deathguard Samsa,undeadmalewarriornpc,undeadmalewarrior,game greeting set of primary display,cmangos,2026-09-28
2419,Deathguard Humbert,undeadmalewarriornpc,undeadmalewarrior,game greeting set of primary display,cmangos,2026-09-28
2425,Varimathras,varimathras,varimathras,game greeting set of primary display,cmangos,2026-09-28
2429,Novice Thaivand,undeadmaledarknpc,undeadmaledark,game greeting set of primary display,cmangos,2026-09-28
2430,Chef Jessen,humanmalestandardnpc,humanmalestandard,game greeting set of primary display,cmangos,2026-09-28
2432,Darla Harris,humanfemaleofficialnpc,humanfemaleofficial,game greeting set of primary display,cmangos,2026-09-28
2433,Helcular's Remains,undeadmaledarknpc,undeadmaledark,silent in game -> crc32(entry) mod race/sex pool,cmangos,2026-09-28
2434,Shadowy Assassin,humanmaleofficialnpc,humanmaleofficial,silent in game -> crc32(entry) mod race/sex pool,cmangos,2026-09-28
2437,Keeper Bel'varil,undeadmalestandardnpc,undeadmalestandard,game greeting set of primary display,cmangos,2026-09-28
2438,Bartolo Ginsetti,humanmaleofficialnpc,humanmaleofficial,game greeting set of primary display,cmangos,2026-09-28
2439,Major Samuelson,humanmalestandardnpc,humanmalestandard,game greeting set of primary display,cmangos,2026-09-28
2455,Olivia Burnside,humanfemalestandardnpc,humanfemalestandard,game greeting set of primary display,forever-cache,2026-09-28
2456,Newton Burnside,humanmalestandardnpc,humanmalestandard,game greeting set of primary display,forever-cache,2026-09-28
2457,John Burnside,humanmaleofficialnpc,humanmaleofficial,game greeting set of primary display,forever-cache,2026-09-28
2458,Randolph Montague,undeadmalewarriornpc,undeadmalewarrior,game greeting set of primary display,cmangos,2026-09-28
2459,Mortimer Montague,undeadmaledarknpc,undeadmaledark,game greeting set of primary display,cmangos,2026-09-28
2460,Barnum Stonemantle,dwarfmalestandardnpc,dwarfmalestandard,game greeting set of primary display,cmangos,2026-09-28
2461,Bailey Stonemantle,dwarfmalegrimnpc,dwarfmalegrim,game greeting set of primary display,cmangos,2026-09-28
2464,Commander Aggro'gosh,orcmaleguardnpc,orcmaleguard,game greeting set of primary display,cmangos,2026-09-28
2465,Far Seer Mok'thardin,orcmaleshadynpc,orcmaleshady,game greeting set of primary display,cmangos,2026-09-28
2466,Mountaineer Grugelm,dwarfmaleguardnpc,dwarfmaleguard,game greeting set of primary display,cmangos,2026-09-28
2468,Mountaineer Thar,dwarfmaleguardnpc,dwarfmaleguard,game greeting set of primary display,cmangos,2026-09-28
2469,Mountaineer Rharen,dwarfmaleguardnpc,dwarfmaleguard,game greeting set of primary display,cmangos,2026-09-28
2477,Gradok,orcmaleguardnpc,orcmaleguard,game greeting set of primary display,cmangos,2026-09-28
2478,Haren Swifthoof,taurenmalewarriornpc,taurenmalewarrior,game greeting set of primary display,cmangos,2026-09-28
2480,Bro'kin,goblinmalezanynpc,goblinmalezany,game greeting set of primary display,cmangos,2026-09-28
2481,Bliztik,goblinmaleguardnpc,goblinmaleguard,game greeting set of primary display,cmangos,2026-09-28
2482,Zarena Cromwind,humanfemalewarriornpc,humanfemalewarrior,game greeting set of primary display,cmangos,2026-09-28
2483,Jaquilina Dramet,humanfemaleofficialnpc,humanfemaleofficial,game greeting set of primary display,cmangos,2026-09-28
2485,Larimaine Purdue,humanfemaleofficialnpc,humanfemaleofficial,game greeting set of primary display,cmangos,2026-09-28
2486,Fin Fizracket,goblinmalegruffnpc,goblinmalegruff,silent in game -> crc32(entry) mod race/sex pool,cmangos,2026-09-28
2487,Fleet Master Seahorn,taurenmalewarriornpc,taurenmalewarrior,game greeting set of primary display,cmangos,2026-09-28
2488,Deeg,dwarfmalegrimnpc,dwarfmalegrim,game greeting set of primary display,cmangos,2026-09-28
2489,Milstaff Stormeye,gnomemalestandardnpc,gnomemalestandard,game greeting set of primary display,cmangos,2026-09-28
2490,First Mate Crazz,goblinmalezanynpc,goblinmalezany,game greeting set of primary display,cmangos,2026-09-28
2491,Whiskey Slim,gnomemalezanynpc,gnomemalezany,game greeting set of primary display,cmangos,2026-09-28
2492,Lexington Mortaim,undeadmalewarriornpc,undeadmalewarrior,game greeting set of primary display,cmangos,2026-09-28
2493,Dizzy One-Eye,humanmaleofficialnpc,humanmaleofficial,game greeting set of primary display,cmangos,2026-09-28
2494,Privateer Bloads,humanmalewarriornpc,humanmalewarrior,game greeting set of primary display,cmangos,2026-09-28
2495,Drizzlik,goblinmalegruffnpc,goblinmalegruff,game greeting set of primary display,cmangos,2026-09-28
2496,Baron Revilgaz,baronrevilgaz,baronrevilgaz,game greeting set of primary display,cmangos,2026-09-28
2497,Nimboya,trollmaledarknpc,trollmaledark,game greeting set of primary display,cmangos,2026-09-28
2498,Crank Fizzlebub,goblinmalezanynpc,goblinmalezany,game greeting set of primary display,cmangos,2026-09-28
2499,Markel Smythe,humanmaleofficialnpc,humanmaleofficial,game greeting set of primary display,cmangos,2026-09-28
2500,Captain Hecklebury Smotts,humanmalewarriornpc,humanmalewarrior,game greeting set of primary display,cmangos,2026-09-28
2501,"""Sea Wolf"" MacKinley",humanmalewarriornpc,humanmalewarrior,game greeting set of primary display,cmangos,2026-09-28
2502,"""Shaky"" Phillipe",humanmalestandardnpc,humanmalestandard,game greeting set of primary display,cmangos,2026-09-28
2504,Donyal Tovald,humanmalestandardnpc,humanmalestandard,game greeting set of primary display,cmangos,2026-09-28
2506,Mountaineer Harn,dwarfmaleguardnpc,dwarfmaleguard,game greeting set of primary display,cmangos,2026-09-28
2507,Mountaineer Uthan,dwarfmaleguardnpc,dwarfmaleguard,game greeting set of primary display,cmangos,2026-09-28
2508,Mountaineer Wuar,dwarfmaleguardnpc,dwarfmaleguard,game greeting set of primary display,cmangos,2026-09-28
2509,Mountaineer Cragg,dwarfmaleguardnpc,dwarfmaleguard,game greeting set of primary display,cmangos,2026-09-28
2510,Mountaineer Ozmok,dwarfmaleguardnpc,dwarfmaleguard,game greeting set of primary display,cmangos,2026-09-28
2511,Mountaineer Bludd,dwarfmaleguardnpc,dwarfmaleguard,game greeting set of primary display,cmangos,2026-09-28
2512,Mountaineer Roghan,dwarfmaleguardnpc,dwarfmaleguard,game greeting set of primary display,cmangos,2026-09-28
2513,Mountaineer Janha,dwarffemaleguardnpc,dwarffemaleguard,game greeting set of primary display,cmangos,2026-09-28
2514,Mountaineer Modax,dwarfmaleguardnpc,dwarfmaleguard,game greeting set of primary display,cmangos,2026-09-28
2515,Mountaineer Fazgard,dwarfmaleguardnpc,dwarfmaleguard,game greeting set of primary display,cmangos,2026-09-28
2516,Mountaineer Kamdar,dwarfmaleguardnpc,dwarfmaleguard,game greeting set of primary display,cmangos,2026-09-28
2517,Mountaineer Langarr,dwarfmaleguardnpc,dwarfmaleguard,game greeting set of primary display,cmangos,2026-09-28
2518,Mountaineer Swarth,dwarfmaleguardnpc,dwarfmaleguard,game greeting set of primary display,cmangos,2026-09-28
2519,Kin'weelay,trollmaleshamannpc,trollmaleshaman,game greeting set of primary display,cmangos,2026-09-28
2524,Mountaineer Haggis,dwarfmaleguardnpc,dwarfmaleguard,game greeting set of primary display,cmangos,2026-09-28
2525,Mountaineer Barn,dwarfmaleguardnpc,dwarfmaleguard,game greeting set of primary display,cmangos,2026-09-28
2526,Mountaineer Morlic,dwarfmaleguardnpc,dwarfmaleguard,game greeting set of primary display,cmangos,2026-09-28
2527,Mountaineer Angst,dwarfmaleguardnpc,dwarfmaleguard,game greeting set of primary display,cmangos,2026-09-28
2528,Mountaineer Haggil,dwarfmaleguardnpc,dwarfmaleguard,game greeting set of primary display,cmangos,2026-09-28
2530,Yenniku,trollmaledarknpc,trollmaledark,silent in game -> crc32(entry) mod race/sex pool,cmangos,2026-09-28
2542,Catelyn the Blade,humanfemalewarriornpc,humanfemalewarrior,game greeting set of primary display,cmangos,2026-09-28
2543,Archmage Ansirem Runeweaver,humanmaleofficialnpc,humanmaleofficial,game greeting set of primary display,cmangos,2026-09-28
2545,"""Pretty Boy"" Duncan",humanmalewarriornpc,humanmalewarrior,silent in game -> crc32(entry) mod race/sex pool,cmangos,2026-09-28
2546,Fleet Master Firallon,humanmalewarriornpc,humanmalewarrior,game greeting set of primary display,cmangos,2026-09-28
2594,Sprogger,goblinmalegruffnpc,goblinmalegruff,game greeting set of primary display,cmangos,2026-09-28
2602,Ruul Onestone,creature_ogre,creature:ogre_m,non-character model -> MelloUI race key (or model name); creature family,cmangos,2026-09-28
2607,Prince Galen Trollbane,humanmaleofficialnpc,humanmaleofficial,game greeting set of primary display,cmangos,2026-09-28
2608,Commander Amaren,humanfemaleofficialnpc,humanfemaleofficial,game greeting set of primary display,cmangos,2026-09-28
2610,Shakes O'Breen,humanmalewarriornpc,humanmalewarrior,game greeting set of primary display,cmangos,2026-09-28
2612,Lieutenant Valorcall,humanmaleofficialnpc,humanmaleofficial,game greeting set of primary display,cmangos,2026-09-28
2616,Privateer Groy,humanmalestandardnpc,humanmalestandard,game greeting set of primary display,cmangos,2026-09-28
2621,Hammerfall Guardian,orcmaleguardnpc,orcmaleguard,game greeting set of primary display,cmangos,2026-09-28
2622,Sly Garrett,humanmalewarriornpc,humanmalewarrior,game greeting set of primary display,cmangos,2026-09-28
2625,Viznik Goldgrubber,goblinmaleguardnpc,goblinmaleguard,game greeting set of primary display,cmangos,2026-09-28
2626,Old Man Heming,humanmaleofficialnpc,humanmaleofficial,game greeting set of primary display,cmangos,2026-09-28
2627,Grarnik Goodstitch,goblinmalezanynpc,goblinmalezany,game greeting set of primary display,cmangos,2026-09-28
2634,Princess Poobah,taurenfemaleofficialnpc,taurenfemaleofficial,game greeting set of primary display,cmangos,2026-09-28
2663,Narkk,goblinmalezanynpc,goblinmalezany,game greeting set of primary display,cmangos,2026-09-28
2664,Kelsey Yance,humanmalestandardnpc,humanmalestandard,game greeting set of primary display,cmangos,2026-09-28
2668,Danielle Zipstitch,humanfemaleofficialnpc,humanfemaleofficial,game greeting set of primary display,cmangos,2026-09-28
2669,Sheri Zipstitch,humanfemalewarriornpc,humanfemalewarrior,game greeting set of primary display,cmangos,2026-09-28
2670,Xizk Goodstitch,goblinmalegruffnpc,goblinmalegruff,game greeting set of primary display,cmangos,2026-09-28
2672,Cowardly Crosby,humanmalestandardnpc,humanmalestandard,game greeting set of primary display,cmangos,2026-09-28
2679,Wenna Silkbeard,dwarffemaleguardnpc,dwarffemaleguard,game greeting set of primary display,cmangos,2026-09-28
2682,Fradd Swiftgear,gnomemalezanynpc,gnomemalezany,game greeting set of primary display,cmangos,2026-09-28
2683,Namdo Bizzfizzle,gnomemalezanynpc,gnomemalezany,game greeting set of primary display,cmangos,2026-09-28
2684,Rizz Loosebolt,gnomemalestandardnpc,gnomemalestandard,game greeting set of primary display,cmangos,2026-09-28
2685,Mazk Snipeshot,goblinmaleguardnpc,goblinmaleguard,game greeting set of primary display,cmangos,2026-09-28
2687,Gnaz Blunderflame,gnomemalezanynpc,gnomemalezany,game greeting set of primary display,cmangos,2026-09-28
2688,Ruppo Zipcoil,gnomemalezanynpc,gnomemalezany,game greeting set of primary display,cmangos,2026-09-28
2695,Sara Balloo,dwarffemaleguardnpc,dwarffemaleguard,game greeting set of primary display,cmangos,2026-09-28
2696,Foggy MacKreel,dwarfmaleguardnpc,dwarfmaleguard,game greeting set of primary display,cmangos,2026-09-28
2697,Clyde Ranthal,humanmaleofficialnpc,humanmaleofficial,game greeting set of primary display,cmangos,2026-09-28
2698,George Candarte,undeadmalestandardnpc,undeadmalestandard,game greeting set of primary display,cmangos,2026-09-28
2699,Rikqiz,goblinmalegruffnpc,goblinmalegruff,game greeting set of primary display,cmangos,2026-09-28
2700,Captain Nials,humanfemalewarriornpc,humanfemalewarrior,game greeting set of primary display,cmangos,2026-09-28
2703,Zengu,trollmaledarknpc,trollmaledark,game greeting set of primary display,cmangos,2026-09-28
2704,Hanashi,trollmaledarknpc,trollmaledark,game greeting set of primary display,cmangos,2026-09-28
2705,Brewmeister Bilger,dwarfmalestandardnpc,dwarfmalestandard,game greeting set of primary display,cmangos,2026-09-28
2706,Tor'gan,trollmaleshamannpc,trollmaleshaman,game greeting set of primary display,cmangos,2026-09-28
2708,Archmage Malin,humanmaleofficialnpc,humanmaleofficial,game greeting set of primary display,cmangos,2026-09-28
2711,Phin Odelic,humanmaleofficialnpc,humanmaleofficial,game greeting set of primary display,cmangos,2026-09-28
2712,Quae,humanfemalewarriornpc,humanfemalewarrior,game greeting set of primary display,cmangos,2026-09-28
2713,Kinelory,nightelffemalesentinelnpc,nightelffemalesentinel,game greeting set of primary display,cmangos,2026-09-28
2737,Durtham Greldon,dwarfmaleguardnpc,dwarfmaleguard,game greeting set of primary display,cmangos,2026-09-28
2738,Stromgarde Cavalryman,humanmalewarriornpc,humanmalewarrior,game greeting set of primary display,cmangos,2026-09-28
2756,UNUSED Grund Drokda,dwarfmaleguardnpc,dwarfmaleguard,game greeting set of primary display,cmangos,2026-09-28
2766,Lolo the Lookout,creature_ogre,creature:ogre_m,non-character model -> MelloUI race key (or model name); creature family,cmangos,2026-09-28
2767,First Mate Nilzlix,goblinmalegruffnpc,goblinmalegruff,game greeting set of primary display,cmangos,2026-09-28
2768,Professor Phizzlethorpe,gnomemalezanynpc,gnomemalezany,game greeting set of primary display,cmangos,2026-09-28
2769,Captain Steelgut,dwarfmalegrimnpc,dwarfmalegrim,game greeting set of primary display,cmangos,2026-09-28
2770,Tallow,undeadmalewarriornpc,undeadmalewarrior,game greeting set of primary display,cmangos,2026-09-28
2771,Drum Fel,orcmaleguardnpc,orcmaleguard,game greeting set of primary display,cmangos,2026-09-28
2772,Korin Fel,orcfemaleshamannpc,orcfemaleshaman,game greeting set of primary display,cmangos,2026-09-28
2774,Doctor Draxlegauge,gnomemalestandardnpc,gnomemalestandard,game greeting set of primary display,cmangos,2026-09-28
2780,Caretaker Nevlin,humanmalestandardnpc,humanmalestandard,game greeting set of primary display,cmangos,2026-09-28
2781,Caretaker Weston,humanmalewarriornpc,humanmalewarrior,game greeting set of primary display,cmangos,2026-09-28
2782,Caretaker Alaric,humanmaleofficialnpc,humanmaleofficial,game greeting set of primary display,cmangos,2026-09-28
2784,King Magni Bronzebeard,kingmagnibronzebeard,kingmagnibronzebeard,game greeting set of primary display,cmangos,2026-09-28
2785,Theldurin the Lost,dwarfmalestandardnpc,dwarfmalestandard,game greeting set of primary display,cmangos,2026-09-28
2786,Gerrig Bonegrip,dwarfmalegrimnpc,dwarfmalegrim,game greeting set of primary display,cmangos,2026-09-28
2787,Zaruk,orcmaleshadynpc,orcmaleshady,game greeting set of primary display,cmangos,2026-09-28
2788,Apprentice Kryten,humanmaleofficialnpc,humanmaleofficial,game greeting set of primary display,cmangos,2026-09-28
2789,Skuerto,dwarfmalestandardnpc,dwarfmalestandard,game greeting set of primary display,cmangos,2026-09-28
2790,Grand Mason Marblesten,dwarfmaleguardnpc,dwarfmaleguard,game greeting set of primary display,cmangos,2026-09-28
2792,Gor'mul,orcmaleguardnpc,orcmaleguard,game greeting set of primary display,cmangos,2026-09-28
2795,"Lenny ""Fingers"" McCoy",humanmalewarriornpc,humanmalewarrior,game greeting set of primary display,forever-cache,2026-09-28
2796,Faelyssa,nightelffemalesentinelnpc,nightelffemalesentinel,game greeting set of primary display,cmangos,2026-09-28
2798,Pand Stonebinder,taurenmaleshamannpc,taurenmaleshaman,game greeting set of primary display,cmangos,2026-09-28
2799,Lucian Fenner,undeadmalewarriornpc,undeadmalewarrior,game greeting set of primary display,cmangos,2026-09-28
2802,Susan Tillinghast,undeadfemalewarriornpc,undeadfemalewarrior,game greeting set of primary display,cmangos,2026-09-28
2803,Malygen,nightelfmalestandardnpc,nightelfmalestandard,game greeting set of primary display,cmangos,2026-09-28
2804,Kurden Bloodclaw,orcmaleguardnpc,orcmaleguard,game greeting set of primary display,cmangos,2026-09-28
2805,Deneb Walker,humanmalestandardnpc,humanmalestandard,silent in game -> crc32(entry) mod race/sex pool,cmangos,2026-09-28
2806,Bale,taurenmaleeldernpc,taurenmaleelder,game greeting set of primary display,cmangos,2026-09-28
2808,Vikki Lonsav,humanfemalestandardnpc,humanfemalestandard,game greeting set of primary display,cmangos,2026-09-28
2810,Hammon Karwn,humanmalestandardnpc,humanmalestandard,game greeting set of primary display,cmangos,2026-09-28
2812,Drovnar Strongbrew,dwarfmalegrimnpc,dwarfmalegrim,game greeting set of primary display,cmangos,2026-09-28
2814,Narj Deepslice,dwarfmalegrimnpc,dwarfmalegrim,game greeting set of primary display,cmangos,2026-09-28
2816,Androd Fadran,humanmalestandardnpc,humanmalestandard,game greeting set of primary display,cmangos,2026-09-28
2817,Rigglefuzz,goblinmalegruffnpc,goblinmalegruff,game greeting set of primary display,cmangos,2026-09-28
2818,Slagg,orcmaleshadynpc,orcmaleshady,game greeting set of primary display,cmangos,2026-09-28
2819,Tunkk,orcmalestandardnpc,orcmalestandard,game greeting set of primary display,cmangos,2026-09-28
2820,Graud,orcmaleshadynpc,orcmaleshady,game greeting set of primary display,cmangos,2026-09-28
2821,Keena,orcfemalewarriornpc,orcfemalewarrior,game greeting set of primary display,cmangos,2026-09-28
2832,Nixxrax Fillamug,goblinmaleguardnpc,goblinmaleguard,game greeting set of primary display,cmangos,2026-09-28
2834,Myizz Luckycatch,goblinmaleguardnpc,goblinmaleguard,game greeting set of primary display,cmangos,2026-09-28
2835,Cedrik Prose,humanmalestandardnpc,humanmalestandard,game greeting set of primary display,cmangos,2026-09-28
2836,Brikk Keencraft,goblinmalegruffnpc,goblinmalegruff,game greeting set of primary display,cmangos,2026-09-28
2837,Jaxin Chong,goblinmalegruffnpc,goblinmalegruff,game greeting set of primary display,cmangos,2026-09-28
2838,Crazk Sparks,goblinmalezanynpc,goblinmalezany,game greeting set of primary display,cmangos,2026-09-28
2839,Haren Kanmae,humanmaleofficialnpc,humanmaleofficial,game greeting set of primary display,cmangos,2026-09-28
2840,Kizz Bluntstrike,goblinmalegruffnpc,goblinmalegruff,game greeting set of primary display,cmangos,2026-09-28
2842,Wigcik,goblinmalegruffnpc,goblinmalegruff,game greeting set of primary display,cmangos,2026-09-28
2843,Jutak,orcfemalewarriornpc,orcfemalewarrior,game greeting set of primary display,cmangos,2026-09-28
2844,Hurklor,orcmaleguardnpc,orcmaleguard,game greeting set of primary display,cmangos,2026-09-28
2845,Fargon Mortalak,dwarfmaleguardnpc,dwarfmaleguard,game greeting set of primary display,cmangos,2026-09-28
2846,Blixrez Goodstitch,goblinmaleguardnpc,goblinmaleguard,game greeting set of primary display,cmangos,2026-09-28
2847,Jansen Underwood,humanmalestandardnpc,humanmalestandard,game greeting set of primary display,cmangos,2026-09-28
2848,Glyx Brewright,goblinmaleguardnpc,goblinmaleguard,game greeting set of primary display,cmangos,2026-09-28
2849,Qixdi Goodstitch,goblinmaleguardnpc,goblinmaleguard,game greeting set of primary display,cmangos,2026-09-28
2851,Urda,orcfemalestandardnpc,orcfemalestandard,game greeting set of primary display,cmangos,2026-09-28
2855,Snang,orcmalestandardnpc,orcmalestandard,game greeting set of primary display,cmangos,2026-09-28
2856,Angrun,orcmalestandardnpc,orcmalestandard,game greeting set of primary display,cmangos,2026-09-28
2857,Thund,orcmaleshadynpc,orcmaleshady,game greeting set of primary display,cmangos,2026-09-28
2858,Gringer,orcmalestandardnpc,orcmalestandard,game greeting set of primary display,cmangos,2026-09-28
2859,Gyll,dwarfmalegrimnpc,dwarfmalegrim,game greeting set of primary display,cmangos,2026-09-28
2860,Sigrun Ironhew,dwarfmalestandardnpc,dwarfmalestandard,game greeting set of primary display,cmangos,2026-09-28
2861,Gorrik,orcmalestandardnpc,orcmalestandard,game greeting set of primary display,cmangos,2026-09-28
2878,Peria Lamenur,dwarffemalematernalnpc,dwarffemalematernal,game greeting set of primary display,cmangos,2026-09-28
2879,Karrina Mekenda,dwarffemaleyoungnpc,dwarffemaleyoung,game greeting set of primary display,forever-cache,2026-09-28
2888,Garek,nightelfmalestandardnpc,nightelfmalestandard,game greeting set of primary display,cmangos,2026-09-28
2908,Grawl,orcmaleguardnpc,orcmaleguard,game greeting set of primary display,cmangos,2026-09-28
2909,Hammertoe Grez,dwarfmalegrimnpc,dwarfmalegrim,silent in game -> crc32(entry) mod race/sex pool,cmangos,2026-09-28
2910,Prospector Ryedol,dwarfmalegrimnpc,dwarfmalegrim,game greeting set of primary display,cmangos,2026-09-28
2911,Archaeologist Flagongut,dwarfmaleguardnpc,dwarfmaleguard,game greeting set of primary display,cmangos,2026-09-28
2912,Chief Archaeologist Greywhisker,dwarfmalestandardnpc,dwarfmalestandard,game greeting set of primary display,cmangos,2026-09-28
2913,Archaeologist Hollee,dwarffemaleguardnpc,dwarffemaleguard,game greeting set of primary display,cmangos,2026-09-28
2916,Historian Karnik,dwarfmalegrimnpc,dwarfmalegrim,game greeting set of primary display,cmangos,2026-09-28
2917,Prospector Remtravel,dwarfmaleguardnpc,dwarfmaleguard,game greeting set of primary display,cmangos,2026-09-28
2918,Advisor Belgrum,dwarfmalestandardnpc,dwarfmalestandard,game greeting set of primary display,cmangos,2026-09-28
2920,Lucien Tosselwrench,gnomemalestandardnpc,gnomemalestandard,game greeting set of primary display,cmangos,2026-09-28
2921,Lotwil Veriatus,gnomemalezanynpc,gnomemalezany,game greeting set of primary display,cmangos,2026-09-28
2930,Sentinel Glynda Nal'Shea,nightelffemalesentinelnpc,nightelffemalesentinel,game greeting set of primary display,cmangos,2026-09-28
2934,Keeper Bel'dugur,undeadmaledarknpc,undeadmaledark,game greeting set of primary display,cmangos,2026-09-28
2941,Lanie Reed,dwarffemaleyoungnpc,dwarffemaleyoung,game greeting set of primary display,cmangos,2026-09-28
2943,Ransin Donner,dwarfmalegrimnpc,dwarfmalegrim,game greeting set of primary display,cmangos,2026-09-28
2947,Harken Windtotem,taurenmalewarriornpc,taurenmalewarrior,game greeting set of primary display,cmangos,2026-09-28
2948,Mull Thunderhorn,taurenmaleshamannpc,taurenmaleshaman,game greeting set of primary display,cmangos,2026-09-28
2980,Grull Hawkwind,taurenmalewarriornpc,taurenmalewarrior,game greeting set of primary display,cmangos,2026-09-28
2981,Chief Hawkwind,taurenmaleeldernpc,taurenmaleelder,game greeting set of primary display,cmangos,2026-09-28
2982,Seer Graytongue,taurenmaleshamannpc,taurenmaleshaman,game greeting set of primary display,cmangos,2026-09-28
2984,Seer Wiserunner,taurenmaleshamannpc,taurenmaleshaman,game greeting set of primary display,cmangos,2026-09-28
2985,Ruul Eagletalon,taurenmalewarriornpc,taurenmalewarrior,game greeting set of primary display,cmangos,2026-09-28
2986,Dorn Plainstalker,taurenmaleshamannpc,taurenmaleshaman,game greeting set of primary display,cmangos,2026-09-28
2987,Eyahn Eagletalon,taurenmaleshamannpc,taurenmaleshaman,game greeting set of primary display,cmangos,2026-09-28
2988,Morin Cloudstalker,taurenmalewarriornpc,taurenmalewarrior,game greeting set of primary display,cmangos,2026-09-28
2991,Greatmother Hawkwind,taurenfemaleofficialnpc,taurenfemaleofficial,game greeting set of primary display,cmangos,2026-09-28
2993,Baine Bloodhoof,taurenmaleeldernpc,taurenmaleelder,game greeting set of primary display,cmangos,2026-09-28
2994,Ancestral Spirit,taurenmalewarriornpc,taurenmalewarrior,silent in game -> crc32(entry) mod race/sex pool,cmangos,2026-09-28
2995,Tal,taurenmalewarriornpc,taurenmalewarrior,game greeting set of primary display,cmangos,2026-09-28
2996,Torn,taurenmaleeldernpc,taurenmaleelder,game greeting set of primary display,cmangos,2026-09-28
2997,Jyn Stonehoof,taurenfemaleofficialnpc,taurenfemaleofficial,game greeting set of primary display,cmangos,2026-09-28
2998,Karn Stonehoof,taurenmaleeldernpc,taurenmaleelder,game greeting set of primary display,cmangos,2026-09-28
2999,Taur Stonehoof,taurenmalewarriornpc,taurenmalewarrior,game greeting set of primary display,cmangos,2026-09-28
3000,Gibbert,goblinmalezanynpc,goblinmalezany,game greeting set of primary display,cmangos,2026-09-28
3001,Brek Stonehoof,taurenmaleeldernpc,taurenmaleelder,game greeting set of primary display,cmangos,2026-09-28
3002,Kurm Stonehoof,taurenmalewarriornpc,taurenmalewarrior,game greeting set of primary display,cmangos,2026-09-28
3003,Fyr Mistrunner,taurenfemalestandardnpc,taurenfemalestandard,game greeting set of primary display,cmangos,2026-09-28
3004,Tepa,taurenfemaleshamannpc,taurenfemaleshaman,game greeting set of primary display,cmangos,2026-09-28
3005,Mahu,taurenmalewarriornpc,taurenmalewarrior,game greeting set of primary display,cmangos,2026-09-28
3007,Una,taurenfemalestandardnpc,taurenfemalestandard,game greeting set of primary display,cmangos,2026-09-28
3008,Mak,taurenmaleeldernpc,taurenmaleelder,game greeting set of primary display,cmangos,2026-09-28
3009,Bena Winterhoof,taurenfemaleshamannpc,taurenfemaleshaman,game greeting set of primary display,cmangos,2026-09-28
3010,Mani Winterhoof,taurenfemalestandardnpc,taurenfemalestandard,game greeting set of primary display,cmangos,2026-09-28
3011,Teg Dawnstrider,taurenmaleshamannpc,taurenmaleshaman,game greeting set of primary display,cmangos,2026-09-28
3012,Nata Dawnstrider,taurenfemaleshamannpc,taurenfemaleshaman,game greeting set of primary display,cmangos,2026-09-28
3013,Komin Winterhoof,taurenmaleshamannpc,taurenmaleshaman,game greeting set of primary display,cmangos,2026-09-28
3014,Nida Winterhoof,taurenfemaleshamannpc,taurenfemaleshaman,game greeting set of primary display,cmangos,2026-09-28
3015,Kuna Thunderhorn,taurenfemaleofficialnpc,taurenfemaleofficial,game greeting set of primary display,cmangos,2026-09-28
3016,Tand,taurenmaleeldernpc,taurenmaleelder,game greeting set of primary display,cmangos,2026-09-28
3017,Nan Mistrunner,taurenfemalestandardnpc,taurenfemalestandard,game greeting set of primary display,cmangos,2026-09-28
3018,Hogor Thunderhoof,taurenmaleshamannpc,taurenmaleshaman,game greeting set of primary display,cmangos,2026-09-28
3019,Delgo Ragetotem,taurenmaleshamannpc,taurenmaleshaman,game greeting set of primary display,cmangos,2026-09-28
3020,Etu Ragetotem,taurenmaleeldernpc,taurenmaleelder,game greeting set of primary display,cmangos,2026-09-28
3021,Kard Ragetotem,taurenmalewarriornpc,taurenmalewarrior,game greeting set of primary display,cmangos,2026-09-28
3022,Sunn Ragetotem,taurenfemalestandardnpc,taurenfemalestandard,game greeting set of primary display,cmangos,2026-09-28
3023,Sura Wildmane,taurenfemalestandardnpc,taurenfemalestandard,game greeting set of primary display,cmangos,2026-09-28
3024,Tah Winterhoof,taurenmaleeldernpc,taurenmaleelder,game greeting set of primary display,cmangos,2026-09-28
3025,Kaga Mistrunner,taurenfemaleofficialnpc,taurenfemaleofficial,game greeting set of primary display,cmangos,2026-09-28
3026,Aska Mistrunner,taurenfemaleshamannpc,taurenfemaleshaman,game greeting set of primary display,cmangos,2026-09-28
3027,Naal Mistrunner,taurenmaleeldernpc,taurenmaleelder,game greeting set of primary display,cmangos,2026-09-28
3028,Kah Mistrunner,taurenmaleeldernpc,taurenmaleelder,game greeting set of primary display,cmangos,2026-09-28
3029,Sewa Mistrunner,taurenfemalestandardnpc,taurenfemalestandard,game greeting set of primary display,cmangos,2026-09-28
3030,Siln Skychaser,taurenfemaleshamannpc,taurenfemaleshaman,game greeting set of primary display,cmangos,2026-09-28
3031,Tigor Skychaser,taurenmaleeldernpc,taurenmaleelder,game greeting set of primary display,cmangos,2026-09-28
3032,Beram Skychaser,taurenmaleshamannpc,taurenmaleshaman,game greeting set of primary display,cmangos,2026-09-28
3033,Turak Runetotem,taurenmaleeldernpc,taurenmaleelder,game greeting set of primary display,cmangos,2026-09-28
3034,Sheal Runetotem,taurenfemaleshamannpc,taurenfemaleshaman,game greeting set of primary display,cmangos,2026-09-28
3036,Kym Wildmane,taurenfemaleshamannpc,taurenfemaleshaman,game greeting set of primary display,cmangos,2026-09-28
3037,Sheza Wildmane,taurenfemalestandardnpc,taurenfemalestandard,game greeting set of primary display,cmangos,2026-09-28
3038,Kary Thunderhorn,taurenfemaleshamannpc,taurenfemaleshaman,game greeting set of primary display,cmangos,2026-09-28
3039,Holt Thunderhorn,taurenmaleshamannpc,taurenmaleshaman,game greeting set of primary display,cmangos,2026-09-28
3040,Urek Thunderhorn,taurenmaleeldernpc,taurenmaleelder,game greeting set of primary display,cmangos,2026-09-28
3041,Torm Ragetotem,taurenmaleeldernpc,taurenmaleelder,game greeting set of primary display,cmangos,2026-09-28
3042,Sark Ragetotem,taurenmalewarriornpc,taurenmalewarrior,game greeting set of primary display,cmangos,2026-09-28
3043,Ker Ragetotem,taurenfemaleofficialnpc,taurenfemaleofficial,game greeting set of primary display,cmangos,2026-09-28
3044,Miles Welsh,undeadmalestandardnpc,undeadmalestandard,game greeting set of primary display,cmangos,2026-09-28
3045,Malakai Cross,undeadmalewarriornpc,undeadmalewarrior,game greeting set of primary display,cmangos,2026-09-28
3046,Father Cobb,undeadmaledarknpc,undeadmaledark,game greeting set of primary display,cmangos,2026-09-28
3047,Archmage Shymm,undeadmaledarknpc,undeadmaledark,game greeting set of primary display,cmangos,2026-09-28
3048,Ursyn Ghull,undeadfemalemagicnpc,undeadfemalemagic,game greeting set of primary display,cmangos,2026-09-28
3049,Thurston Xane,undeadmalewarriornpc,undeadmalewarrior,game greeting set of primary display,cmangos,2026-09-28
3050,Veren Tallstrider,taurenmalewarriornpc,taurenmalewarrior,game greeting set of primary display,cmangos,2026-09-28
3052,Skorn Whitecloud,taurenmalewarriornpc,taurenmalewarrior,game greeting set of primary display,cmangos,2026-09-28
3053,Synge,goblinmalegruffnpc,goblinmalegruff,game greeting set of primary display,cmangos,2026-09-28
3054,Zarlman Two-Moons,taurenmaleeldernpc,taurenmaleelder,game greeting set of primary display,cmangos,2026-09-28
3055,Maur Raincaller,taurenmaleshamannpc,taurenmaleshaman,game greeting set of primary display,cmangos,2026-09-28
3057,Cairne Bloodhoof,cairnebloodhoof,cairnebloodhoof,game greeting set of primary display,cmangos,2026-09-28
3059,Harutt Thunderhorn,taurenmalewarriornpc,taurenmalewarrior,game greeting set of primary display,cmangos,2026-09-28
3060,Gart Mistrunner,taurenmaleshamannpc,taurenmaleshaman,game greeting set of primary display,cmangos,2026-09-28
3061,Lanka Farshot,taurenmalewarriornpc,taurenmalewarrior,game greeting set of primary display,cmangos,2026-09-28
3062,Meela Dawnstrider,taurenfemaleshamannpc,taurenfemaleshaman,game greeting set of primary display,cmangos,2026-09-28
3063,Krang Stonehoof,taurenmalewarriornpc,taurenmalewarrior,game greeting set of primary display,cmangos,2026-09-28
3064,Gennia Runetotem,taurenfemaleshamannpc,taurenfemaleshaman,game greeting set of primary display,cmangos,2026-09-28
3065,Yaw Sharpmane,taurenmalewarriornpc,taurenmalewarrior,game greeting set of primary display,cmangos,2026-09-28
3066,Narm Skychaser,taurenmaleshamannpc,taurenmaleshaman,game greeting set of primary display,cmangos,2026-09-28
3067,Pyall Silentstride,taurenmalewarriornpc,taurenmalewarrior,game greeting set of primary display,cmangos,2026-09-28
3069,Chaw Stronghide,taurenmaleeldernpc,taurenmaleelder,game greeting set of primary display,cmangos,2026-09-28
3072,Kawnie Softbreeze,taurenfemalestandardnpc,taurenfemalestandard,game greeting set of primary display,cmangos,2026-09-28
3073,Marjak Keenblade,taurenmaleeldernpc,taurenmaleelder,game greeting set of primary display,cmangos,2026-09-28
3074,Varia Hardhide,taurenfemalestandardnpc,taurenfemalestandard,game greeting set of primary display,cmangos,2026-09-28
3075,Bronk Steelrage,taurenmalewarriornpc,taurenmalewarrior,game greeting set of primary display,cmangos,2026-09-28
3076,Moorat Longstride,taurenmaleeldernpc,taurenmaleelder,game greeting set of primary display,cmangos,2026-09-28
3077,Mahnott Roughwound,taurenmalewarriornpc,taurenmalewarrior,game greeting set of primary display,cmangos,2026-09-28
3078,Kennah Hawkseye,taurenmaleeldernpc,taurenmaleelder,game greeting set of primary display,cmangos,2026-09-28
3079,Varg Windwhisper,taurenmaleeldernpc,taurenmaleelder,game greeting set of primary display,cmangos,2026-09-28
3080,Harant Ironbrace,taurenmalewarriornpc,taurenmalewarrior,game greeting set of primary display,cmangos,2026-09-28
3081,Wunna Darkmane,taurenfemalestandardnpc,taurenfemalestandard,game greeting set of primary display,cmangos,2026-09-28
3083,Honor Guard,taurenmalewarriornpc,taurenmalewarrior,game greeting set of primary display,cmangos,2026-09-28
3084,Bluffwatcher,taurenmalewarriornpc,taurenmalewarrior,game greeting set of primary display,cmangos,2026-09-28
3085,Gloria Femmel,humanfemaleofficialnpc,humanfemaleofficial,game greeting set of primary display,cmangos,2026-09-28
3086,Gretchen Vogel,humanfemalestandardnpc,humanfemalestandard,game greeting set of primary display,cmangos,2026-09-28
3087,Crystal Boughman,humanfemalestandardnpc,humanfemalestandard,game greeting set of primary display,cmangos,2026-09-28
3088,Henry Chapal,humanmaleofficialnpc,humanmaleofficial,game greeting set of primary display,cmangos,2026-09-28
3089,Sherman Femmel,humanmalewarriornpc,humanmalewarrior,game greeting set of primary display,cmangos,2026-09-28
3090,Gerald Crawley,humanmalewarriornpc,humanmalewarrior,game greeting set of primary display,cmangos,2026-09-28
3091,Franklin Hamar,humanmaleofficialnpc,humanmaleofficial,game greeting set of primary display,cmangos,2026-09-28
3092,Tagain,taurenfemalestandardnpc,taurenfemalestandard,game greeting set of primary display,cmangos,2026-09-28
3093,Grod,taurenmalewarriornpc,taurenmalewarrior,game greeting set of primary display,cmangos,2026-09-28
3095,Fela,taurenfemaleofficialnpc,taurenfemaleofficial,game greeting set of primary display,cmangos,2026-09-28
3096,Captured Servant of Azora,gnomemalestandardnpc,gnomemalestandard,game greeting set of primary display,cmangos,2026-09-28
3097,Bernard Brubaker,humanmalestandardnpc,humanmalestandard,game greeting set of primary display,cmangos,2026-09-28
3133,Herble Baubbletump,gnomemalestandardnpc,gnomemalestandard,game greeting set of primary display,cmangos,2026-09-28
3134,Kzixx,goblinmalezanynpc,goblinmalezany,game greeting set of primary display,cmangos,2026-09-28
3135,Malissa,humanfemalewarriornpc,humanfemalewarrior,game greeting set of primary display,cmangos,2026-09-28
3136,Clarise Gnarltree,humanfemalewarriornpc,humanfemalewarrior,game greeting set of primary display,cmangos,2026-09-28
3137,Matt Johnson,humanmaleofficialnpc,humanmaleofficial,game greeting set of primary display,cmangos,2026-09-28
3138,Scott Carevin,humanmalestandardnpc,humanmalestandard,game greeting set of primary display,cmangos,2026-09-28
3139,Gar'Thok,orcmaleguardnpc,orcmaleguard,game greeting set of primary display,cmangos,2026-09-28
3140,Lar Prowltusk,trollmalestandardnpc,trollmalestandard,game greeting set of primary display,cmangos,2026-09-28
3142,Orgnil Soulscar,orcmaleshadynpc,orcmaleshady,game greeting set of primary display,cmangos,2026-09-28
3143,Gornek,orcmaleguardnpc,orcmaleguard,game greeting set of primary display,cmangos,2026-09-28
3144,Eitrigg,orcmaleguardnpc,orcmaleguard,game greeting set of primary display,cmangos,2026-09-28
3145,Zureetha Fargaze,orcfemalewarriornpc,orcfemalewarrior,game greeting set of primary display,cmangos,2026-09-28
3147,Furl Scornbrow,orcmaleguardnpc,orcmaleguard,game greeting set of primary display,cmangos,2026-09-28
3149,Nez'raz,goblinmalezanynpc,goblinmalezany,game greeting set of primary display,cmangos,2026-09-28
3150,Hin Denburg,goblinmaleguardnpc,goblinmaleguard,game greeting set of primary display,forever-cache,2026-09-28
3153,Frang,orcmaleguardnpc,orcmaleguard,game greeting set of primary display,cmangos,2026-09-28
3154,Jen'shan,trollfemalestandardnpc,trollfemalestandard,game greeting set of primary display,cmangos,2026-09-28
3155,Rwag,orcmaleshadynpc,orcmaleshady,game greeting set of primary display,cmangos,2026-09-28
3156,Nartok,orcmaleshadynpc,orcmaleshady,game greeting set of primary display,cmangos,2026-09-28
3157,Shikrik,orcfemaleshamannpc,orcfemaleshaman,game greeting set of primary display,cmangos,2026-09-28
3158,Duokna,orcfemalestandardnpc,orcfemalestandard,game greeting set of primary display,cmangos,2026-09-28
3159,Kzan Thornslash,orcmalestandardnpc,orcmalestandard,game greeting set of primary display,cmangos,2026-09-28
3160,Huklah,orcmalestandardnpc,orcmalestandard,game greeting set of primary display,cmangos,2026-09-28
3161,Rarc,orcmaleguardnpc,orcmaleguard,game greeting set of primary display,cmangos,2026-09-28
3162,Burdrak Harglhelm,dwarfmalegrimnpc,dwarfmalegrim,game greeting set of primary display,cmangos,2026-09-28
3163,Uhgar,orcmalestandardnpc,orcmalestandard,game greeting set of primary display,cmangos,2026-09-28
3164,Jark,orcmaleguardnpc,orcmaleguard,game greeting set of primary display,cmangos,2026-09-28
3165,Ghrawt,orcmaleshadynpc,orcmaleshady,game greeting set of primary display,cmangos,2026-09-28
3166,Cutac,orcmalestandardnpc,orcmalestandard,game greeting set of primary display,cmangos,2026-09-28
3167,Wuark,orcmaleguardnpc,orcmaleguard,game greeting set of primary display,cmangos,2026-09-28
3168,Flakk,orcmalestandardnpc,orcmalestandard,game greeting set of primary display,cmangos,2026-09-28
3169,Tarshaw Jaggedscar,orcmaleguardnpc,orcmaleguard,game greeting set of primary display,cmangos,2026-09-28
3170,Kaplak,orcmaleshadynpc,orcmaleshady,game greeting set of primary display,cmangos,2026-09-28
3171,Thotar,orcmalestandardnpc,orcmalestandard,game greeting set of primary display,cmangos,2026-09-28
3172,Dhugru Gorelust,orcmaleshadynpc,orcmaleshady,game greeting set of primary display,cmangos,2026-09-28
3173,Swart,orcmalestandardnpc,orcmalestandard,game greeting set of primary display,cmangos,2026-09-28
3174,Dwukk,orcmaleshadynpc,orcmaleshady,game greeting set of primary display,cmangos,2026-09-28
3175,Krunn,orcmalestandardnpc,orcmalestandard,game greeting set of primary display,cmangos,2026-09-28
3177,Turuk Amberstill,dwarfmalestandardnpc,dwarfmalestandard,game greeting set of primary display,cmangos,2026-09-28
3178,Stuart Fleming,humanmaleofficialnpc,humanmaleofficial,game greeting set of primary display,cmangos,2026-09-28
3179,Harold Riggs,humanmalestandardnpc,humanmalestandard,game greeting set of primary display,cmangos,2026-09-28
3180,Dark Iron Entrepreneur,dwarfmalegrimnpc,dwarfmalegrim,game greeting set of primary display,cmangos,2026-09-28
3181,Fremal Doohickey,gnomemalestandardnpc,gnomemalestandard,game greeting set of primary display,cmangos,2026-09-28
3182,Junder Brokk,dwarfmalegrimnpc,dwarfmalegrim,game greeting set of primary display,cmangos,2026-09-28
3184,Miao'zan,trollmaledarknpc,trollmaledark,game greeting set of primary display,cmangos,2026-09-28
3185,Mishiki,trollfemalelaidbacknpc,trollfemalelaidback,game greeting set of primary display,cmangos,2026-09-28
3186,K'waii,trollfemalestandardnpc,trollfemalestandard,game greeting set of primary display,cmangos,2026-09-28
3187,Tai'tasi,trollfemalelaidbacknpc,trollfemalelaidback,game greeting set of primary display,cmangos,2026-09-28
3188,Master Gadrin,trollmaleshamannpc,trollmaleshaman,game greeting set of primary display,cmangos,2026-09-28
3189,Kor'ghan,trollmalestandardnpc,trollmalestandard,game greeting set of primary display,cmangos,2026-09-28
3190,Rhinag,trollmaledarknpc,trollmaledark,game greeting set of primary display,cmangos,2026-09-28
3191,Cook Torka,orcmalestandardnpc,orcmalestandard,game greeting set of primary display,cmangos,2026-09-28
3193,Misha Tor'kren,orcfemalestandardnpc,orcfemalestandard,game greeting set of primary display,cmangos,2026-09-28
3194,Vel'rin Fang,trollmalestandardnpc,trollmalestandard,game greeting set of primary display,cmangos,2026-09-28
3208,Margoz,orcmalestandardnpc,orcmalestandard,game greeting set of primary display,cmangos,2026-09-28
3209,Brave Windfeather,taurenfemaleofficialnpc,taurenfemaleofficial,game greeting set of primary display,cmangos,2026-09-28
3210,Brave Proudsnout,taurenmalewarriornpc,taurenmalewarrior,game greeting set of primary display,cmangos,2026-09-28
3211,Brave Lightninghorn,taurenmalewarriornpc,taurenmalewarrior,game greeting set of primary display,cmangos,2026-09-28
3212,Brave Ironhorn,taurenmalewarriornpc,taurenmalewarrior,game greeting set of primary display,cmangos,2026-09-28
3213,Brave Running Wolf,taurenmalewarriornpc,taurenmalewarrior,game greeting set of primary display,cmangos,2026-09-28
3214,Brave Greathoof,taurenmalewarriornpc,taurenmalewarrior,game greeting set of primary display,cmangos,2026-09-28
3215,Brave Strongbash,taurenmalewarriornpc,taurenmalewarrior,game greeting set of primary display,cmangos,2026-09-28
3216,Neeru Fireblade,orcmaleshadynpc,orcmaleshady,game greeting set of primary display,cmangos,2026-09-28
3217,Brave Dawneagle,taurenfemaleofficialnpc,taurenfemaleofficial,game greeting set of primary display,cmangos,2026-09-28
3218,Brave Swiftwind,taurenfemaleofficialnpc,taurenfemaleofficial,game greeting set of primary display,cmangos,2026-09-28
3219,Brave Leaping Deer,taurenfemaleofficialnpc,taurenfemaleofficial,game greeting set of primary display,cmangos,2026-09-28
3220,Brave Darksky,taurenmalewarriornpc,taurenmalewarrior,game greeting set of primary display,cmangos,2026-09-28
3221,Brave Rockhorn,taurenmalewarriornpc,taurenmalewarrior,game greeting set of primary display,cmangos,2026-09-28
3222,Brave Wildrunner,taurenmalewarriornpc,taurenmalewarrior,game greeting set of primary display,cmangos,2026-09-28
3223,Brave Rainchaser,taurenfemaleofficialnpc,taurenfemaleofficial,game greeting set of primary display,cmangos,2026-09-28
3224,Brave Cloudmane,taurenmalewarriornpc,taurenmalewarrior,game greeting set of primary display,cmangos,2026-09-28
3230,Nazgrel,orcmalestandardnpc,orcmalestandard,game greeting set of primary display,cmangos,2026-09-28
3233,Lorekeeper Raintotem,taurenmaleeldernpc,taurenmaleelder,game greeting set of primary display,cmangos,2026-09-28
3287,Hana'zua,trollmalestandardnpc,trollmalestandard,silent in game -> crc32(entry) mod race/sex pool,cmangos,2026-09-28
3290,Deek Fizzlebizz,gnomemalestandardnpc,gnomemalestandard,game greeting set of primary display,cmangos,2026-09-28
3291,Greishan Ironstove,dwarfmalestandardnpc,dwarfmalestandard,game greeting set of primary display,cmangos,2026-09-28
3292,Brewmaster Drohn,orcmaleshadynpc,orcmaleshady,game greeting set of primary display,cmangos,2026-09-28
3293,Rezlak,goblinmalegruffnpc,goblinmalegruff,game greeting set of primary display,cmangos,2026-09-28
3294,Ophek,orcmalestandardnpc,orcmalestandard,game greeting set of primary display,cmangos,2026-09-28
3296,Orgrimmar Grunt,orcmaleguardnpc,orcmaleguard,game greeting set of primary display,cmangos,2026-09-28
3298,Gabrielle Chase,humanfemalestandardnpc,humanfemalestandard,game greeting set of primary display,cmangos,2026-09-28
3304,Master Vornal,trollmaledarknpc,trollmaledark,game greeting set of primary display,cmangos,2026-09-28
3305,Grisha,orcfemalewarriornpc,orcfemalewarrior,game greeting set of primary display,cmangos,2026-09-28
3306,Keldas,nightelfmalestandardnpc,nightelfmalestandard,game greeting set of primary display,cmangos,2026-09-28
3309,Karus,orcmaleshadynpc,orcmaleshady,game greeting set of primary display,cmangos,2026-09-28
3310,Doras,orcmaleguardnpc,orcmaleguard,game greeting set of primary display,cmangos,2026-09-28
3312,Olvia,orcfemalewarriornpc,orcfemalewarrior,game greeting set of primary display,cmangos,2026-09-28
3313,Trak'gen,orcmalestandardnpc,orcmalestandard,game greeting set of primary display,cmangos,2026-09-28
3314,Urtharo,orcmaleguardnpc,orcmaleguard,game greeting set of primary display,cmangos,2026-09-28
3315,Tor'phan,orcmaleguardnpc,orcmaleguard,game greeting set of primary display,cmangos,2026-09-28
3316,Handor,orcmalestandardnpc,orcmalestandard,game greeting set of primary display,cmangos,2026-09-28
3317,Ollanus,orcmaleshadynpc,orcmaleshady,game greeting set of primary display,cmangos,2026-09-28
3318,Koma,orcmalestandardnpc,orcmalestandard,game greeting set of primary display,cmangos,2026-09-28
3319,Sana,orcfemalewarriornpc,orcfemalewarrior,game greeting set of primary display,cmangos,2026-09-28
3320,Soran,orcmaleguardnpc,orcmaleguard,game greeting set of primary display,cmangos,2026-09-28
3321,Morgum,orcmalestandardnpc,orcmalestandard,game greeting set of primary display,cmangos,2026-09-28
3322,Kaja,taurenfemalestandardnpc,taurenfemalestandard,game greeting set of primary display,cmangos,2026-09-28
3323,Horthus,orcmaleshadynpc,orcmaleshady,game greeting set of primary display,cmangos,2026-09-28
3324,Grol'dar,orcmaleguardnpc,orcmaleguard,game greeting set of primary display,cmangos,2026-09-28
3325,Mirket,orcfemaleshamannpc,orcfemaleshaman,game greeting set of primary display,cmangos,2026-09-28
3326,Zevrost,orcmaleshadynpc,orcmaleshady,game greeting set of primary display,cmangos,2026-09-28
3327,Gest,orcmaleshadynpc,orcmaleshady,game greeting set of primary display,cmangos,2026-09-28
3328,Ormok,orcmaleshadynpc,orcmaleshady,game greeting set of primary display,cmangos,2026-09-28
3329,Kor'jus,orcmaleguardnpc,orcmaleguard,game greeting set of primary display,cmangos,2026-09-28
3330,Muragus,orcmalestandardnpc,orcmalestandard,game greeting set of primary display,cmangos,2026-09-28
3331,Kareth,orcmaleguardnpc,orcmaleguard,game greeting set of primary display,cmangos,2026-09-28
3332,Lumak,orcmaleshadynpc,orcmaleshady,game greeting set of primary display,cmangos,2026-09-28
3333,Shankys,orcfemalestandardnpc,orcfemalestandard,game greeting set of primary display,cmangos,2026-09-28
3334,Rekkul,orcmaleshadynpc,orcmaleshady,game greeting set of primary display,cmangos,2026-09-28
3335,Hagrus,orcmaleshadynpc,orcmaleshady,game greeting set of primary display,cmangos,2026-09-28
3336,Takrin Pathseeker,orcmalestandardnpc,orcmalestandard,game greeting set of primary display,cmangos,2026-09-28
3337,Kargal Battlescar,orcmaleguardnpc,orcmaleguard,game greeting set of primary display,cmangos,2026-09-28
3338,Sergra Darkthorn,orcfemaleshamannpc,orcfemaleshaman,game greeting set of primary display,cmangos,2026-09-28
3339,Captain Thalo'thas Brightsun,nightelfmalestandardnpc,nightelfmalestandard,game greeting set of primary display,cmangos,2026-09-28
3341,Gann Stonespire,taurenmalewarriornpc,taurenmalewarrior,game greeting set of primary display,cmangos,2026-09-28
3342,Shan'ti,orcfemalestandardnpc,orcfemalestandard,game greeting set of primary display,cmangos,2026-09-28
3343,Grelkor,orcmaleguardnpc,orcmaleguard,game greeting set of primary display,cmangos,2026-09-28
3344,Kardris Dreamseeker,orcfemaleshamannpc,orcfemaleshaman,game greeting set of primary display,cmangos,2026-09-28
3345,Godan,orcmaleshadynpc,orcmaleshady,game greeting set of primary display,cmangos,2026-09-28
3346,Kithas,orcfemaleshamannpc,orcfemaleshaman,game greeting set of primary display,cmangos,2026-09-28
3347,Yelmak,orcmalestandardnpc,orcmalestandard,game greeting set of primary display,cmangos,2026-09-28
3348,Kor'geld,orcmaleshadynpc,orcmaleshady,game greeting set of primary display,cmangos,2026-09-28
3349,Ukra'nor,orcmalestandardnpc,orcmalestandard,game greeting set of primary display,cmangos,2026-09-28
3350,Asoran,orcmalestandardnpc,orcmalestandard,game greeting set of primary display,cmangos,2026-09-28
3351,Magenius,orcmaleshadynpc,orcmaleshady,game greeting set of primary display,cmangos,2026-09-28
3352,Ormak Grimshot,orcmaleguardnpc,orcmaleguard,game greeting set of primary display,cmangos,2026-09-28
3353,Grezz Ragefist,orcmaleguardnpc,orcmaleguard,game greeting set of primary display,cmangos,2026-09-28
3354,Sorek,orcmaleguardnpc,orcmaleguard,game greeting set of primary display,cmangos,2026-09-28
3355,Saru Steelfury,orcmaleguardnpc,orcmaleguard,game greeting set of primary display,cmangos,2026-09-28
3356,Sumi,orcfemalestandardnpc,orcfemalestandard,game greeting set of primary display,cmangos,2026-09-28
3357,Makaru,orcmalestandardnpc,orcmalestandard,game greeting set of primary display,cmangos,2026-09-28
3358,Gorina,orcfemalestandardnpc,orcfemalestandard,game greeting set of primary display,cmangos,2026-09-28
3359,Kiro,orcfemalewarriornpc,orcfemalewarrior,game greeting set of primary display,cmangos,2026-09-28
3360,Koru,orcmalestandardnpc,orcmalestandard,game greeting set of primary display,cmangos,2026-09-28
3361,Shoma,orcmalestandardnpc,orcmalestandard,game greeting set of primary display,cmangos,2026-09-28
3362,Ogunaro Wolfrunner,orcmaleguardnpc,orcmaleguard,game greeting set of primary display,cmangos,2026-09-28
3363,Magar,orcmaleshadynpc,orcmaleshady,game greeting set of primary display,cmangos,2026-09-28
3364,Borya,orcmalestandardnpc,orcmalestandard,game greeting set of primary display,cmangos,2026-09-28
3365,Karolek,orcmaleguardnpc,orcmaleguard,game greeting set of primary display,cmangos,2026-09-28
3366,Tamar,orcmaleshadynpc,orcmaleshady,game greeting set of primary display,cmangos,2026-09-28
3367,Felika,orcfemalestandardnpc,orcfemalestandard,game greeting set of primary display,cmangos,2026-09-28
3368,Borstan,orcmalestandardnpc,orcmalestandard,game greeting set of primary display,cmangos,2026-09-28
3369,Gotri,orcmalestandardnpc,orcmalestandard,game greeting set of primary display,cmangos,2026-09-28
3370,Urtrun Clanbringer,orcmaleguardnpc,orcmaleguard,game greeting set of primary display,cmangos,2026-09-28
3371,Tamaro,orcmalestandardnpc,orcmalestandard,game greeting set of primary display,cmangos,2026-09-28
3372,Sarlek,orcmaleshadynpc,orcmaleshady,game greeting set of primary display,cmangos,2026-09-28
3373,Arnok,orcmalestandardnpc,orcmalestandard,game greeting set of primary display,cmangos,2026-09-28
3387,Jorn Skyseer,taurenmaleeldernpc,taurenmaleelder,game greeting set of primary display,cmangos,2026-09-28
3388,Mahren Skyseer,taurenfemaleofficialnpc,taurenfemaleofficial,game greeting set of primary display,cmangos,2026-09-28
3389,Regthar Deathgate,orcmaleguardnpc,orcmaleguard,game greeting set of primary display,cmangos,2026-09-28
3390,Apothecary Helbrim,undeadmaledarknpc,undeadmaledark,game greeting set of primary display,cmangos,2026-09-28
3391,Gazlowe,gazlowe,gazlowe,game greeting set of primary display,cmangos,2026-09-28
3399,Zamja,trollfemalelaidbacknpc,trollfemalelaidback,game greeting set of primary display,cmangos,2026-09-28
3400,Xen'to,trollmalestandardnpc,trollmalestandard,game greeting set of primary display,cmangos,2026-09-28
3401,Shenthul,trollmaledarknpc,trollmaledark,game greeting set of primary display,cmangos,2026-09-28
3402,Zando'zan,trollmalestandardnpc,trollmalestandard,game greeting set of primary display,cmangos,2026-09-28
3403,Sian'tsu,trollfemaleoldnpc,trollfemaleold,game greeting set of primary display,cmangos,2026-09-28
3404,Jandi,trollfemalelaidbacknpc,trollfemalelaidback,game greeting set of primary display,cmangos,2026-09-28
3405,Zeal'aya,trollfemalestandardnpc,trollfemalestandard,game greeting set of primary display,cmangos,2026-09-28
3406,Xor'juul,trollmaledarknpc,trollmaledark,game greeting set of primary display,cmangos,2026-09-28
3407,Sian'dur,trollfemalelaidbacknpc,trollfemalelaidback,game greeting set of primary display,cmangos,2026-09-28
3408,Zel'mak,trollmaledarknpc,trollmaledark,game greeting set of primary display,cmangos,2026-09-28
3409,Zendo'jian,trollmaledarknpc,trollmaledark,game greeting set of primary display,cmangos,2026-09-28
3410,Jin'sora,trollmalestandardnpc,trollmalestandard,game greeting set of primary display,cmangos,2026-09-28
3411,Denni'ka,trollfemalestandardnpc,trollfemalestandard,game greeting set of primary display,cmangos,2026-09-28
3412,Nogg,goblinmalegruffnpc,goblinmalegruff,game greeting set of primary display,cmangos,2026-09-28
3413,Sovik,goblinmalezanynpc,goblinmalezany,game greeting set of primary display,cmangos,2026-09-28
3418,Kirge Sternhorn,taurenmaleshamannpc,taurenmaleshaman,game greeting set of primary display,cmangos,2026-09-28
3419,Apothecary Zamah,undeadfemalemagicnpc,undeadfemalemagic,game greeting set of primary display,cmangos,2026-09-28
3421,Feegly the Exiled,dwarfmalegrimnpc,dwarfmalegrim,game greeting set of primary display,cmangos,2026-09-28
3428,Korran,trollmalestandardnpc,trollmalestandard,game greeting set of primary display,cmangos,2026-09-28
3429,Thork,orcmaleguardnpc,orcmaleguard,game greeting set of primary display,cmangos,2026-09-28
3430,Mangletooth,retail_quilboar_m,creature:other_m,"non-character model -> MelloUI race key (or model name); creature: narrator; re-mapped 2026-09-28 from narrator_neutral (npc table, rule 3); re-mapped 2026-09-28 from retail_quilboar (npc table, rule 3)",cmangos,2026-09-28
3431,Grenthar,trollmaledarknpc,trollmaledark,game greeting set of primary display,cmangos,2026-09-28
3432,Mankrik,orcmaleguardnpc,orcmaleguard,game greeting set of primary display,cmangos,2026-09-28
3433,Tatternack Steelforge,orcmalestandardnpc,orcmalestandard,game greeting set of primary display,cmangos,2026-09-28
3439,Wizzlecrank's Shredder,goblinmalezanynpc,goblinmalezany,game greeting set of primary display,cmangos,2026-09-28
3441,Melor Stonehoof,taurenmaleshamannpc,taurenmaleshaman,game greeting set of primary display,cmangos,2026-09-28
3442,Sputtervalve,goblinmalegruffnpc,goblinmalegruff,game greeting set of primary display,cmangos,2026-09-28
3443,Grub,orcmaleguardnpc,orcmaleguard,game greeting set of primary display,cmangos,2026-09-28
3446,Mebok Mizzyrix,goblinmalezanynpc,goblinmalezany,game greeting set of primary display,cmangos,2026-09-28
3447,Pawe Mistrunner,taurenfemalestandardnpc,taurenfemalestandard,game greeting set of primary display,cmangos,2026-09-28
3448,Tonga Runetotem,taurenmaleshamannpc,taurenmaleshaman,game greeting set of primary display,cmangos,2026-09-28
3449,Darsok Swiftdagger,orcmaleshadynpc,orcmaleshady,game greeting set of primary display,cmangos,2026-09-28
3451,Pilot Wizzlecrank,goblinmalezanynpc,goblinmalezany,game greeting set of primary display,cmangos,2026-09-28
3453,Wharfmaster Dizzywig,goblinmalegruffnpc,goblinmalegruff,game greeting set of primary display,cmangos,2026-09-28
3464,Gazrog,orcmaleguardnpc,orcmaleguard,game greeting set of primary display,cmangos,2026-09-28
3465,Gilthares Firebough,nightelfmalestandardnpc,nightelfmalestandard,game greeting set of primary display,cmangos,2026-09-28
3467,Baron Longshore,humanmalewarriornpc,humanmalewarrior,game greeting set of primary display,cmangos,2026-09-28
3468,Ancient of Lore,creature_ancient,creature:treant_n,non-character model -> MelloUI race key (or model name); creature family,cmangos,2026-09-28
3469,Ancient of War,creature_ancient,creature:treant_n,non-character model -> MelloUI race key (or model name); creature family,cmangos,2026-09-28
3477,Hraq,orcmaleshadynpc,orcmaleshady,game greeting set of primary display,cmangos,2026-09-28
3478,Traugh,orcmalestandardnpc,orcmalestandard,game greeting set of primary display,cmangos,2026-09-28
3479,Nargal Deatheye,orcmaleguardnpc,orcmaleguard,game greeting set of primary display,cmangos,2026-09-28
3480,Moorane Hearthgrain,taurenfemalestandardnpc,taurenfemalestandard,game greeting set of primary display,cmangos,2026-09-28
3481,Barg,orcmalestandardnpc,orcmalestandard,game greeting set of primary display,cmangos,2026-09-28
3482,Tari'qa,trollmalestandardnpc,trollmalestandard,game greeting set of primary display,cmangos,2026-09-28
3483,Jahan Hawkwing,taurenmaleeldernpc,taurenmaleelder,game greeting set of primary display,cmangos,2026-09-28
3484,Kil'hala,trollmaledarknpc,trollmaledark,game greeting set of primary display,cmangos,2026-09-28
3485,Wrahk,orcmalestandardnpc,orcmalestandard,game greeting set of primary display,cmangos,2026-09-28
3486,Halija Whitestrider,taurenfemalestandardnpc,taurenfemalestandard,game greeting set of primary display,cmangos,2026-09-28
3487,Kalyimah Stormcloud,trollmalestandardnpc,trollmalestandard,game greeting set of primary display,cmangos,2026-09-28
3488,Uthrok,orcmalestandardnpc,orcmalestandard,game greeting set of primary display,cmangos,2026-09-28
3489,Zargh,orcmaleguardnpc,orcmaleguard,game greeting set of primary display,cmangos,2026-09-28
3490,Hula'mahi,trollmaleshamannpc,trollmaleshaman,game greeting set of primary display,cmangos,2026-09-28
3491,Ironzar,goblinmalegruffnpc,goblinmalegruff,game greeting set of primary display,cmangos,2026-09-28
3492,Vexspindle,goblinmalezanynpc,goblinmalezany,game greeting set of primary display,cmangos,2026-09-28
3493,Grazlix,goblinmalegruffnpc,goblinmalegruff,game greeting set of primary display,cmangos,2026-09-28
3494,Tinkerwiz,goblinmaleguardnpc,goblinmaleguard,game greeting set of primary display,cmangos,2026-09-28
3495,Gagsprocket,goblinmalegruffnpc,goblinmalegruff,game greeting set of primary display,cmangos,2026-09-28
3496,Fuzruckle,goblinmalegruffnpc,goblinmalegruff,game greeting set of primary display,cmangos,2026-09-28
3497,Kilxx,goblinmalezanynpc,goblinmalezany,game greeting set of primary display,cmangos,2026-09-28
3498,Jazzik,goblinmaleguardnpc,goblinmaleguard,game greeting set of primary display,cmangos,2026-09-28
3499,Ranik,goblinmalegruffnpc,goblinmalegruff,game greeting set of primary display,cmangos,2026-09-28
3500,Tarhus,taurenmaleshamannpc,taurenmaleshaman,game greeting set of primary display,cmangos,2026-09-28
3514,Tenaron Stormgrip,nightelfmaleofficialnpc,nightelfmaleofficial,game greeting set of primary display,cmangos,2026-09-28
3515,Corithras Moonrage,nightelfmaleofficialnpc,nightelfmaleofficial,game greeting set of primary display,cmangos,2026-09-28
3516,Arch Druid Fandral Staghelm,fandralstaghelm,fandralstaghelm,game greeting set of primary display,cmangos,2026-09-28
3517,Rellian Greenspyre,nightelfmalewarriornpc,nightelfmalewarrior,game greeting set of primary display,cmangos,2026-09-28
3518,Thomas Miller,humanmalestandardnpc,humanmalestandard,game greeting set of primary display,forever-cache,2026-09-28
3519,Sentinel Arynia Cloudsbreak,nightelffemalesentinelnpc,nightelffemalesentinel,game greeting set of primary display,cmangos,2026-09-28
3520,Ol' Emma,humanfemaleofficialnpc,humanfemaleofficial,game greeting set of primary display,forever-cache,2026-09-28
3521,Ak'Zeloth,orcmaleshadynpc,orcmaleshady,game greeting set of primary display,cmangos,2026-09-28
3522,Constance Brisboise,undeadfemalestandardnpc,undeadfemalestandard,game greeting set of primary display,forever-cache,2026-09-28
3523,Bowen Brisboise,undeadmalestandardnpc,undeadmalestandard,game greeting set of primary display,forever-cache,2026-09-28
3528,Pyrewood Armorer,humanmalewarriornpc,humanmalewarrior,game greeting set of primary display,cmangos,2026-09-28
3530,Pyrewood Tailor,humanmalestandardnpc,humanmalestandard,game greeting set of primary display,cmangos,2026-09-28
3531,Moonrage Tailor,narrator_neutral,creature:other_m,non-character model -> MelloUI race key (or model name); creature: narrator,cmangos,2026-09-28
3532,Pyrewood Leatherworker,humanfemalestandardnpc,humanfemalestandard,game greeting set of primary display,cmangos,2026-09-28
3534,Wallace the Blind,humanmalestandardnpc,humanmalestandard,game greeting set of primary display,cmangos,2026-09-28
3536,Kris Legace,humanfemalewarriornpc,humanfemalewarrior,game greeting set of primary display,cmangos,2026-09-28
3537,Zixil,goblinmalezanynpc,goblinmalezany,game greeting set of primary display,cmangos,2026-09-28
3539,Ott,orcmalestandardnpc,orcmalestandard,game greeting set of primary display,cmangos,2026-09-28
3540,Hal McAllister,humanmaleofficialnpc,humanmaleofficial,game greeting set of primary display,cmangos,2026-09-28
3541,Sarah Raycroft,humanfemalestandardnpc,humanfemalestandard,game greeting set of primary display,cmangos,2026-09-28
3542,Jaysin Lanyda,humanmalestandardnpc,humanmalestandard,game greeting set of primary display,cmangos,2026-09-28
3543,Robert Aebischer,humanmalewarriornpc,humanmalewarrior,game greeting set of primary display,cmangos,2026-09-28
3544,Jason Lemieux,undeadmaledarknpc,undeadmaledark,game greeting set of primary display,cmangos,2026-09-28
3545,Claude Erksine,dwarfmalestandardnpc,dwarfmalestandard,game greeting set of primary display,cmangos,2026-09-28
3546,Bernie Heisten,humanmalestandardnpc,humanmalestandard,game greeting set of primary display,cmangos,2026-09-28
3547,Hamlin Atkins,undeadmalestandardnpc,undeadmalestandard,game greeting set of primary display,forever-cache,2026-09-28
3548,Selina Weston,undeadfemalestandardnpc,undeadfemalestandard,game greeting set of primary display,forever-cache,2026-09-28
3549,Shelene Rhobart,undeadfemalestandardnpc,undeadfemalestandard,game greeting set of primary display,forever-cache,2026-09-28
3550,Martine Tramblay,undeadfemalestandardnpc,undeadfemalestandard,game greeting set of primary display,forever-cache,2026-09-28
3551,Patrice Dwyer,undeadfemalewarriornpc,undeadfemalewarrior,game greeting set of primary display,cmangos,2026-09-28
3552,Alexandre Lefevre,undeadfemalewarriornpc,undeadfemalewarrior,game greeting set of primary display,cmangos,2026-09-28
3553,Sebastian Meloche,undeadmaledarknpc,undeadmaledark,game greeting set of primary display,cmangos,2026-09-28
3554,Andrea Boynton,undeadfemalestandardnpc,undeadfemalestandard,game greeting set of primary display,cmangos,2026-09-28
3555,Johan Focht,undeadmaledarknpc,undeadmaledark,game greeting set of primary display,cmangos,2026-09-28
3556,Andrew Hilbert,undeadmalestandardnpc,undeadmalestandard,game greeting set of primary display,cmangos,2026-09-28
3557,Guillaume Sorouy,undeadfemalestandardnpc,undeadfemalestandard,game greeting set of primary display,cmangos,2026-09-28
3561,Kyrai,nightelffemalesentinelnpc,nightelffemalesentinel,game greeting set of primary display,cmangos,2026-09-28
3562,Alaindia,nightelffemalestandardnpc,nightelffemalestandard,game greeting set of primary display,cmangos,2026-09-28
3567,Tallonkai Swiftroot,nightelfmaleofficialnpc,nightelfmaleofficial,game greeting set of primary display,cmangos,2026-09-28
3568,Mist,narrator_neutral,creature:other_n,non-character model -> MelloUI race key (or model name); creature: narrator,cmangos,2026-09-28
3571,Teldrassil Sentinel,nightelffemalesentinelnpc,nightelffemalesentinel,game greeting set of primary display,cmangos,2026-09-28
3572,Zizzek,goblinmalezanynpc,goblinmalezany,game greeting set of primary display,cmangos,2026-09-28
3577,Dalaran Brewmaster,humanmalewarriornpc,humanmalewarrior,game greeting set of primary display,cmangos,2026-09-28
3578,Dalaran Miner,humanmalewarriornpc,humanmalewarrior,game greeting set of primary display,cmangos,2026-09-28
3583,Barithras Moonshade,nightelfmaleofficialnpc,nightelfmaleofficial,game greeting set of primary display,cmangos,2026-09-28
3584,Therylune,dryad,dryadwhat,game greeting set of primary display,cmangos,2026-09-28
3585,Therysil,dryad,dryadwhat,game greeting set of primary display,cmangos,2026-09-28
3587,Lyrai,nightelffemalesentinelnpc,nightelffemalesentinel,game greeting set of primary display,cmangos,2026-09-28
3588,Khardan Proudblade,nightelfmaleofficialnpc,nightelfmaleofficial,game greeting set of primary display,cmangos,2026-09-28
3589,Keina,nightelffemalepriestessnpc,nightelffemalepriestess,game greeting set of primary display,cmangos,2026-09-28
3590,Janna Brightmoon,nightelffemalestandardnpc,nightelffemalestandard,game greeting set of primary display,cmangos,2026-09-28
3591,Freja Nightwing,nightelffemalestandardnpc,nightelffemalestandard,game greeting set of primary display,cmangos,2026-09-28
3592,Andiss,nightelfmaleofficialnpc,nightelfmaleofficial,game greeting set of primary display,cmangos,2026-09-28
3593,Alyissia,nightelffemalesentinelnpc,nightelffemalesentinel,game greeting set of primary display,cmangos,2026-09-28
3594,Frahun Shadewhisper,nightelfmalewarriornpc,nightelfmalewarrior,game greeting set of primary display,cmangos,2026-09-28
3595,Shanda,nightelffemalepriestessnpc,nightelffemalepriestess,game greeting set of primary display,cmangos,2026-09-28
3596,Ayanna Everstride,nightelffemalepriestessnpc,nightelffemalepriestess,game greeting set of primary display,cmangos,2026-09-28
3597,Mardant Strongoak,nightelfmaleofficialnpc,nightelfmaleofficial,game greeting set of primary display,cmangos,2026-09-28
3598,Kyra Windblade,nightelffemalesentinelnpc,nightelffemalesentinel,game greeting set of primary display,cmangos,2026-09-28
3599,Jannok Breezesong,nightelfmalewarriornpc,nightelfmalewarrior,game greeting set of primary display,cmangos,2026-09-28
3600,Laurna Morninglight,nightelffemalepriestessnpc,nightelffemalepriestess,game greeting set of primary display,cmangos,2026-09-28
3601,Dazalar,nightelfmaleofficialnpc,nightelfmaleofficial,game greeting set of primary display,cmangos,2026-09-28
3602,Kal,nightelfmalestandardnpc,nightelfmalestandard,game greeting set of primary display,cmangos,2026-09-28
3603,Cyndra Kindwhisper,nightelffemalepriestessnpc,nightelffemalepriestess,game greeting set of primary display,cmangos,2026-09-28
3604,Malorne Bladeleaf,nightelfmaleofficialnpc,nightelfmaleofficial,game greeting set of primary display,cmangos,2026-09-28
3605,Nadyia Maneweaver,nightelffemalestandardnpc,nightelffemalestandard,game greeting set of primary display,cmangos,2026-09-28
3606,Alanna Raveneye,nightelffemalepriestessnpc,nightelffemalepriestess,game greeting set of primary display,cmangos,2026-09-28
3607,Androl Oakhand,nightelfmalestandardnpc,nightelfmalestandard,game greeting set of primary display,cmangos,2026-09-28
3608,Aldia,nightelffemalestandardnpc,nightelffemalestandard,game greeting set of primary display,cmangos,2026-09-28
3609,Shalomon,nightelfmaleofficialnpc,nightelfmaleofficial,game greeting set of primary display,cmangos,2026-09-28
3610,Jeena Featherbow,nightelffemalepriestessnpc,nightelffemalepriestess,game greeting set of primary display,cmangos,2026-09-28
3611,Brannol Eaglemoon,nightelfmalestandardnpc,nightelfmalestandard,game greeting set of primary display,cmangos,2026-09-28
3612,Sinda,nightelffemalesentinelnpc,nightelffemalesentinel,game greeting set of primary display,cmangos,2026-09-28
3613,Meri Ironweave,nightelffemalesentinelnpc,nightelffemalesentinel,game greeting set of primary display,cmangos,2026-09-28
3614,Narret Shadowgrove,nightelfmalewarriornpc,nightelfmalewarrior,game greeting set of primary display,cmangos,2026-09-28
3615,Devrak,orcmaleguardnpc,orcmaleguard,game greeting set of primary display,cmangos,2026-09-28
3616,Onu,creature_ancient,creature:treant_n,non-character model -> MelloUI race key (or model name); creature family,cmangos,2026-09-28
3620,Harruk,orcmalestandardnpc,orcmalestandard,game greeting set of primary display,cmangos,2026-09-28
3621,Kurll,orcmalestandardnpc,orcmalestandard,game greeting set of primary display,cmangos,2026-09-28
3622,Grokor,orcmalestandardnpc,orcmalestandard,game greeting set of primary display,cmangos,2026-09-28
3624,Zudd,orcmalestandardnpc,orcmalestandard,game greeting set of primary display,cmangos,2026-09-28
3625,Rarck,orcmalestandardnpc,orcmalestandard,game greeting set of primary display,cmangos,2026-09-28
3626,Jenn Langston,humanfemalestandardnpc,humanfemalestandard,game greeting set of primary display,forever-cache,2026-09-28
3627,Erich Lohan,humanmalestandardnpc,humanmalestandard,game greeting set of primary display,cmangos,2026-09-28
3628,Steven Lohan,humanmalestandardnpc,humanmalestandard,game greeting set of primary display,cmangos,2026-09-28
3629,David Langston,humanmalestandardnpc,humanmalestandard,game greeting set of primary display,forever-cache,2026-09-28
3639,Sentinel Tysha Moonblade,nightelffemalesentinelnpc,nightelffemalesentinel,game greeting set of primary display,cmangos,2026-09-28
3644,Cerellean Whiteclaw,nightelfmalestandardnpc,nightelfmalestandard,game greeting set of primary display,cmangos,2026-09-28
3649,Thundris Windweaver,nightelfmaleofficialnpc,nightelfmaleofficial,game greeting set of primary display,cmangos,2026-09-28
3650,Asterion,nightelfmalestandardnpc,nightelfmalestandard,silent in game -> crc32(entry) mod race/sex pool,cmangos,2026-09-28
3657,Sentinel Elissa Starbreeze,nightelffemalesentinelnpc,nightelffemalesentinel,game greeting set of primary display,cmangos,2026-09-28
3658,Lizzarik,goblinmalezanynpc,goblinmalezany,game greeting set of primary display,cmangos,2026-09-28
3661,Balthule Shadowstrike,nightelfmalewarriornpc,nightelfmalewarrior,game greeting set of primary display,cmangos,2026-09-28
3663,Delgren the Purifier,humanmaleofficialnpc,humanmaleofficial,game greeting set of primary display,cmangos,2026-09-28
3665,Crane Operator Bigglefuzz,goblinmaleguardnpc,goblinmaleguard,game greeting set of primary display,cmangos,2026-09-28
3666,Wizbang Cranktoggle,gnomemalestandardnpc,gnomemalestandard,game greeting set of primary display,cmangos,2026-09-28
3678,Disciple of Naralex,taurenmaleshamannpc,taurenmaleshaman,game greeting set of primary display,forever-cache,2026-09-28
3679,Naralex,retail_naralex,nightelfmaleofficial,"silent in game -> crc32(entry) mod race/sex pool; re-mapped 2026-09-28 from nightelfmaleofficialnpc (npc table, rule 1)",cmangos,2026-09-28
3682,Vrang Wildgore,orcmaleguardnpc,orcmaleguard,game greeting set of primary display,cmangos,2026-09-28
3683,Kiknikle,goblinmalezanynpc,goblinmalezany,game greeting set of primary display,cmangos,2026-09-28
3684,Pizznukle,goblinmalegruffnpc,goblinmalegruff,game greeting set of primary display,cmangos,2026-09-28
3685,Harb Clawhoof,taurenmaleeldernpc,taurenmaleelder,game greeting set of primary display,cmangos,2026-09-28
3688,Reban Freerunner,taurenmaleeldernpc,taurenmaleelder,game greeting set of primary display,cmangos,2026-09-28
3689,Laer Stepperunner,taurenmaleeldernpc,taurenmaleelder,game greeting set of primary display,cmangos,2026-09-28
3690,Kar Stormsinger,taurenmalewarriornpc,taurenmalewarrior,game greeting set of primary display,cmangos,2026-09-28
3691,Raene Wolfrunner,nightelffemalesentinelnpc,nightelffemalesentinel,game greeting set of primary display,cmangos,2026-09-28
3692,Volcor,nightelfmalewarriornpc,nightelfmalewarrior,game greeting set of primary display,cmangos,2026-09-28
3693,Terenthis,nightelfmaleofficialnpc,nightelfmaleofficial,game greeting set of primary display,cmangos,2026-09-28
3694,Sentinel Selarin,nightelffemalesentinelnpc,nightelffemalesentinel,game greeting set of primary display,cmangos,2026-09-28
3698,Bolyun,nightelfmalestandardnpc,nightelfmalestandard,game greeting set of primary display,cmangos,2026-09-28
3700,Jadenvis Seawatcher,nightelfmalestandardnpc,nightelfmalestandard,game greeting set of primary display,cmangos,2026-09-28
3701,Tharnariun Treetender,nightelfmalestandardnpc,nightelfmalestandard,game greeting set of primary display,cmangos,2026-09-28
3702,Alanndarian Nightsong,nightelffemalestandardnpc,nightelffemalestandard,game greeting set of primary display,cmangos,2026-09-28
3703,Krulmoo Fullmoon,taurenmaleeldernpc,taurenmaleelder,game greeting set of primary display,cmangos,2026-09-28
3704,Mahani,taurenfemalestandardnpc,taurenfemalestandard,game greeting set of primary display,cmangos,2026-09-28
3705,Gahroot,taurenmaleeldernpc,taurenmaleelder,game greeting set of primary display,cmangos,2026-09-28
3706,Tai'jin,trollfemaleoldnpc,trollfemaleold,game greeting set of primary display,cmangos,2026-09-28
3707,Ken'jai,trollmalestandardnpc,trollmalestandard,game greeting set of primary display,cmangos,2026-09-28
3708,Gruna,orcfemalestandardnpc,orcfemalestandard,game greeting set of primary display,cmangos,2026-09-28
3779,Syurana,nightelffemalestandardnpc,nightelffemalestandard,game greeting set of primary display,cmangos,2026-09-28
3836,Mountaineer Pebblebitty,dwarffemaleguardnpc,dwarffemaleguard,game greeting set of primary display,cmangos,2026-09-28
3838,Vesprystus,nightelfmaleofficialnpc,nightelfmaleofficial,game greeting set of primary display,cmangos,2026-09-28
3841,Caylais Moonfeather,nightelffemalesentinelnpc,nightelffemalesentinel,game greeting set of primary display,cmangos,2026-09-28
3842,Brombar Higgleby,dwarfmalestandardnpc,dwarfmalestandard,game greeting set of primary display,cmangos,2026-09-28
3845,Shindrell Swiftfire,nightelffemalesentinelnpc,nightelffemalesentinel,game greeting set of primary display,cmangos,2026-09-28
3846,Talen,nightelfmalestandardnpc,nightelfmalestandard,game greeting set of primary display,cmangos,2026-09-28
3847,Orendil Broadleaf,nightelfmaleofficialnpc,nightelfmaleofficial,game greeting set of primary display,cmangos,2026-09-28
3848,Kayneth Stillwind,nightelfmaleofficialnpc,nightelfmaleofficial,game greeting set of primary display,cmangos,2026-09-28
3849,Deathstalker Adamant,undeadmalewarriornpc,undeadmalewarrior,game greeting set of primary display,cmangos,2026-09-28
3850,Sorcerer Ashcrombe,humanmaleofficialnpc,humanmaleofficial,game greeting set of primary display,cmangos,2026-09-28
3880,Sentinel Melyria Frostshadow,nightelffemalesentinelnpc,nightelffemalesentinel,game greeting set of primary display,cmangos,2026-09-28
3881,Grimtak,orcmaleguardnpc,orcmaleguard,game greeting set of primary display,cmangos,2026-09-28
3882,Zlagk,orcmaleguardnpc,orcmaleguard,game greeting set of primary display,cmangos,2026-09-28
3883,Moodan Sungrain,taurenmaleeldernpc,taurenmaleelder,game greeting set of primary display,cmangos,2026-09-28
3884,Jhawna Oatwind,taurenfemalestandardnpc,taurenfemalestandard,game greeting set of primary display,cmangos,2026-09-28
3885,Sentinel Velene Starstrike,nightelffemalesentinelnpc,nightelffemalesentinel,game greeting set of primary display,cmangos,2026-09-28
3890,Brakgul Deathbringer,orcmaleguardnpc,orcmaleguard,game greeting set of primary display,cmangos,2026-09-28
3891,Teronis' Corpse,nightelfmaleofficialnpc,nightelfmaleofficial,silent in game -> crc32(entry) mod race/sex pool,cmangos,2026-09-28
3892,Relara Whitemoon,nightelffemalesentinelnpc,nightelffemalesentinel,silent in game -> crc32(entry) mod race/sex pool,cmangos,2026-09-28
3894,Pelturas Whitemoon,nightelfmaleofficialnpc,nightelfmaleofficial,game greeting set of primary display,cmangos,2026-09-28
3897,Krolg,creature_furbolg,creature:furbolg_m,non-character model -> MelloUI race key (or model name); creature family,cmangos,2026-09-28
3901,Illiyana,dryad,dryadwhat,game greeting set of primary display,cmangos,2026-09-28
3916,Shael'dryn,dryad,dryadwhat,game greeting set of primary display,cmangos,2026-09-28
3920,Anilia,dryad,creature:dryad_f,non-character model -> MelloUI race key (or model name); creature family,cmangos,2026-09-28
3933,Hai'zan,trollmalestandardnpc,trollmalestandard,game greeting set of primary display,cmangos,2026-09-28
3934,Innkeeper Boorand Plainswind,taurenmaleeldernpc,taurenmaleelder,game greeting set of primary display,cmangos,2026-09-28
3935,Toddrick,humanmaleofficialnpc,humanmaleofficial,game greeting set of primary display,forever-cache,2026-09-28
3936,Shandris Feathermoon,nightelffemalesentinelnpc,nightelffemalesentinel,game greeting set of primary display,cmangos,2026-09-28
3937,Kira Songshine,humanfemalestandardnpc,humanfemalestandard,game greeting set of primary display,forever-cache,2026-09-28
3945,Caravaneer Ruzzgot,goblinmalezanynpc,goblinmalezany,game greeting set of primary display,cmangos,2026-09-28
3948,Honni Goldenoat,dwarffemaleyoungnpc,dwarffemaleyoung,game greeting set of primary display,cmangos,2026-09-28
3951,Bhaldaran Ravenshade,nightelfmaleofficialnpc,nightelfmaleofficial,game greeting set of primary display,cmangos,2026-09-28
3952,Aeolynn,nightelffemalestandardnpc,nightelffemalestandard,game greeting set of primary display,cmangos,2026-09-28
3953,Tandaan Lightmane,nightelfmalewarriornpc,nightelfmalewarrior,game greeting set of primary display,cmangos,2026-09-28
3954,Dalria,nightelffemalestandardnpc,nightelffemalestandard,game greeting set of primary display,cmangos,2026-09-28
3955,Shandrina,nightelffemalesentinelnpc,nightelffemalesentinel,game greeting set of primary display,cmangos,2026-09-28
3956,Harklan Moongrove,nightelfmalestandardnpc,nightelfmalestandard,game greeting set of primary display,cmangos,2026-09-28
3958,Lardan,nightelfmalestandardnpc,nightelfmalestandard,game greeting set of primary display,cmangos,2026-09-28
3959,Nantar,nightelfmaleofficialnpc,nightelfmaleofficial,game greeting set of primary display,cmangos,2026-09-28
3960,Ulthaan,nightelfmaleofficialnpc,nightelfmaleofficial,game greeting set of primary display,cmangos,2026-09-28
3961,Maliynn,nightelffemalesentinelnpc,nightelffemalesentinel,game greeting set of primary display,cmangos,2026-09-28
3962,Haljan Oakheart,nightelfmaleofficialnpc,nightelfmaleofficial,game greeting set of primary display,cmangos,2026-09-28
3963,Danlaar Nightstride,nightelfmalewarriornpc,nightelfmalewarrior,game greeting set of primary display,cmangos,2026-09-28
3964,Kylanna,nightelffemalepriestessnpc,nightelffemalepriestess,game greeting set of primary display,cmangos,2026-09-28
3965,Cylania Rootstalker,nightelffemalestandardnpc,nightelffemalestandard,game greeting set of primary display,cmangos,2026-09-28
3967,Aayndia Floralwind,nightelffemalesentinelnpc,nightelffemalesentinel,game greeting set of primary display,cmangos,2026-09-28
3969,Fahran Silentblade,nightelfmalewarriornpc,nightelfmalewarrior,game greeting set of primary display,cmangos,2026-09-28
3970,Llana,nightelffemalestandardnpc,nightelffemalestandard,game greeting set of primary display,cmangos,2026-09-28
3978,Sage Truthseeker,taurenmaleshamannpc,taurenmaleshaman,game greeting set of primary display,cmangos,2026-09-28
3979,Librarian Mae Paledust,dwarffemalematernalnpc,dwarffemalematernal,game greeting set of primary display,cmangos,2026-09-28
3980,Raleigh the Devout,humanmalewarriornpc,humanmalewarrior,game greeting set of primary display,cmangos,2026-09-28
3981,Vorrel Sengutz,undeadmaledarknpc,undeadmaledark,silent in game -> crc32(entry) mod race/sex pool,cmangos,2026-09-28
3982,Monika Sengutz,undeadfemalewarriornpc,undeadfemalewarrior,game greeting set of primary display,cmangos,2026-09-28
3994,Keeper Albagorm,creature_keeper,creature:keeper_m,non-character model -> MelloUI race key (or model name); creature family; re-mapped 2026-09-28 from creature_ancient,cmangos,2026-09-28
3995,Witch Doctor Jin'Zil,trollmaledarknpc,trollmaledark,game greeting set of primary display,cmangos,2026-09-28
3996,Faldreas Goeth'Shael,nightelfmaleofficialnpc,nightelfmaleofficial,game greeting set of primary display,cmangos,2026-09-28
4043,Galthuk,orcmaleguardnpc,orcmaleguard,game greeting set of primary display,cmangos,2026-09-28
4046,Magatha Grimtotem,magathagrimtotem,magathagrimtotem,game greeting set of primary display,cmangos,2026-09-28
4047,Zor Lonetree,orcmaleshadynpc,orcmaleshady,game greeting set of primary display,cmangos,2026-09-28
4048,Falfindel Waywarder,nightelfmaleofficialnpc,nightelfmaleofficial,game greeting set of primary display,cmangos,2026-09-28
4049,Seereth Stonebreak,orcfemaleshamannpc,orcfemaleshaman,game greeting set of primary display,cmangos,2026-09-28
4050,Cenarion Caretaker,nightelfmalewarriornpc,nightelfmalewarrior,game greeting set of primary display,cmangos,2026-09-28
4052,Cenarion Druid,nightelfmaleofficialnpc,nightelfmaleofficial,game greeting set of primary display,cmangos,2026-09-28
4056,Mirkfallon Keeper,creature_keeper,creature:keeper_m,non-character model -> MelloUI race key (or model name); creature family; re-mapped 2026-09-28 from creature_ancient,cmangos,2026-09-28
4061,Mirkfallon Dryad,dryad,dryadwhat,game greeting set of primary display,cmangos,2026-09-28
4077,Gaxim Rustfizzle,gnomemalezanynpc,gnomemalezany,game greeting set of primary display,cmangos,2026-09-28
4078,Collin Mauren,humanmalestandardnpc,humanmalestandard,game greeting set of primary display,cmangos,2026-09-28
4079,Sentinel Thenysil,nightelffemalesentinelnpc,nightelffemalesentinel,game greeting set of primary display,cmangos,2026-09-28
4080,Kaela Shadowspear,nightelffemalesentinelnpc,nightelffemalesentinel,game greeting set of primary display,cmangos,2026-09-28
4081,Lomac Gearstrip,gnomemalestandardnpc,gnomemalestandard,game greeting set of primary display,cmangos,2026-09-28
4082,Grawnal,orcmalestandardnpc,orcmalestandard,game greeting set of primary display,cmangos,2026-09-28
4083,Jeeda,orcfemaleshamannpc,orcfemaleshaman,game greeting set of primary display,cmangos,2026-09-28
4084,Chylina,nightelffemalestandardnpc,nightelffemalestandard,game greeting set of primary display,cmangos,2026-09-28
4085,Nizzik,goblinmalezanynpc,goblinmalezany,game greeting set of primary display,cmangos,2026-09-28
4086,Veenix,goblinmalezanynpc,goblinmalezany,game greeting set of primary display,cmangos,2026-09-28
4087,Arias'ta Bladesinger,nightelffemalestandardnpc,nightelffemalestandard,game greeting set of primary display,cmangos,2026-09-28
4088,Elanaria,nightelffemalesentinelnpc,nightelffemalesentinel,game greeting set of primary display,cmangos,2026-09-28
4089,Sildanair,nightelffemalesentinelnpc,nightelffemalesentinel,game greeting set of primary display,cmangos,2026-09-28
4090,Astarii Starseeker,nightelffemalepriestessnpc,nightelffemalepriestess,game greeting set of primary display,cmangos,2026-09-28
4091,Jandria,nightelffemalepriestessnpc,nightelffemalepriestess,game greeting set of primary display,cmangos,2026-09-28
4092,Lariia,nightelffemalepriestessnpc,nightelffemalepriestess,game greeting set of primary display,cmangos,2026-09-28
4126,Crag Stalker,narrator_neutral,creature:other_n,non-character model -> MelloUI race key (or model name); creature: narrator,cmangos,2026-09-28
4138,Jeen'ra Nightrunner,nightelffemalesentinelnpc,nightelffemalesentinel,game greeting set of primary display,cmangos,2026-09-28
4146,Jocaste,nightelffemalesentinelnpc,nightelffemalesentinel,game greeting set of primary display,cmangos,2026-09-28
4155,Idriana,nightelffemalepriestessnpc,nightelffemalepriestess,game greeting set of primary display,cmangos,2026-09-28
4156,Astaia,nightelffemalestandardnpc,nightelffemalestandard,game greeting set of primary display,cmangos,2026-09-28
4159,Me'lynn,nightelffemalepriestessnpc,nightelffemalepriestess,game greeting set of primary display,cmangos,2026-09-28
4160,Ainethil,nightelffemalepriestessnpc,nightelffemalepriestess,game greeting set of primary display,cmangos,2026-09-28
4161,Lysheana,nightelffemalepriestessnpc,nightelffemalepriestess,game greeting set of primary display,cmangos,2026-09-28
4163,Syurna,nightelffemalesentinelnpc,nightelffemalesentinel,game greeting set of primary display,cmangos,2026-09-28
4164,Cylania,nightelffemalestandardnpc,nightelffemalestandard,game greeting set of primary display,cmangos,2026-09-28
4165,Elissa Dumas,humanfemaleofficialnpc,humanfemaleofficial,game greeting set of primary display,cmangos,2026-09-28
4167,Dendrythis,nightelffemalestandardnpc,nightelffemalestandard,game greeting set of primary display,cmangos,2026-09-28
4168,Elynna,nightelffemalestandardnpc,nightelffemalestandard,game greeting set of primary display,cmangos,2026-09-28
4169,Jaeana,nightelffemalestandardnpc,nightelffemalestandard,game greeting set of primary display,cmangos,2026-09-28
4170,Ellandrieth,nightelffemalepriestessnpc,nightelffemalepriestess,game greeting set of primary display,cmangos,2026-09-28
4171,Merelyssa,nightelffemalesentinelnpc,nightelffemalesentinel,game greeting set of primary display,cmangos,2026-09-28
4172,Anadyia,nightelffemalestandardnpc,nightelffemalestandard,game greeting set of primary display,cmangos,2026-09-28
4173,Landria,nightelffemalestandardnpc,nightelffemalestandard,game greeting set of primary display,cmangos,2026-09-28
4175,Vinasia,nightelffemalesentinelnpc,nightelffemalesentinel,game greeting set of primary display,cmangos,2026-09-28
4177,Melea,nightelffemalesentinelnpc,nightelffemalesentinel,game greeting set of primary display,cmangos,2026-09-28
4180,Ealyshia Dewwhisper,nightelffemalesentinelnpc,nightelffemalesentinel,game greeting set of primary display,cmangos,2026-09-28
4181,Fyrenna,nightelffemalepriestessnpc,nightelffemalepriestess,game greeting set of primary display,cmangos,2026-09-28
4182,Dalmond,nightelfmalestandardnpc,nightelfmalestandard,game greeting set of primary display,cmangos,2026-09-28
4183,Naram Longclaw,nightelfmalewarriornpc,nightelfmalewarrior,game greeting set of primary display,cmangos,2026-09-28
4184,Geenia Sunshadow,nightelffemalestandardnpc,nightelffemalestandard,game greeting set of primary display,cmangos,2026-09-28
4185,Shaldyn,nightelffemalepriestessnpc,nightelffemalepriestess,game greeting set of primary display,cmangos,2026-09-28
4186,Mavralyn,nightelffemalesentinelnpc,nightelffemalesentinel,game greeting set of primary display,cmangos,2026-09-28
4187,Harlon Thornguard,nightelfmalewarriornpc,nightelfmalewarrior,game greeting set of primary display,cmangos,2026-09-28
4188,Illyanie,nightelffemalestandardnpc,nightelffemalestandard,game greeting set of primary display,cmangos,2026-09-28
4189,Valdaron,nightelfmaleofficialnpc,nightelfmaleofficial,game greeting set of primary display,cmangos,2026-09-28
4190,Kyndri,nightelffemalestandardnpc,nightelffemalestandard,game greeting set of primary display,cmangos,2026-09-28
4191,Allyndia,nightelffemalestandardnpc,nightelffemalestandard,game greeting set of primary display,cmangos,2026-09-28
4192,Taldan,nightelfmaleofficialnpc,nightelfmaleofficial,game greeting set of primary display,cmangos,2026-09-28
4193,Grondal Moonbreeze,nightelfmalestandardnpc,nightelfmalestandard,game greeting set of primary display,cmangos,2026-09-28
4194,Ullanna,nightelffemalestandardnpc,nightelffemalestandard,game greeting set of primary display,cmangos,2026-09-28
4195,Tiyani,nightelffemalepriestessnpc,nightelffemalepriestess,game greeting set of primary display,cmangos,2026-09-28
4197,Ken'zigla,trollmalestandardnpc,trollmalestandard,game greeting set of primary display,cmangos,2026-09-28
4198,Braelyn Firehand,nightelffemalestandardnpc,nightelffemalestandard,game greeting set of primary display,cmangos,2026-09-28
4200,Laird,nightelfmalestandardnpc,nightelfmalestandard,game greeting set of primary display,cmangos,2026-09-28
4201,Ziz Fizziks,goblinmalegruffnpc,goblinmalegruff,game greeting set of primary display,cmangos,2026-09-28
4203,Ariyell Skyshadow,nightelffemalesentinelnpc,nightelffemalesentinel,game greeting set of primary display,cmangos,2026-09-28
4204,Firodren Mooncaller,nightelfmalestandardnpc,nightelfmalestandard,game greeting set of primary display,cmangos,2026-09-28
4205,Dorion,nightelfmalewarriornpc,nightelfmalewarrior,game greeting set of primary display,cmangos,2026-09-28
4208,Lairn,nightelfmalewarriornpc,nightelfmalewarrior,game greeting set of primary display,cmangos,2026-09-28
4209,Garryeth,nightelfmaleofficialnpc,nightelfmaleofficial,game greeting set of primary display,cmangos,2026-09-28
4210,Alegorn,nightelfmalestandardnpc,nightelfmalestandard,game greeting set of primary display,cmangos,2026-09-28
4211,Dannelor,nightelfmaleofficialnpc,nightelfmaleofficial,game greeting set of primary display,cmangos,2026-09-28
4212,Telonis,nightelfmalewarriornpc,nightelfmalewarrior,game greeting set of primary display,cmangos,2026-09-28
4213,Taladan,nightelfmaleofficialnpc,nightelfmaleofficial,game greeting set of primary display,cmangos,2026-09-28
4214,Erion Shadewhisper,nightelfmalewarriornpc,nightelfmalewarrior,game greeting set of primary display,cmangos,2026-09-28
4215,Anishar,nightelfmalewarriornpc,nightelfmalewarrior,game greeting set of primary display,cmangos,2026-09-28
4216,Chardryn,nightelfmalestandardnpc,nightelfmalestandard,game greeting set of primary display,cmangos,2026-09-28
4217,Mathrengyl Bearwalker,nightelfmalestandardnpc,nightelfmalestandard,game greeting set of primary display,cmangos,2026-09-28
4218,Denatharion,nightelfmaleofficialnpc,nightelfmaleofficial,game greeting set of primary display,cmangos,2026-09-28
4219,Fylerian Nightwing,nightelfmalewarriornpc,nightelfmalewarrior,game greeting set of primary display,cmangos,2026-09-28
4220,Cyroen,nightelfmalestandardnpc,nightelfmalestandard,game greeting set of primary display,cmangos,2026-09-28
4221,Talaelar,nightelfmalestandardnpc,nightelfmalestandard,game greeting set of primary display,cmangos,2026-09-28
4222,Voloren,nightelfmaleofficialnpc,nightelfmaleofficial,game greeting set of primary display,cmangos,2026-09-28
4223,Fyldan,nightelfmaleofficialnpc,nightelfmaleofficial,game greeting set of primary display,cmangos,2026-09-28
4225,Saenorion,nightelfmalestandardnpc,nightelfmalestandard,game greeting set of primary display,cmangos,2026-09-28
4226,Ulthir,nightelfmalestandardnpc,nightelfmalestandard,game greeting set of primary display,cmangos,2026-09-28
4228,Vaean,nightelfmalestandardnpc,nightelfmalestandard,game greeting set of primary display,cmangos,2026-09-28
4229,Mythrin'dir,nightelfmaleofficialnpc,nightelfmaleofficial,game greeting set of primary display,cmangos,2026-09-28
4230,Yldan,nightelfmalestandardnpc,nightelfmalestandard,game greeting set of primary display,cmangos,2026-09-28
4231,Kieran,nightelfmalewarriornpc,nightelfmalewarrior,game greeting set of primary display,cmangos,2026-09-28
4232,Glorandiir,nightelfmalestandardnpc,nightelfmalestandard,game greeting set of primary display,cmangos,2026-09-28
4233,Mythidan,nightelfmalestandardnpc,nightelfmalestandard,game greeting set of primary display,cmangos,2026-09-28
4234,Andrus,nightelfmalestandardnpc,nightelfmalestandard,game greeting set of primary display,cmangos,2026-09-28
4235,Turian,nightelfmalestandardnpc,nightelfmalestandard,game greeting set of primary display,cmangos,2026-09-28
4236,Cyridan,nightelfmaleofficialnpc,nightelfmaleofficial,game greeting set of primary display,cmangos,2026-09-28
4240,Caynrus,nightelfmalewarriornpc,nightelfmalewarrior,game greeting set of primary display,cmangos,2026-09-28
4241,Mydrannul,nightelfmaleofficialnpc,nightelfmaleofficial,game greeting set of primary display,cmangos,2026-09-28
4254,Geofram Bouldertoe,dwarfmalegrimnpc,dwarfmalegrim,game greeting set of primary display,cmangos,2026-09-28
4255,Brogus Thunderbrew,dwarfmalestandardnpc,dwarfmalestandard,game greeting set of primary display,cmangos,2026-09-28
4256,Golnir Bouldertoe,dwarfmaleguardnpc,dwarfmaleguard,game greeting set of primary display,cmangos,2026-09-28
4257,Lana Thunderbrew,dwarffemaleguardnpc,dwarffemaleguard,game greeting set of primary display,cmangos,2026-09-28
4258,Bengus Deepforge,dwarfmaleguardnpc,dwarfmaleguard,game greeting set of primary display,cmangos,2026-09-28
4259,Thurgrum Deepforge,dwarfmalestandardnpc,dwarfmalestandard,game greeting set of primary display,cmangos,2026-09-28
4262,Darnassus Sentinel,nightelffemalesentinelnpc,nightelffemalesentinel,game greeting set of primary display,cmangos,2026-09-28
4265,Nyoma,nightelffemalestandardnpc,nightelffemalestandard,game greeting set of primary display,cmangos,2026-09-28
4266,Danlyia,nightelffemalesentinelnpc,nightelffemalesentinel,game greeting set of primary display,cmangos,2026-09-28
4267,Daelyshia,nightelffemalestandardnpc,nightelffemalestandard,game greeting set of primary display,cmangos,2026-09-28
4276,Piznik,goblinmalegruffnpc,goblinmalegruff,game greeting set of primary display,cmangos,2026-09-28
4305,Kriggon Talsone,humanmalestandardnpc,humanmalestandard,game greeting set of primary display,cmangos,2026-09-28
4307,Heldan Galesong,nightelfmalestandardnpc,nightelfmalestandard,game greeting set of primary display,cmangos,2026-09-28
4309,Gorm Grimtotem,taurenmalewarriornpc,taurenmalewarrior,game greeting set of primary display,cmangos,2026-09-28
4310,Cor Grimtotem,taurenmalewarriornpc,taurenmalewarrior,game greeting set of primary display,cmangos,2026-09-28
4312,Tharm,taurenmalewarriornpc,taurenmalewarrior,game greeting set of primary display,cmangos,2026-09-28
4314,Gorkas,orcmalestandardnpc,orcmalestandard,game greeting set of primary display,cmangos,2026-09-28
4317,Nyse,taurenfemaleofficialnpc,taurenfemaleofficial,game greeting set of primary display,cmangos,2026-09-28
4319,Thyssiana,nightelffemalestandardnpc,nightelffemalestandard,game greeting set of primary display,cmangos,2026-09-28
4320,Caelyb,nightelfmalestandardnpc,nightelfmalestandard,game greeting set of primary display,cmangos,2026-09-28
4321,Baldruc,dwarfmaleguardnpc,dwarfmaleguard,game greeting set of primary display,cmangos,2026-09-28
4407,Teloren,nightelfmalestandardnpc,nightelfmalestandard,game greeting set of primary display,cmangos,2026-09-28
4409,Gatekeeper Kordurus,creature_keeper,creature:keeper_m,non-character model -> MelloUI race key (or model name); creature family; re-mapped 2026-09-28 from creature_ancient,cmangos,2026-09-28
4419,Race Master Kronkrider,dwarfmalestandardnpc,dwarfmalestandard,game greeting set of primary display,cmangos,2026-09-28
4425,Blind Hunter,narrator_neutral,creature:other_n,non-character model -> MelloUI race key (or model name); creature: narrator,cmangos,2026-09-28
4429,Goblin Pit Crewman,goblinmaleguardnpc,goblinmaleguard,game greeting set of primary display,cmangos,2026-09-28
4430,Gnome Pit Crewman,gnomefemalenerdynpc,gnomefemalenerdy,game greeting set of primary display,cmangos,2026-09-28
4444,Deathstalker Vincent,undeadmalewarriornpc,undeadmalewarrior,silent in game -> crc32(entry) mod race/sex pool,cmangos,2026-09-28
4451,Auld Stonespire,taurenmaleeldernpc,taurenmaleelder,game greeting set of primary display,cmangos,2026-09-28
4452,Kravel Koalbeard,dwarfmalegrimnpc,dwarfmalegrim,game greeting set of primary display,cmangos,2026-09-28
4453,Wizzle Brassbolts,gnomemalezanynpc,gnomemalezany,game greeting set of primary display,cmangos,2026-09-28
4454,Fizzle Brassbolts,gnomemaleyoungnpc,gnomemaleyoung,game greeting set of primary display,cmangos,2026-09-28
4455,Red Jack Flint,humanmalewarriornpc,humanmalewarrior,game greeting set of primary display,cmangos,2026-09-28
4456,Fiora Longears,nightelffemalestandardnpc,nightelffemalestandard,game greeting set of primary display,cmangos,2026-09-28
4483,Moktar Krin,orcmaleguardnpc,orcmaleguard,game greeting set of primary display,cmangos,2026-09-28
4484,Feero Ironhand,humanmalestandardnpc,humanmalestandard,game greeting set of primary display,cmangos,2026-09-28
4485,Belgrom Rockmaul,orcmaleguardnpc,orcmaleguard,game greeting set of primary display,cmangos,2026-09-28
4486,Genavie Callow,undeadfemalewarriornpc,undeadfemalewarrior,game greeting set of primary display,cmangos,2026-09-28
4488,Parqual Fintallas,undeadmalestandardnpc,undeadmalestandard,game greeting set of primary display,cmangos,2026-09-28
4489,Braug Dimspirit,taurenmaleshamannpc,taurenmaleshaman,game greeting set of primary display,cmangos,2026-09-28
4495,Gnome Pit Boss,gnomemalestandardnpc,gnomemalestandard,game greeting set of primary display,cmangos,2026-09-28
4496,Goblin Pit Boss,goblinmalegruffnpc,goblinmalegruff,game greeting set of primary display,cmangos,2026-09-28
4498,Maurin Bonesplitter,undeadmaledarknpc,undeadmaledark,game greeting set of primary display,cmangos,2026-09-28
4500,Overlord Mok'Morokk,creature_ogre,creature:ogre_m,non-character model -> MelloUI race key (or model name); creature family,cmangos,2026-09-28
4501,Draz'Zilb,creature_ogre,creature:ogre_m,non-character model -> MelloUI race key (or model name); creature family,cmangos,2026-09-28
4502,Tharg,creature_ogre,creature:ogre_m,non-character model -> MelloUI race key (or model name); creature family,cmangos,2026-09-28
4503,Mudcrush Durtfeet,creature_ogre,creature:ogre_m,non-character model -> MelloUI race key (or model name); creature family,cmangos,2026-09-28
4508,Willix the Importer,goblinmalegruffnpc,goblinmalegruff,game greeting set of primary display,cmangos,2026-09-28
4510,Heralath Fallowbrook,nightelfmalewarriornpc,nightelfmalewarrior,silent in game -> crc32(entry) mod race/sex pool,cmangos,2026-09-28
4521,Treshala Fallowbrook,nightelffemalestandardnpc,nightelffemalestandard,game greeting set of primary display,cmangos,2026-09-28
4542,High Inquisitor Fairbanks,undeadmaledarknpc,undeadmaledark,silent in game -> crc32(entry) mod race/sex pool,cmangos,2026-09-28
4544,Krueg Skullsplitter,orcmaleguardnpc,orcmaleguard,game greeting set of primary display,cmangos,2026-09-28
4549,William Montague,undeadmalestandardnpc,undeadmalestandard,game greeting set of primary display,cmangos,2026-09-28
4550,Ophelia Montague,undeadmalewarriornpc,creature:undead_n,non-character model -> MelloUI race key (or model name); pool undead_n -> undeadmalewarrior,cmangos,2026-09-28
4551,Michael Garrett,undeadmalewarriornpc,undeadmalewarrior,game greeting set of primary display,cmangos,2026-09-28
4552,Eunice Burch,undeadfemalestandardnpc,undeadfemalestandard,game greeting set of primary display,cmangos,2026-09-28
4553,Ronald Burch,undeadmalestandardnpc,undeadmalestandard,game greeting set of primary display,cmangos,2026-09-28
4554,Tawny Grisette,undeadfemalestandardnpc,undeadfemalestandard,game greeting set of primary display,cmangos,2026-09-28
4555,Eleanor Rusk,undeadfemalestandardnpc,undeadfemalestandard,game greeting set of primary display,cmangos,2026-09-28
4556,Gordon Wendham,undeadmalestandardnpc,undeadmalestandard,game greeting set of primary display,cmangos,2026-09-28
4557,Louis Warren,undeadmalewarriornpc,undeadmalewarrior,game greeting set of primary display,cmangos,2026-09-28
4558,Lauren Newcomb,undeadfemalestandardnpc,undeadfemalestandard,game greeting set of primary display,cmangos,2026-09-28
4559,Timothy Weldon,undeadmalewarriornpc,undeadmalewarrior,game greeting set of primary display,cmangos,2026-09-28
4560,Walter Ellingson,undeadmalestandardnpc,undeadmalestandard,game greeting set of primary display,cmangos,2026-09-28
4561,Daniel Bartlett,undeadmalestandardnpc,undeadmalestandard,game greeting set of primary display,cmangos,2026-09-28
4562,Thomas Mordan,undeadmaledarknpc,undeadmaledark,game greeting set of primary display,cmangos,2026-09-28
4563,Kaal Soulreaper,orcmaleshadynpc,orcmaleshady,game greeting set of primary display,cmangos,2026-09-28
4564,Luther Pickman,undeadmaledarknpc,undeadmaledark,game greeting set of primary display,cmangos,2026-09-28
4565,Richard Kerwin,undeadmalestandardnpc,undeadmalestandard,game greeting set of primary display,cmangos,2026-09-28
4566,Kaelystia Hatebringer,undeadfemalemagicnpc,undeadfemalemagic,game greeting set of primary display,cmangos,2026-09-28
4567,Pierce Shackleton,undeadmaledarknpc,undeadmaledark,game greeting set of primary display,cmangos,2026-09-28
4568,Anastasia Hartwell,undeadfemalemagicnpc,undeadfemalemagic,game greeting set of primary display,cmangos,2026-09-28
4569,Charles Seaton,undeadmalewarriornpc,undeadmalewarrior,game greeting set of primary display,cmangos,2026-09-28
4570,Sydney Upton,undeadfemalemagicnpc,undeadfemalemagic,game greeting set of primary display,cmangos,2026-09-28
4571,Morley Bates,undeadmalestandardnpc,undeadmalestandard,game greeting set of primary display,cmangos,2026-09-28
4572,Silas Zimmer,undeadmaledarknpc,undeadmaledark,game greeting set of primary display,cmangos,2026-09-28
4573,Armand Cromwell,undeadmalestandardnpc,undeadmalestandard,game greeting set of primary display,cmangos,2026-09-28
4574,Lizbeth Cromwell,undeadfemalestandardnpc,undeadfemalestandard,game greeting set of primary display,cmangos,2026-09-28
4575,Hannah Akeley,undeadfemalemagicnpc,undeadfemalemagic,game greeting set of primary display,cmangos,2026-09-28
4576,Josef Gregorian,undeadmaledarknpc,undeadmaledark,game greeting set of primary display,cmangos,2026-09-28
4577,Millie Gregorian,undeadfemalewarriornpc,undeadfemalewarrior,game greeting set of primary display,cmangos,2026-09-28
4578,Josephine Lister,undeadfemalewarriornpc,undeadfemalewarrior,game greeting set of primary display,cmangos,2026-09-28
4580,Lucille Castleton,undeadfemalemagicnpc,undeadfemalemagic,game greeting set of primary display,cmangos,2026-09-28
4581,Salazar Bloch,undeadmaledarknpc,undeadmaledark,game greeting set of primary display,cmangos,2026-09-28
4582,Carolyn Ward,undeadfemalewarriornpc,undeadfemalewarrior,game greeting set of primary display,cmangos,2026-09-28
4583,Miles Dexter,undeadmaledarknpc,undeadmaledark,game greeting set of primary display,cmangos,2026-09-28
4584,Gregory Charles,undeadmalewarriornpc,undeadmalewarrior,game greeting set of primary display,cmangos,2026-09-28
4585,Ezekiel Graves,undeadmaledarknpc,undeadmaledark,game greeting set of primary display,cmangos,2026-09-28
4586,Graham Van Talen,undeadmalestandardnpc,undeadmalestandard,game greeting set of primary display,cmangos,2026-09-28
4587,Elizabeth Van Talen,undeadfemalestandardnpc,undeadfemalestandard,game greeting set of primary display,cmangos,2026-09-28
4588,Arthur Moore,undeadmaledarknpc,undeadmaledark,game greeting set of primary display,cmangos,2026-09-28
4589,Joseph Moore,undeadmalestandardnpc,undeadmalestandard,game greeting set of primary display,cmangos,2026-09-28
4590,Jonathan Chambers,undeadmalestandardnpc,undeadmalestandard,game greeting set of primary display,cmangos,2026-09-28
4591,Mary Edras,undeadfemalestandardnpc,undeadfemalestandard,game greeting set of primary display,cmangos,2026-09-28
4592,Nathaniel Steenwick,undeadmalestandardnpc,undeadmalestandard,game greeting set of primary display,cmangos,2026-09-28
4593,Christoph Walker,undeadmalewarriornpc,undeadmalewarrior,game greeting set of primary display,cmangos,2026-09-28
4594,Angela Curthas,undeadfemalewarriornpc,undeadfemalewarrior,game greeting set of primary display,cmangos,2026-09-28
4595,Baltus Fowler,undeadmaledarknpc,undeadmaledark,game greeting set of primary display,cmangos,2026-09-28
4596,James Van Brunt,undeadmaledarknpc,undeadmaledark,game greeting set of primary display,cmangos,2026-09-28
4597,Samuel Van Brunt,undeadmalewarriornpc,undeadmalewarrior,game greeting set of primary display,cmangos,2026-09-28
4598,Brom Killian,undeadmalestandardnpc,undeadmalestandard,game greeting set of primary display,cmangos,2026-09-28
4599,Sarah Killian,undeadfemalestandardnpc,undeadfemalestandard,game greeting set of primary display,cmangos,2026-09-28
4600,Geoffrey Hartwell,undeadmalewarriornpc,undeadmalewarrior,game greeting set of primary display,cmangos,2026-09-28
4601,Francis Eliot,undeadmaledarknpc,undeadmaledark,game greeting set of primary display,cmangos,2026-09-28
4602,Benijah Fenner,undeadmalestandardnpc,undeadmalestandard,game greeting set of primary display,cmangos,2026-09-28
4603,Nicholas Atwood,undeadmalewarriornpc,undeadmalewarrior,game greeting set of primary display,cmangos,2026-09-28
4604,Abigail Sawyer,undeadfemalewarriornpc,undeadfemalewarrior,game greeting set of primary display,cmangos,2026-09-28
4605,Basil Frye,undeadmalestandardnpc,undeadmalestandard,game greeting set of primary display,cmangos,2026-09-28
4606,Aelthalyste,undeadfemalemagicnpc,undeadfemalemagic,game greeting set of primary display,cmangos,2026-09-28
4607,Father Lankester,undeadmalestandardnpc,undeadmalestandard,game greeting set of primary display,cmangos,2026-09-28
4608,Father Lazarus,undeadmaledarknpc,undeadmaledark,game greeting set of primary display,cmangos,2026-09-28
4609,Doctor Marsh,undeadmaledarknpc,undeadmaledark,game greeting set of primary display,cmangos,2026-09-28
4610,Algernon,undeadmaledarknpc,creature:undead_n,non-character model -> MelloUI race key (or model name); pool undead_n -> undeadmaledark,cmangos,2026-09-28
4611,Doctor Herbert Halsey,undeadmaledarknpc,undeadmaledark,game greeting set of primary display,cmangos,2026-09-28
4612,Boyle,undeadmalestandardnpc,creature:undead_n,non-character model -> MelloUI race key (or model name); pool undead_n -> undeadmalestandard,cmangos,2026-09-28
4613,Christopher Drakul,undeadmaledarknpc,undeadmaledark,game greeting set of primary display,cmangos,2026-09-28
4614,Martha Alliestar,undeadfemalemagicnpc,undeadfemalemagic,game greeting set of primary display,cmangos,2026-09-28
4615,Katrina Alliestar,undeadfemalestandardnpc,undeadfemalestandard,game greeting set of primary display,cmangos,2026-09-28
4616,Lavinia Crowe,undeadfemalestandardnpc,undeadfemalestandard,game greeting set of primary display,cmangos,2026-09-28
4617,Thaddeus Webb,undeadmaledarknpc,undeadmaledark,game greeting set of primary display,cmangos,2026-09-28
4618,Martek the Exiled,orcmalestandardnpc,orcmalestandard,game greeting set of primary display,cmangos,2026-09-28
4629,Trackmaster Zherin,taurenmaleshamannpc,taurenmaleshaman,game greeting set of primary display,cmangos,2026-09-28
4630,Pozzik,goblinmalegruffnpc,goblinmalegruff,game greeting set of primary display,cmangos,2026-09-28
4631,Wharfmaster Lozgil,goblinmalegruffnpc,goblinmalegruff,game greeting set of primary display,cmangos,2026-09-28
4706,Razzeric,goblinmalezanynpc,goblinmalezany,game greeting set of primary display,cmangos,2026-09-28
4708,Shreev,goblinmalegruffnpc,goblinmalegruff,game greeting set of primary display,cmangos,2026-09-28
4709,Zamek,goblinmalegruffnpc,goblinmalegruff,game greeting set of primary display,cmangos,2026-09-28
4721,Zangen Stonehoof,taurenmaleshamannpc,taurenmaleshaman,game greeting set of primary display,cmangos,2026-09-28
4722,Rau Cliffrunner,taurenmaleshamannpc,taurenmaleshaman,game greeting set of primary display,cmangos,2026-09-28
4730,Lelanai,nightelffemalepriestessnpc,nightelffemalepriestess,game greeting set of primary display,cmangos,2026-09-28
4731,Zachariah Post,undeadmalewarriornpc,undeadmalewarrior,game greeting set of primary display,forever-cache,2026-09-28
4732,Randal Hunter,humanmaleofficialnpc,humanmaleofficial,game greeting set of primary display,cmangos,2026-09-28
4752,Kildar,orcmalestandardnpc,orcmalestandard,game greeting set of primary display,cmangos,2026-09-28
4753,Jartsam,nightelfmalestandardnpc,nightelfmalestandard,game greeting set of primary display,cmangos,2026-09-28
4772,Ultham Ironhorn,dwarfmaleguardnpc,dwarfmaleguard,game greeting set of primary display,cmangos,2026-09-28
4773,Velma Warnam,undeadfemalewarriornpc,undeadfemalewarrior,game greeting set of primary display,forever-cache,2026-09-28
4775,Felicia Doan,undeadfemalestandardnpc,undeadfemalestandard,game greeting set of primary display,cmangos,2026-09-28
4782,Truk Wildbeard,dwarfmalegrimnpc,dwarfmalegrim,game greeting set of primary display,cmangos,2026-09-28
4783,Dawnwatcher Selgorm,humanmaleofficialnpc,humanmaleofficial,game greeting set of primary display,cmangos,2026-09-28
4784,Argent Guard Manados,nightelfmaleofficialnpc,nightelfmaleofficial,game greeting set of primary display,cmangos,2026-09-28
4786,Dawnwatcher Shaedlass,nightelfmalewarriornpc,nightelfmalewarrior,game greeting set of primary display,cmangos,2026-09-28
4787,Argent Guard Thaelrid,nightelfmaleofficialnpc,nightelfmaleofficial,game greeting set of primary display,cmangos,2026-09-28
4791,Nazeer Bloodpike,orcmaleshadynpc,orcmaleshady,game greeting set of primary display,cmangos,2026-09-28
4792,"""Swamp Eye"" Jarl",humanmalestandardnpc,humanmalestandard,game greeting set of primary display,cmangos,2026-09-28
4794,Morgan Stern,humanmalestandardnpc,humanmalestandard,game greeting set of primary display,cmangos,2026-09-28
4875,Turhaw,orcmaleguardnpc,orcmaleguard,game greeting set of primary display,cmangos,2026-09-28
4876,Jawn Highmesa,taurenmaleeldernpc,taurenmaleelder,game greeting set of primary display,cmangos,2026-09-28
4877,Jandia,taurenfemalestandardnpc,taurenfemalestandard,game greeting set of primary display,cmangos,2026-09-28
4878,Montarr,taurenmaleeldernpc,taurenmaleelder,game greeting set of primary display,cmangos,2026-09-28
4879,Ogg'marr,creature_ogre,creature:ogre_m,non-character model -> MelloUI race key (or model name); creature family,cmangos,2026-09-28
4880,"""Stinky"" Ignatz",humanmalestandardnpc,humanmalestandard,game greeting set of primary display,cmangos,2026-09-28
4883,Krak,creature_ogre,creature:ogre_m,non-character model -> MelloUI race key (or model name); creature family,cmangos,2026-09-28
4884,Zulrg,creature_ogre,creature:ogre_m,non-character model -> MelloUI race key (or model name); creature family,cmangos,2026-09-28
4885,Gregor MacVince,humanmalewarriornpc,humanmalewarrior,game greeting set of primary display,cmangos,2026-09-28
4886,Hans Weston,humanmalestandardnpc,humanmalestandard,game greeting set of primary display,cmangos,2026-09-28
4888,Marie Holdston,humanfemalewarriornpc,humanfemalewarrior,game greeting set of primary display,cmangos,2026-09-28
4889,Torq Ironblast,dwarfmaleguardnpc,dwarfmaleguard,game greeting set of primary display,cmangos,2026-09-28
4890,Piter Verance,humanmalewarriornpc,humanmalewarrior,game greeting set of primary display,cmangos,2026-09-28
4891,Dwane Wertle,humanfemalestandardnpc,humanfemalestandard,game greeting set of primary display,cmangos,2026-09-28
4892,Jensen Farran,humanmalestandardnpc,humanmalestandard,game greeting set of primary display,cmangos,2026-09-28
4893,Bartender Lillian,humanfemalewarriornpc,humanfemalewarrior,game greeting set of primary display,cmangos,2026-09-28
4894,Craig Nollward,humanmalewarriornpc,humanmalewarrior,game greeting set of primary display,cmangos,2026-09-28
4895,Smiling Jim,humanmalestandardnpc,humanmalestandard,game greeting set of primary display,cmangos,2026-09-28
4896,Charity Mipsy,humanfemalestandardnpc,humanfemalestandard,game greeting set of primary display,cmangos,2026-09-28
4897,Helenia Olden,humanfemalestandardnpc,humanfemalestandard,game greeting set of primary display,cmangos,2026-09-28
4898,Brant Jasperbloom,humanmalestandardnpc,humanmalestandard,game greeting set of primary display,cmangos,2026-09-28
4899,Uma Bartulm,humanfemalestandardnpc,humanfemalestandard,game greeting set of primary display,cmangos,2026-09-28
4900,Alchemist Narett,humanmaleofficialnpc,humanmaleofficial,game greeting set of primary display,cmangos,2026-09-28
4921,Guard Byron,humanmalewarriornpc,humanmalewarrior,game greeting set of primary display,cmangos,2026-09-28
4926,Krog,orcmalestandardnpc,orcmalestandard,game greeting set of primary display,cmangos,2026-09-28
4941,Caz Twosprocket,gnomemalezanynpc,gnomemalezany,game greeting set of primary display,cmangos,2026-09-28
4943,Mosarn,taurenmaleshamannpc,taurenmaleshaman,game greeting set of primary display,cmangos,2026-09-28
4944,Captain Garran Vimes,humanmaleofficialnpc,humanmaleofficial,game greeting set of primary display,cmangos,2026-09-28
4947,Theramore Lieutenant,humanmalewarriornpc,humanmalewarrior,game greeting set of primary display,cmangos,2026-09-28
4948,Adjutant Tesoran,humanmalewarriornpc,humanmalewarrior,game greeting set of primary display,cmangos,2026-09-28
4949,Thrall,thrall,thrall,game greeting set of primary display,cmangos,2026-09-28
4954,Uttnar,orcmalestandardnpc,orcmalestandard,game greeting set of primary display,cmangos,2026-09-28
4959,Jorgen,humanmalewarriornpc,humanmalewarrior,game greeting set of primary display,forever-cache,2026-09-28
4960,Bishop DeLavey,humanmaleofficialnpc,humanmaleofficial,game greeting set of primary display,cmangos,2026-09-28
4961,Dashel Stonefist,dwarfmalegrimnpc,dwarfmalegrim,game greeting set of primary display,forever-cache,2026-09-28
4962,"Tapoke ""Slim"" Jahn",humanmalewarriornpc,humanmalewarrior,game greeting set of primary display,cmangos,2026-09-28
4963,Mikhail,humanmalestandardnpc,humanmalestandard,game greeting set of primary display,cmangos,2026-09-28
4964,Commander Samaul,humanmalewarriornpc,humanmalewarrior,game greeting set of primary display,cmangos,2026-09-28
4965,Pained,nightelffemalesentinelnpc,nightelffemalesentinel,game greeting set of primary display,cmangos,2026-09-28
4966,Private Hendel,humanmalestandardnpc,humanmalestandard,silent in game -> crc32(entry) mod race/sex pool,cmangos,2026-09-28
4967,Archmage Tervosh,humanmaleofficialnpc,humanmaleofficial,game greeting set of primary display,cmangos,2026-09-28
4968,Lady Jaina Proudmoore,jainaproudmoore,jainaproudmoore,game greeting set of primary display,cmangos,2026-09-28
4973,Guard Lasiter,humanmalewarriornpc,humanmalewarrior,game greeting set of primary display,cmangos,2026-09-28
4974,Aldwin Laughlin,humanmaleofficialnpc,humanmaleofficial,game greeting set of primary display,forever-cache,2026-09-28
4980,Paval Reethe,humanmalewarriornpc,humanmalewarrior,game greeting set of primary display,cmangos,2026-09-28
4981,Ben Trias,humanmalestandardnpc,humanmalestandard,game greeting set of primary display,forever-cache,2026-09-28
4982,Thomas,creature_child_m,creature:human_m,"non-character model -> MelloUI race key (or model name); pool human_m -> humanmalewarrior; re-mapped 2026-09-28 from humanmalewarriornpc (npc table, rule 4)",cmangos,2026-09-28
4983,Ogron,creature_ogre,creature:ogre_m,non-character model -> MelloUI race key (or model name); creature family,cmangos,2026-09-28
4984,Argos Nightwhisper,nightelfmalewarriornpc,nightelfmalewarrior,game greeting set of primary display,cmangos,2026-09-28
4985,World Druid Trainer,nightelffemalesentinelnpc,nightelffemalesentinel,game greeting set of primary display,cmangos,2026-09-28
4986,World Hunter Trainer,nightelffemalesentinelnpc,nightelffemalesentinel,game greeting set of primary display,cmangos,2026-09-28
4987,World Mage Trainer,nightelffemalesentinelnpc,nightelffemalesentinel,game greeting set of primary display,cmangos,2026-09-28
4988,World Paladin Trainer,nightelffemalesentinelnpc,nightelffemalesentinel,game greeting set of primary display,cmangos,2026-09-28
4989,World Priest Trainer,nightelffemalesentinelnpc,nightelffemalesentinel,game greeting set of primary display,cmangos,2026-09-28
4990,World Rogue Trainer,nightelffemalesentinelnpc,nightelffemalesentinel,game greeting set of primary display,cmangos,2026-09-28
4991,World Shaman Trainer,nightelffemalesentinelnpc,nightelffemalesentinel,game greeting set of primary display,cmangos,2026-09-28
4992,World Warrior Trainer,nightelffemalesentinelnpc,nightelffemalesentinel,game greeting set of primary display,cmangos,2026-09-28
4993,World Warlock Trainer,nightelffemalesentinelnpc,nightelffemalesentinel,game greeting set of primary display,cmangos,2026-09-28
5032,World Alchemy Trainer,nightelffemalesentinelnpc,nightelffemalesentinel,game greeting set of primary display,cmangos,2026-09-28
5037,World Engineering Trainer,nightelffemalesentinelnpc,nightelffemalesentinel,game greeting set of primary display,cmangos,2026-09-28
5038,World Enchanting Trainer,nightelffemalesentinelnpc,nightelffemalesentinel,game greeting set of primary display,cmangos,2026-09-28
5040,World Leatherworking Trainer,nightelffemalesentinelnpc,nightelffemalesentinel,game greeting set of primary display,cmangos,2026-09-28
5041,World Tailoring Trainer,nightelffemalesentinelnpc,nightelffemalesentinel,game greeting set of primary display,cmangos,2026-09-28
5049,Lyesa Steelbrow,dwarffemaleyoungnpc,dwarffemaleyoung,game greeting set of primary display,cmangos,2026-09-28
5052,Edward Remington,undeadmalestandardnpc,undeadmalestandard,game greeting set of primary display,cmangos,2026-09-28
5054,Krumn,taurenmaleeldernpc,taurenmaleelder,game greeting set of primary display,cmangos,2026-09-28
5081,Connor Rivers,humanmalestandardnpc,humanmalestandard,game greeting set of primary display,cmangos,2026-09-28
5082,Vincent Hyal,humanmalestandardnpc,humanmalestandard,game greeting set of primary display,cmangos,2026-09-28
5083,Clerk Lendry,humanmaleofficialnpc,humanmaleofficial,game greeting set of primary display,cmangos,2026-09-28
5087,Do'gol,creature_ogre,creature:ogre_m,non-character model -> MelloUI race key (or model name); creature family,cmangos,2026-09-28
5089,Balos Jacken,humanmaleofficialnpc,humanmaleofficial,silent in game -> crc32(entry) mod race/sex pool,cmangos,2026-09-28
5091,Guard Kahil,humanmalewarriornpc,humanmalewarrior,game greeting set of primary display,cmangos,2026-09-28
5099,Soleil Stonemantle,dwarffemaleyoungnpc,dwarffemaleyoung,game greeting set of primary display,cmangos,2026-09-28
5100,Fillius Fizzlespinner,gnomemaleyoungnpc,gnomemaleyoung,game greeting set of primary display,cmangos,2026-09-28
5101,Bryllia Ironbrand,dwarffemaleguardnpc,dwarffemaleguard,game greeting set of primary display,cmangos,2026-09-28
5102,Dolman Steelfury,dwarfmalestandardnpc,dwarfmalestandard,game greeting set of primary display,cmangos,2026-09-28
5103,Grenil Steelfury,dwarfmaleguardnpc,dwarfmaleguard,game greeting set of primary display,cmangos,2026-09-28
5106,Bromiir Ormsen,dwarfmalegrimnpc,dwarfmalegrim,game greeting set of primary display,cmangos,2026-09-28
5107,Mangorn Flinthammer,dwarfmaleguardnpc,dwarfmaleguard,game greeting set of primary display,cmangos,2026-09-28
5108,Raena Flinthammer,dwarffemaleguardnpc,dwarffemaleguard,game greeting set of primary display,cmangos,2026-09-28
5109,Myra Tyrngaarde,dwarffemaleguardnpc,dwarffemaleguard,game greeting set of primary display,cmangos,2026-09-28
5110,Barim Jurgenstaad,dwarfmalestandardnpc,dwarfmalestandard,game greeting set of primary display,cmangos,2026-09-28
5111,Innkeeper Firebrew,dwarfmalestandardnpc,dwarfmalestandard,game greeting set of primary display,cmangos,2026-09-28
5112,Gwenna Firebrew,dwarffemaleguardnpc,dwarffemaleguard,game greeting set of primary display,cmangos,2026-09-28
5113,Kelv Sternhammer,dwarfmaleguardnpc,dwarfmaleguard,game greeting set of primary display,cmangos,2026-09-28
5114,Bilban Tosslespanner,gnomemalestandardnpc,gnomemalestandard,game greeting set of primary display,cmangos,2026-09-28
5115,Daera Brightspear,dwarffemaleguardnpc,dwarffemaleguard,game greeting set of primary display,cmangos,2026-09-28
5116,Olmin Burningbeard,dwarfmalegrimnpc,dwarfmalegrim,game greeting set of primary display,cmangos,2026-09-28
5117,Regnus Thundergranite,dwarfmalestandardnpc,dwarfmalestandard,game greeting set of primary display,cmangos,2026-09-28
5118,Brogun Stoneshield,dwarfmaleguardnpc,dwarfmaleguard,game greeting set of primary display,cmangos,2026-09-28
5119,Hegnar Swiftaxe,dwarfmalestandardnpc,dwarfmalestandard,game greeting set of primary display,cmangos,2026-09-28
5120,Brenwyn Wintersteel,dwarffemaleyoungnpc,dwarffemaleyoung,game greeting set of primary display,cmangos,2026-09-28
5121,Kelomir Ironhand,dwarfmaleguardnpc,dwarfmaleguard,game greeting set of primary display,cmangos,2026-09-28
5122,Skolmin Goldfury,dwarfmalegrimnpc,dwarfmalegrim,game greeting set of primary display,cmangos,2026-09-28
5123,Bretta Goldfury,dwarffemalematernalnpc,dwarffemalematernal,game greeting set of primary display,cmangos,2026-09-28
5124,Sognar Cliffbeard,dwarfmalestandardnpc,dwarfmalestandard,game greeting set of primary display,cmangos,2026-09-28
5125,Dolkin Craghelm,dwarfmalegrimnpc,dwarfmalegrim,game greeting set of primary display,cmangos,2026-09-28
5126,Olthran Craghelm,dwarfmalegrimnpc,dwarfmalegrim,game greeting set of primary display,cmangos,2026-09-28
5127,Fimble Finespindle,gnomemalestandardnpc,gnomemalestandard,game greeting set of primary display,cmangos,2026-09-28
5128,Bombus Finespindle,gnomemalestandardnpc,gnomemalestandard,game greeting set of primary display,cmangos,2026-09-28
5129,Lissyphus Finespindle,gnomefemalehappynpc,gnomefemalehappy,game greeting set of primary display,cmangos,2026-09-28
5130,Jondor Steelbrow,dwarfmaleguardnpc,dwarfmaleguard,game greeting set of primary display,cmangos,2026-09-28
5132,Pithwick,gnomemaleyoungnpc,gnomemaleyoung,game greeting set of primary display,cmangos,2026-09-28
5133,Harick Boulderdrum,dwarfmalestandardnpc,dwarfmalestandard,game greeting set of primary display,cmangos,2026-09-28
5134,Jonivera Farmountain,dwarffemalematernalnpc,dwarffemalematernal,game greeting set of primary display,cmangos,2026-09-28
5135,Svalbrad Farmountain,dwarfmalegrimnpc,dwarfmalegrim,game greeting set of primary display,cmangos,2026-09-28
5137,Reyna Stonebranch,dwarffemaleyoungnpc,dwarffemaleyoung,game greeting set of primary display,cmangos,2026-09-28
5138,Gwina Stonebranch,dwarffemalematernalnpc,dwarffemalematernal,game greeting set of primary display,cmangos,2026-09-28
5139,Kurdrum Barleybeard,dwarfmalegrimnpc,dwarfmalegrim,game greeting set of primary display,cmangos,2026-09-28
5140,Edris Barleybeard,dwarffemaleyoungnpc,dwarffemaleyoung,game greeting set of primary display,cmangos,2026-09-28
5141,Theodrus Frostbeard,dwarfmalegrimnpc,dwarfmalegrim,game greeting set of primary display,cmangos,2026-09-28
5142,Braenna Flintcrag,dwarffemalematernalnpc,dwarffemalematernal,game greeting set of primary display,cmangos,2026-09-28
5143,Toldren Deepiron,dwarfmalestandardnpc,dwarfmalestandard,game greeting set of primary display,cmangos,2026-09-28
5144,Bink,gnomefemalestandardnpc,gnomefemalestandard,game greeting set of primary display,cmangos,2026-09-28
5145,Juli Stormkettle,gnomefemalenerdynpc,gnomefemalenerdy,game greeting set of primary display,cmangos,2026-09-28
5146,Nittlebur Sparkfizzle,gnomemalezanynpc,gnomemalezany,game greeting set of primary display,cmangos,2026-09-28
5147,Valgar Highforge,dwarfmaleguardnpc,dwarfmaleguard,game greeting set of primary display,cmangos,2026-09-28
5148,Beldruk Doombrow,dwarfmalestandardnpc,dwarfmalestandard,game greeting set of primary display,cmangos,2026-09-28
5149,Brandur Ironhammer,dwarfmaleguardnpc,dwarfmaleguard,game greeting set of primary display,cmangos,2026-09-28
5150,Nissa Firestone,dwarffemaleguardnpc,dwarffemaleguard,game greeting set of primary display,cmangos,2026-09-28
5151,Ginny Longberry,gnomefemalenerdynpc,gnomefemalenerdy,game greeting set of primary display,cmangos,2026-09-28
5152,Bingus,gnomemalezanynpc,gnomemalezany,game greeting set of primary display,cmangos,2026-09-28
5153,Jormund Stonebrow,dwarfmalestandardnpc,dwarfmalestandard,game greeting set of primary display,cmangos,2026-09-28
5154,Poranna Snowbraid,dwarffemalematernalnpc,dwarffemalematernal,game greeting set of primary display,cmangos,2026-09-28
5155,Ingrys Stonebrow,dwarffemaleyoungnpc,dwarffemaleyoung,game greeting set of primary display,cmangos,2026-09-28
5156,Maeva Snowbraid,dwarffemalematernalnpc,dwarffemalematernal,game greeting set of primary display,cmangos,2026-09-28
5157,Gimble Thistlefuzz,gnomemalestandardnpc,gnomemalestandard,game greeting set of primary display,cmangos,2026-09-28
5158,Tilli Thistlefuzz,gnomefemalenerdynpc,gnomefemalenerdy,game greeting set of primary display,cmangos,2026-09-28
5159,Daryl Riknussun,dwarfmalestandardnpc,dwarfmalestandard,game greeting set of primary display,cmangos,2026-09-28
5160,Emrul Riknussun,dwarfmaleguardnpc,dwarfmaleguard,game greeting set of primary display,cmangos,2026-09-28
5161,Grimnur Stonebrand,dwarfmalestandardnpc,dwarfmalestandard,game greeting set of primary display,cmangos,2026-09-28
5162,Tansy Puddlefizz,gnomefemalenerdynpc,gnomefemalenerdy,game greeting set of primary display,cmangos,2026-09-28
5163,Burbik Gearspanner,gnomemalestandardnpc,gnomemalestandard,game greeting set of primary display,cmangos,2026-09-28
5164,Grumnus Steelshaper,dwarfmaleguardnpc,dwarfmaleguard,game greeting set of primary display,cmangos,2026-09-28
5165,Hulfdan Blackbeard,dwarfmaleguardnpc,dwarfmaleguard,game greeting set of primary display,cmangos,2026-09-28
5166,Ormyr Flinteye,dwarfmalestandardnpc,dwarfmalestandard,game greeting set of primary display,cmangos,2026-09-28
5167,Fenthwick,gnomemalestandardnpc,gnomemalestandard,game greeting set of primary display,cmangos,2026-09-28
5169,Tynnus Venomsprout,gnomemalezanynpc,gnomemalezany,game greeting set of primary display,cmangos,2026-09-28
5170,Hjoldir Stoneblade,dwarfmaleguardnpc,dwarfmaleguard,game greeting set of primary display,cmangos,2026-09-28
5171,Thistleheart,gnomemalezanynpc,gnomemalezany,game greeting set of primary display,cmangos,2026-09-28
5172,Briarthorn,gnomemalestandardnpc,gnomemalestandard,game greeting set of primary display,cmangos,2026-09-28
5173,Alexander Calder,humanmalewarriornpc,humanmalewarrior,game greeting set of primary display,cmangos,2026-09-28
5174,Springspindle Fizzlegear,gnomemalezanynpc,gnomemalezany,game greeting set of primary display,cmangos,2026-09-28
5175,Gearcutter Cogspinner,gnomemalestandardnpc,gnomemalestandard,game greeting set of primary display,cmangos,2026-09-28
5177,Tally Berryfizz,gnomefemalehappynpc,gnomefemalehappy,game greeting set of primary display,cmangos,2026-09-28
5178,Soolie Berryfizz,gnomefemalestandardnpc,gnomefemalestandard,game greeting set of primary display,cmangos,2026-09-28
5188,Garyl,orcfemalewarriornpc,orcfemalewarrior,game greeting set of primary display,cmangos,2026-09-28
5189,Thrumn,taurenmalewarriornpc,taurenmalewarrior,game greeting set of primary display,cmangos,2026-09-28
5190,Merill Pleasance,undeadfemalestandardnpc,undeadfemalestandard,game greeting set of primary display,cmangos,2026-09-28
5191,Shalumon,nightelfmalestandardnpc,nightelfmalestandard,game greeting set of primary display,cmangos,2026-09-28
5193,Rebecca Laughlin,humanfemaleofficialnpc,humanfemaleofficial,game greeting set of primary display,forever-cache,2026-09-28
5204,Apothecary Zinge,undeadfemalemagicnpc,undeadfemalemagic,game greeting set of primary display,cmangos,2026-09-28
5352,Old Grizzlegut,narrator_neutral,creature:other_n,non-character model -> MelloUI race key (or model name); creature: narrator,cmangos,2026-09-28
5353,Itharius,nightelfmalestandardnpc,nightelfmalestandard,game greeting set of primary display,cmangos,2026-09-28
5384,Brohann Caskbelly,dwarfmalestandardnpc,dwarfmalestandard,game greeting set of primary display,forever-cache,2026-09-28
5385,Watcher Mahar Ba,humanmaleofficialnpc,humanmaleofficial,game greeting set of primary display,cmangos,2026-09-28
5386,Acolyte Dellis,humanmalestandardnpc,humanmalestandard,game greeting set of primary display,cmangos,2026-09-28
5387,High Explorer Magellas,dwarfmaleguardnpc,dwarfmaleguard,game greeting set of primary display,cmangos,2026-09-28
5388,Ingo Woolybush,dwarfmalestandardnpc,dwarfmalestandard,game greeting set of primary display,cmangos,2026-09-28
5389,Prospector Gunstan,dwarfmalestandardnpc,dwarfmalestandard,game greeting set of primary display,cmangos,2026-09-28
5390,Sage Palerunner,taurenmaleeldernpc,taurenmaleelder,game greeting set of primary display,cmangos,2026-09-28
5391,Galen Goodward,humanmalestandardnpc,humanmalestandard,game greeting set of primary display,cmangos,2026-09-28
5392,Yarr Hammerstone,dwarfmalegrimnpc,dwarfmalegrim,game greeting set of primary display,cmangos,2026-09-28
5393,Quartermaster Lungertz,humanmaleofficialnpc,humanmaleofficial,game greeting set of primary display,cmangos,2026-09-28
5394,Neeka Bloodscar,orcfemalestandardnpc,orcfemalestandard,game greeting set of primary display,cmangos,2026-09-28
5395,Felgur Twocuts,orcmaleguardnpc,orcmaleguard,game greeting set of primary display,cmangos,2026-09-28
5396,Captain Pentigast,humanmaleofficialnpc,humanmaleofficial,game greeting set of primary display,cmangos,2026-09-28
5397,Uthek the Wise,retail_centaur_f,creature:centaur_f,"non-character model -> MelloUI race key (or model name); creature family; re-mapped 2026-09-28 from creature_centaur (npc table, rule 3)",cmangos,2026-09-28
5398,Warug,creature_centaur,creature:centaur_m,non-character model -> MelloUI race key (or model name); creature family,cmangos,2026-09-28
5405,Pinto,narrator_neutral,creature:other_n,non-character model -> MelloUI race key (or model name); creature: narrator,cmangos,2026-09-28
5407,Nightmare,narrator_neutral,creature:other_m,non-character model -> MelloUI race key (or model name); creature: narrator,cmangos,2026-09-28
5411,Krinkle Goodsteel,goblinmalezanynpc,goblinmalezany,game greeting set of primary display,cmangos,2026-09-28
5412,Gurda Wildmane,taurenfemaleofficialnpc,taurenfemaleofficial,game greeting set of primary display,cmangos,2026-09-28
5413,Furen Longbeard,dwarfmalegrimnpc,dwarfmalegrim,game greeting set of primary display,forever-cache,2026-09-28
5414,Apothecary Faustin,undeadmaledarknpc,undeadmaledark,game greeting set of primary display,cmangos,2026-09-28
5416,Infiltrator Marksen,humanmalewarriornpc,humanmalewarrior,game greeting set of primary display,cmangos,2026-09-28
5418,Deathstalker Zraedus,undeadmalewarriornpc,undeadmalewarrior,game greeting set of primary display,cmangos,2026-09-28
5464,Watchmaster Sorigal,humanmaleofficialnpc,humanmaleofficial,game greeting set of primary display,cmangos,2026-09-28
5476,Watcher Biggs,humanmaleofficialnpc,humanmaleofficial,silent in game -> crc32(entry) mod race/sex pool,cmangos,2026-09-28
5479,Wu Shen,humanmaleofficialnpc,humanmaleofficial,game greeting set of primary display,forever-cache,2026-09-28
5480,Ilsa Corbin,humanfemalewarriornpc,humanfemalewarrior,game greeting set of primary display,forever-cache,2026-09-28
5482,Stephen Ryback,humanmalewarriornpc,humanmalewarrior,game greeting set of primary display,forever-cache,2026-09-28
5483,Erika Tate,humanfemalestandardnpc,humanfemalestandard,game greeting set of primary display,forever-cache,2026-09-28
5484,Brother Benjamin,humanmalestandardnpc,humanmalestandard,game greeting set of primary display,cmangos,2026-09-28
5489,Brother Joshua,humanmalestandardnpc,humanmalestandard,game greeting set of primary display,cmangos,2026-09-28
5491,Arthur the Faithful,humanmaleofficialnpc,humanmaleofficial,game greeting set of primary display,cmangos,2026-09-28
5492,Katherine the Pure,humanfemaleofficialnpc,humanfemaleofficial,game greeting set of primary display,cmangos,2026-09-28
5493,Arnold Leland,humanmalestandardnpc,humanmalestandard,game greeting set of primary display,cmangos,2026-09-28
5494,Catherine Leland,humanfemalewarriornpc,humanfemalewarrior,game greeting set of primary display,forever-cache,2026-09-28
5495,Ursula Deline,humanfemalewarriornpc,humanfemalewarrior,game greeting set of primary display,cmangos,2026-09-28
5496,Sandahl,humanmaleofficialnpc,humanmaleofficial,game greeting set of primary display,cmangos,2026-09-28
5497,Jennea Cannon,humanfemalewarriornpc,humanfemalewarrior,game greeting set of primary display,cmangos,2026-09-28
5498,Elsharin,nightelffemalestandardnpc,nightelffemalestandard,game greeting set of primary display,cmangos,2026-09-28
5499,Lilyssia Nightbreeze,nightelffemalepriestessnpc,nightelffemalepriestess,game greeting set of primary display,cmangos,2026-09-28
5500,Tel'Athir,nightelfmalestandardnpc,nightelfmalestandard,game greeting set of primary display,cmangos,2026-09-28
5501,Kaerbrus,nightelfmalewarriornpc,nightelfmalewarrior,game greeting set of primary display,cmangos,2026-09-28
5502,Shylamiir,nightelffemalestandardnpc,nightelffemalestandard,game greeting set of primary display,cmangos,2026-09-28
5503,Eldraeith,nightelffemalestandardnpc,nightelffemalestandard,game greeting set of primary display,cmangos,2026-09-28
5504,Sheldras Moontree,nightelfmalestandardnpc,nightelfmalestandard,game greeting set of primary display,cmangos,2026-09-28
5505,Theridran,nightelfmalestandardnpc,nightelfmalestandard,game greeting set of primary display,cmangos,2026-09-28
5506,Maldryn,nightelfmaleofficialnpc,nightelfmaleofficial,game greeting set of primary display,cmangos,2026-09-28
5508,Strumner Flintheel,dwarfmaleguardnpc,dwarfmaleguard,silent in game -> crc32(entry) mod race/sex pool,cmangos,2026-09-28
5509,Kathrum Axehand,dwarfmalestandardnpc,dwarfmalestandard,game greeting set of primary display,forever-cache,2026-09-28
5510,Thulman Flintcrag,dwarfmaleguardnpc,dwarfmaleguard,game greeting set of primary display,forever-cache,2026-09-28
5511,Therum Deepforge,dwarfmaleguardnpc,dwarfmaleguard,game greeting set of primary display,forever-cache,2026-09-28
5512,Kaita Deepforge,dwarffemalematernalnpc,dwarffemalematernal,game greeting set of primary display,forever-cache,2026-09-28
5513,Gelman Stonehand,dwarfmalegrimnpc,dwarfmalegrim,game greeting set of primary display,forever-cache,2026-09-28
5514,Brooke Stonebraid,dwarffemaleguardnpc,dwarffemaleguard,game greeting set of primary display,forever-cache,2026-09-28
5515,Einris Brightspear,dwarffemaleguardnpc,dwarffemaleguard,game greeting set of primary display,forever-cache,2026-09-28
5516,Ulfir Ironbeard,dwarfmalegrimnpc,dwarfmalegrim,game greeting set of primary display,forever-cache,2026-09-28
5517,Thorfin Stoneshield,dwarfmaleguardnpc,dwarfmaleguard,game greeting set of primary display,forever-cache,2026-09-28
5518,Lilliam Sparkspindle,gnomemalezanynpc,gnomemalezany,game greeting set of primary display,forever-cache,2026-09-28
5519,Billibub Cogspinner,gnomemaleyoungnpc,gnomemaleyoung,game greeting set of primary display,forever-cache,2026-09-28
5520,Spackle Thornberry,gnomemalestandardnpc,gnomemalestandard,game greeting set of primary display,cmangos,2026-09-28
5543,Clarice Foster,undeadfemalestandardnpc,undeadfemalestandard,game greeting set of primary display,cmangos,2026-09-28
5564,Simon Tanner,humanmalewarriornpc,humanmalewarrior,game greeting set of primary display,forever-cache,2026-09-28
5565,Jillian Tanner,humanfemalewarriornpc,humanfemalewarrior,game greeting set of primary display,forever-cache,2026-09-28
5566,Tannysa,nightelffemalestandardnpc,nightelffemalestandard,game greeting set of primary display,cmangos,2026-09-28
5567,Sellandus,nightelfmalestandardnpc,nightelfmalestandard,game greeting set of primary display,cmangos,2026-09-28
5569,Fizzlebang Booms,gnomemalezanynpc,gnomemalezany,game greeting set of primary display,cmangos,2026-09-28
5570,Bruuk Barleybeard,dwarfmaleguardnpc,dwarfmaleguard,game greeting set of primary display,cmangos,2026-09-28
5591,Dar,orcmaleshadynpc,orcmaleshady,game greeting set of primary display,cmangos,2026-09-28
5592,Tok'Kar,orcmaleguardnpc,orcmaleguard,game greeting set of primary display,cmangos,2026-09-28
5593,Katar,orcmaleguardnpc,orcmaleguard,game greeting set of primary display,cmangos,2026-09-28
5594,Alchemist Pestlezugg,goblinmalegruffnpc,goblinmalegruff,game greeting set of primary display,cmangos,2026-09-28
5595,Ironforge Guard,dwarfmaleguardnpc,dwarfmaleguard,game greeting set of primary display,cmangos,2026-09-28
5598,Atal'ai Exile,trollmaleshamannpc,trollmaleshaman,game greeting set of primary display,cmangos,2026-09-28
5599,Kon Yelloweyes,taurenmaleshamannpc,taurenmaleshaman,game greeting set of primary display,cmangos,2026-09-28
5603,Grunt Mojka,orcfemalewarriornpc,orcfemalewarrior,game greeting set of primary display,cmangos,2026-09-28
5605,Tisa Martine,humanfemalewarriornpc,humanfemalewarrior,game greeting set of primary display,cmangos,2026-09-28
5606,Goma,orcmalestandardnpc,orcmalestandard,game greeting set of primary display,cmangos,2026-09-28
5609,Zazo,orcmaleshadynpc,orcmaleshady,game greeting set of primary display,cmangos,2026-09-28
5610,Kozish,goblinmalegruffnpc,goblinmalegruff,game greeting set of primary display,cmangos,2026-09-28
5611,Barkeep Morag,orcmaleshadynpc,orcmaleshady,game greeting set of primary display,cmangos,2026-09-28
5612,Gimrizz Shadowcog,gnomemalestandardnpc,gnomemalestandard,game greeting set of primary display,cmangos,2026-09-28
5613,Doyo'da,trollmaledarknpc,trollmaledark,game greeting set of primary display,cmangos,2026-09-28
5614,Sarok,orcmaleguardnpc,orcmaleguard,game greeting set of primary display,cmangos,2026-09-28
5620,Bartender Wental,humanmalestandardnpc,humanmalestandard,game greeting set of primary display,cmangos,2026-09-28
5624,Undercity Guardian,abomination,abominationwhat,game greeting set of primary display,cmangos,2026-09-28
5634,Rhapsody Shindigger,dwarfmaleguardnpc,dwarfmaleguard,game greeting set of primary display,cmangos,2026-09-28
5635,Falstad Wildhammer,dwarfmaleguardnpc,dwarfmaleguard,game greeting set of primary display,cmangos,2026-09-28
5636,Gryphon Master Talonaxe,dwarfmaleguardnpc,dwarfmaleguard,game greeting set of primary display,cmangos,2026-09-28
5637,Roetten Stonehammer,dwarfmalegrimnpc,dwarfmalegrim,game greeting set of primary display,cmangos,2026-09-28
5638,Kreldig Ungor,dwarfmalegrimnpc,dwarfmalegrim,game greeting set of primary display,cmangos,2026-09-28
5639,Craven Drok,orcmalestandardnpc,orcmalestandard,game greeting set of primary display,cmangos,2026-09-28
5640,Keldran,orcmaleshadynpc,orcmaleshady,game greeting set of primary display,cmangos,2026-09-28
5641,Takata Steelblade,orcmaleguardnpc,orcmaleguard,game greeting set of primary display,cmangos,2026-09-28
5642,Vahlarriel Demonslayer,nightelfmalewarriornpc,nightelfmalewarrior,game greeting set of primary display,cmangos,2026-09-28
5644,Dalinda Malem,nightelffemalesentinelnpc,nightelffemalesentinel,game greeting set of primary display,cmangos,2026-09-28
5651,Patrick Garrett,undeadmalestandardnpc,undeadmalestandard,game greeting set of primary display,cmangos,2026-09-28
5655,Robert Gossom,undeadmalestandardnpc,undeadmalestandard,game greeting set of primary display,cmangos,2026-09-28
5656,Richard Van Brunt,undeadmalewarriornpc,undeadmalewarrior,game greeting set of primary display,cmangos,2026-09-28
5657,Marla Fowler,undeadfemalewarriornpc,undeadfemalewarrior,game greeting set of primary display,cmangos,2026-09-28
5658,Chloe Curthas,undeadfemalestandardnpc,undeadfemalestandard,game greeting set of primary display,cmangos,2026-09-28
5659,Andrew Hartwell,undeadmalewarriornpc,undeadmalewarrior,game greeting set of primary display,cmangos,2026-09-28
5660,Riley Walker,undeadmalestandardnpc,undeadmalestandard,game greeting set of primary display,cmangos,2026-09-28
5667,Venya Marthand,undeadfemalestandardnpc,undeadfemalestandard,game greeting set of primary display,forever-cache,2026-09-28
5668,Mattie Alred,undeadfemalewarriornpc,undeadfemalewarrior,game greeting set of primary display,cmangos,2026-09-28
5669,Helena Atwood,undeadfemalewarriornpc,undeadfemalewarrior,game greeting set of primary display,cmangos,2026-09-28
5670,Edrick Killian,undeadmalewarriornpc,undeadmalewarrior,game greeting set of primary display,cmangos,2026-09-28
5675,Carendin Halgar,undeadmaledarknpc,undeadmaledark,game greeting set of primary display,cmangos,2026-09-28
5679,Lysta Bancroft,undeadfemalemagicnpc,undeadfemalemagic,game greeting set of primary display,cmangos,2026-09-28
5683,Comar Villard,humanmalewarriornpc,humanmalewarrior,game greeting set of primary display,cmangos,2026-09-28
5688,Innkeeper Renee,undeadfemalestandardnpc,undeadfemalestandard,game greeting set of primary display,forever-cache,2026-09-28
5690,Clyde Kellen,undeadmalestandardnpc,undeadmalestandard,game greeting set of primary display,cmangos,2026-09-28
5693,Godrick Farsan,undeadmalestandardnpc,undeadmalestandard,game greeting set of primary display,cmangos,2026-09-28
5694,High Sorcerer Andromath,humanmaleofficialnpc,humanmaleofficial,game greeting set of primary display,cmangos,2026-09-28
5695,Vance Undergloom,undeadmalewarriornpc,undeadmalewarrior,game greeting set of primary display,forever-cache,2026-09-28
5698,Joanna Whitehall,undeadfemalemagicnpc,undeadfemalemagic,game greeting set of primary display,cmangos,2026-09-28
5701,Selina Pickman,undeadfemalemagicnpc,undeadfemalemagic,game greeting set of primary display,cmangos,2026-09-28
5703,Winifred Kerwin,undeadfemalestandardnpc,undeadfemalestandard,game greeting set of primary display,cmangos,2026-09-28
5704,Adrian Bartlett,undeadmalestandardnpc,undeadmalestandard,game greeting set of primary display,cmangos,2026-09-28
5705,Victor Bartholomew,undeadmaledarknpc,undeadmaledark,game greeting set of primary display,cmangos,2026-09-28
5706,Davitt Hickson,undeadmaledarknpc,undeadmaledark,game greeting set of primary display,cmangos,2026-09-28
5707,Reginald Grimsford,undeadmalestandardnpc,undeadmalestandard,game greeting set of primary display,cmangos,2026-09-28
5724,Ageron Kargal,undeadmalestandardnpc,undeadmalestandard,game greeting set of primary display,forever-cache,2026-09-28
5725,Deathguard Lundmark,undeadmalewarriornpc,undeadmalewarrior,game greeting set of primary display,forever-cache,2026-09-28
5731,Apothecary Vallia,undeadfemalemagicnpc,undeadfemalemagic,game greeting set of primary display,cmangos,2026-09-28
5732,Apothecary Katrina,undeadfemalemagicnpc,undeadfemalemagic,game greeting set of primary display,cmangos,2026-09-28
5733,Apothecary Lycanus,undeadmaledarknpc,undeadmaledark,game greeting set of primary display,cmangos,2026-09-28
5744,Cedric Stumpel,undeadmaledarknpc,undeadmaledark,game greeting set of primary display,cmangos,2026-09-28
5747,Hepzibah Sedgewick,undeadfemalewarriornpc,undeadfemalewarrior,game greeting set of primary display,cmangos,2026-09-28
5748,Killian Sanatha,undeadmalestandardnpc,undeadmalestandard,game greeting set of primary display,cmangos,2026-09-28
5749,Kayla Smithe,undeadfemalemagicnpc,undeadfemalemagic,game greeting set of primary display,forever-cache,2026-09-28
5750,Gina Lang,undeadfemalemagicnpc,undeadfemalemagic,game greeting set of primary display,forever-cache,2026-09-28
5752,Corporal Melkins,humanmalewarriornpc,humanmalewarrior,game greeting set of primary display,cmangos,2026-09-28
5753,Martha Strain,undeadfemalestandardnpc,undeadfemalestandard,game greeting set of primary display,cmangos,2026-09-28
5754,Zane Bradford,undeadmaledarknpc,undeadmaledark,game greeting set of primary display,cmangos,2026-09-28
5757,Lilly,undeadfemalemagicnpc,undeadfemalemagic,game greeting set of primary display,cmangos,2026-09-28
5758,Leo Sarn,undeadmaledarknpc,undeadmaledark,game greeting set of primary display,cmangos,2026-09-28
5759,Nurse Neela,undeadfemalewarriornpc,undeadfemalewarrior,game greeting set of primary display,forever-cache,2026-09-28
5765,Ruzan,orcmaleshadynpc,orcmaleshady,game greeting set of primary display,cmangos,2026-09-28
5767,Nalpak,taurenmaleshamannpc,taurenmaleshaman,game greeting set of primary display,cmangos,2026-09-28
5768,Ebru,nightelffemalepriestessnpc,nightelffemalepriestess,game greeting set of primary display,cmangos,2026-09-28
5769,Arch Druid Hamuul Runetotem,taurenmaleeldernpc,taurenmaleelder,game greeting set of primary display,cmangos,2026-09-28
5770,Nara Wildmane,taurenfemaleofficialnpc,taurenfemaleofficial,game greeting set of primary display,cmangos,2026-09-28
5782,Crildor,nightelfmaleofficialnpc,nightelfmaleofficial,game greeting set of primary display,cmangos,2026-09-28
5783,Kalldan Felmoon,nightelfmalestandardnpc,nightelfmalestandard,game greeting set of primary display,cmangos,2026-09-28
5784,Waldor,taurenmaleeldernpc,taurenmaleelder,game greeting set of primary display,cmangos,2026-09-28
5797,Aean Swiftriver,nightelffemalesentinelnpc,nightelffemalesentinel,game greeting set of primary display,cmangos,2026-09-28
5798,Thora Feathermoon,nightelffemalesentinelnpc,nightelffemalesentinel,game greeting set of primary display,cmangos,2026-09-28
5799,Hannah Bladeleaf,nightelffemalesentinelnpc,nightelffemalesentinel,game greeting set of primary display,cmangos,2026-09-28
5800,Marcus Bel,humanmaleofficialnpc,humanmaleofficial,game greeting set of primary display,cmangos,2026-09-28
5809,Watch Commander Zalaphil,humanmaleofficialnpc,humanmaleofficial,game greeting set of primary display,cmangos,2026-09-28
5810,Uzzek,orcmaleguardnpc,orcmaleguard,game greeting set of primary display,cmangos,2026-09-28
5811,Kamari,orcfemalestandardnpc,orcfemalestandard,game greeting set of primary display,cmangos,2026-09-28
5812,Tumi,orcfemalestandardnpc,orcfemalestandard,game greeting set of primary display,cmangos,2026-09-28
5814,Innkeeper Thulbek,orcmalestandardnpc,orcmalestandard,game greeting set of primary display,cmangos,2026-09-28
5815,Kurgul,orcmaleshadynpc,orcmaleshady,game greeting set of primary display,cmangos,2026-09-28
5816,Katis,orcfemaleshamannpc,orcfemaleshaman,game greeting set of primary display,cmangos,2026-09-28
5817,Shimra,orcfemalestandardnpc,orcfemalestandard,game greeting set of primary display,cmangos,2026-09-28
5819,Mirelle Tremayne,undeadfemalewarriornpc,undeadfemalewarrior,game greeting set of primary display,cmangos,2026-09-28
5820,Gillian Moore,undeadfemalewarriornpc,undeadfemalewarrior,game greeting set of primary display,cmangos,2026-09-28
5821,Sheldon Von Croy,undeadmalestandardnpc,undeadmalestandard,game greeting set of primary display,cmangos,2026-09-28
5833,Margol the Rager,narrator_neutral,creature:other_n,non-character model -> MelloUI race key (or model name); creature: narrator,cmangos,2026-09-28
5843,Slave Worker,creature_gnoll,creature:gnoll_m,non-character model -> MelloUI race key (or model name); creature family,cmangos,2026-09-28
5847,Heggin Stonewhisker,dwarfmalegrimnpc,dwarfmalegrim,game greeting set of primary display,cmangos,2026-09-28
5848,Malgin Barleybrew,dwarfmalestandardnpc,dwarfmalestandard,game greeting set of primary display,cmangos,2026-09-28
5849,Digger Flameforge,dwarfmaleguardnpc,dwarfmaleguard,game greeting set of primary display,cmangos,2026-09-28
5851,Captain Gerogg Hammertoe,dwarfmalegrimnpc,dwarfmalegrim,game greeting set of primary display,cmangos,2026-09-28
5870,Krond,orcmaleguardnpc,orcmaleguard,game greeting set of primary display,cmangos,2026-09-28
5871,Larhka,orcmalestandardnpc,orcmalestandard,game greeting set of primary display,cmangos,2026-09-28
5875,Gan'rul Bloodeye,orcmalestandardnpc,orcmalestandard,game greeting set of primary display,cmangos,2026-09-28
5878,Thun'grim Firegaze,orcmaleguardnpc,orcmaleguard,game greeting set of primary display,cmangos,2026-09-28
5880,Un'Thuwa,trollmaledarknpc,trollmaledark,game greeting set of primary display,cmangos,2026-09-28
5882,Pephredo,trollfemalestandardnpc,trollfemalestandard,game greeting set of primary display,cmangos,2026-09-28
5883,Enyo,trollfemalelaidbacknpc,trollfemalelaidback,game greeting set of primary display,cmangos,2026-09-28
5884,Mai'ah,trollfemalelaidbacknpc,trollfemalelaidback,game greeting set of primary display,cmangos,2026-09-28
5885,Deino,trollfemaleoldnpc,trollfemaleold,game greeting set of primary display,cmangos,2026-09-28
5886,Gwyn Farrow,undeadfemalestandardnpc,undeadfemalestandard,game greeting set of primary display,cmangos,2026-09-28
5887,Canaga Earthcaller,trollmaleshamannpc,trollmaleshaman,game greeting set of primary display,cmangos,2026-09-28
5888,Seer Ravenfeather,taurenfemaleofficialnpc,taurenfemaleofficial,game greeting set of primary display,cmangos,2026-09-28
5891,Minor Manifestation of Earth,creature_elemental,creature:elemental_n,non-character model -> MelloUI race key (or model name); creature family,cmangos,2026-09-28
5892,Searn Firewarder,trollmaleshamannpc,trollmaleshaman,game greeting set of primary display,cmangos,2026-09-28
5895,Minor Manifestation of Water,creature_elemental,creature:elemental_n,non-character model -> MelloUI race key (or model name); creature family,cmangos,2026-09-28
5899,Brine,orcfemaleshamannpc,orcfemaleshaman,game greeting set of primary display,cmangos,2026-09-28
5900,Telf Joolam,trollmaleshamannpc,trollmaleshaman,game greeting set of primary display,cmangos,2026-09-28
5901,Islen Waterseer,taurenfemaleshamannpc,taurenfemaleshaman,game greeting set of primary display,cmangos,2026-09-28
5905,Prate Cloudseer,taurenfemaleshamannpc,taurenfemaleshaman,game greeting set of primary display,cmangos,2026-09-28
5906,Xanis Flameweaver,taurenmaleshamannpc,taurenmaleshaman,game greeting set of primary display,cmangos,2026-09-28
5907,Kranal Fiss,orcmalestandardnpc,orcmalestandard,game greeting set of primary display,forever-cache,2026-09-28
5908,Grunt Dogran,orcmaleguardnpc,orcmaleguard,silent in game -> crc32(entry) mod race/sex pool,cmangos,2026-09-28
5909,Cazul,orcmalestandardnpc,orcmalestandard,game greeting set of primary display,cmangos,2026-09-28
5910,Zankaja,orcfemaleshamannpc,orcfemaleshaman,game greeting set of primary display,cmangos,2026-09-28
5911,Grunt Logmar,orcmaleguardnpc,orcmaleguard,game greeting set of primary display,cmangos,2026-09-28
5938,Uthan Stillwater,taurenmalewarriornpc,taurenmalewarrior,game greeting set of primary display,cmangos,2026-09-28
5939,Vira Younghoof,taurenfemaleshamannpc,taurenfemaleshaman,game greeting set of primary display,cmangos,2026-09-28
5940,Harn Longcast,taurenmaleeldernpc,taurenmaleelder,game greeting set of primary display,cmangos,2026-09-28
5941,Lau'Tiki,trollmalestandardnpc,trollmalestandard,game greeting set of primary display,cmangos,2026-09-28
5942,Zansoa,trollmalestandardnpc,trollmalestandard,game greeting set of primary display,cmangos,2026-09-28
5943,Rawrk,orcmalestandardnpc,orcmalestandard,game greeting set of primary display,cmangos,2026-09-28
5944,Yonada,taurenfemaleofficialnpc,taurenfemaleofficial,game greeting set of primary display,cmangos,2026-09-28
5953,Razor Hill Grunt,orcmaleguardnpc,orcmaleguard,game greeting set of primary display,cmangos,2026-09-28
5955,Tooga,narrator_neutral,creature:other_n,non-character model -> MelloUI race key (or model name); creature: narrator,cmangos,2026-09-28
5957,Birgitte Cranston,undeadfemalemagicnpc,undeadfemalemagic,game greeting set of primary display,cmangos,2026-09-28
5958,Thuul,trollmaleshamannpc,trollmaleshaman,game greeting set of primary display,cmangos,2026-09-28
5959,World Dwarf Male Warrior Trainer,dwarfmalegrimnpc,dwarfmalegrim,game greeting set of primary display,cmangos,2026-09-28
5960,World Human Male Rogue Trainer,humanmalewarriornpc,humanmalewarrior,silent in game -> crc32(entry) mod race/sex pool,cmangos,2026-09-28
5961,World Gnome Male Mage Trainer,gnomemalestandardnpc,gnomemalestandard,silent in game -> crc32(entry) mod race/sex pool,cmangos,2026-09-28
5962,World Orc Male Warlock Trainer,orcmaleshadynpc,orcmaleshady,game greeting set of primary display,cmangos,2026-09-28
5963,World Tauren Male Druid Trainer,taurenmaleshamannpc,taurenmaleshaman,game greeting set of primary display,cmangos,2026-09-28
5964,World Undead Male Priest Trainer,undeadmaledarknpc,undeadmaledark,game greeting set of primary display,cmangos,2026-09-28
5965,World Troll Male Shaman Trainer,trollmalestandardnpc,trollmalestandard,game greeting set of primary display,cmangos,2026-09-28
5966,World Night Elf Male Warrior Trainer,nightelfmalewarriornpc,nightelfmalewarrior,game greeting set of primary display,cmangos,2026-09-28
5967,World Dwarf Female Warrior Trainer,dwarffemalematernalnpc,dwarffemalematernal,game greeting set of primary display,cmangos,2026-09-28
5968,World Human Female Rogue Trainer,humanfemalewarriornpc,humanfemalewarrior,silent in game -> crc32(entry) mod race/sex pool,cmangos,2026-09-28
5969,World Gnome Female Mage Trainer,gnomefemalestandardnpc,gnomefemalestandard,game greeting set of primary display,cmangos,2026-09-28
5970,World Orc Female Warlock Trainer,orcfemalewarriornpc,orcfemalewarrior,silent in game -> crc32(entry) mod race/sex pool,cmangos,2026-09-28
5971,World Troll Female Shaman Trainer,trollfemalestandardnpc,trollfemalestandard,game greeting set of primary display,cmangos,2026-09-28
5972,World Tauren Female Druid Trainer,taurenfemalestandardnpc,taurenfemalestandard,game greeting set of primary display,cmangos,2026-09-28
5973,World Undead Female Priest Trainer,undeadfemalestandardnpc,undeadfemalestandard,game greeting set of primary display,cmangos,2026-09-28
5994,Zayus,trollmaledarknpc,trollmaledark,game greeting set of primary display,cmangos,2026-09-28
6014,X'yera,trollmalestandardnpc,trollmalestandard,game greeting set of primary display,cmangos,2026-09-28
6015,Torta,narrator_neutral,creature:other_n,non-character model -> MelloUI race key (or model name); creature: narrator,cmangos,2026-09-28
6018,Ur'kyo,trollmaleshamannpc,trollmaleshaman,game greeting set of primary display,cmangos,2026-09-28
6019,Hornizz Brimbuzzle,goblinmalezanynpc,goblinmalezany,game greeting set of primary display,cmangos,2026-09-28
6026,Breyk,orcmaleguardnpc,orcmaleguard,game greeting set of primary display,cmangos,2026-09-28
6027,Kitha,orcfemaleshamannpc,orcfemaleshaman,game greeting set of primary display,cmangos,2026-09-28
6028,Burkrum,taurenmalewarriornpc,taurenmalewarrior,game greeting set of primary display,cmangos,2026-09-28
6030,Thorvald Deepforge,dwarfmalegrimnpc,dwarfmalegrim,game greeting set of primary display,cmangos,2026-09-28
6031,Tormus Deepforge,dwarfmalestandardnpc,dwarfmalestandard,game greeting set of primary display,cmangos,2026-09-28
6034,Lotherias,nightelffemalestandardnpc,nightelffemalestandard,game greeting set of primary display,cmangos,2026-09-28
6086,Auberdine Sentinel,nightelffemalesentinelnpc,nightelffemalesentinel,game greeting set of primary display,cmangos,2026-09-28
6089,Harry Burlguard,humanmaleofficialnpc,humanmaleofficial,game greeting set of primary display,forever-cache,2026-09-28
6090,Bartleby,humanmalewarriornpc,humanmalewarrior,game greeting set of primary display,forever-cache,2026-09-28
6091,Dellylah,nightelffemalestandardnpc,nightelffemalestandard,game greeting set of primary display,cmangos,2026-09-28
6094,Byancie,nightelffemalestandardnpc,nightelffemalestandard,game greeting set of primary display,cmangos,2026-09-28
6109,Azuregos,retail_azuregos,creature:dragon_m,"non-character model -> MelloUI race key (or model name); creature family; re-mapped 2026-09-28 from creature_dragon (npc table, rule 1)",cmangos,2026-09-28
6114,Muren Stormpike,dwarfmalestandardnpc,dwarfmalestandard,game greeting set of primary display,cmangos,2026-09-28
6119,Tog Rustsprocket,gnomemaleyoungnpc,gnomemaleyoung,game greeting set of primary display,cmangos,2026-09-28
6120,Lago Blackwrench,gnomemaleyoungnpc,gnomemaleyoung,game greeting set of primary display,cmangos,2026-09-28
6121,Remen Marcot,humanmalewarriornpc,humanmalewarrior,game greeting set of primary display,forever-cache,2026-09-28
6122,Gakin the Darkbinder,humanmalewarriornpc,humanmalewarrior,game greeting set of primary display,cmangos,2026-09-28
6134,Lord Arkkoroc,creature_ogre,creature:giant_m,non-character model -> MelloUI race key (or model name); creature family,cmangos,2026-09-28
6142,Mathiel,nightelfmalestandardnpc,nightelfmalestandard,game greeting set of primary display,cmangos,2026-09-28
6166,Yorus Barleybrew,dwarfmaleguardnpc,dwarfmaleguard,game greeting set of primary display,cmangos,2026-09-28
6169,Klockmort Spannerspan,gnomemalezanynpc,gnomemalezany,game greeting set of primary display,cmangos,2026-09-28
6171,Duthorian Rall,humanmaleofficialnpc,humanmaleofficial,game greeting set of primary display,cmangos,2026-09-28
6172,Henze Faulk,dwarfmaleguardnpc,dwarfmaleguard,silent in game -> crc32(entry) mod race/sex pool,cmangos,2026-09-28
6173,Gazin Tenorm,dwarfmalestandardnpc,dwarfmalestandard,game greeting set of primary display,cmangos,2026-09-28
6174,Stephanie Turner,humanfemalestandardnpc,humanfemalestandard,game greeting set of primary display,forever-cache,2026-09-28
6175,John Turner,humanmalestandardnpc,humanmalestandard,game greeting set of primary display,cmangos,2026-09-28
6176,Bath'rah the Windwatcher,trollmaleshamannpc,trollmaleshaman,game greeting set of primary display,cmangos,2026-09-28
6177,Narm Faulk,dwarfmalestandardnpc,dwarfmalestandard,silent in game -> crc32(entry) mod race/sex pool,cmangos,2026-09-28
6178,Muiredon Battleforge,dwarfmalestandardnpc,dwarfmalestandard,game greeting set of primary display,cmangos,2026-09-28
6179,Tiza Battleforge,dwarffemaleguardnpc,dwarffemaleguard,game greeting set of primary display,cmangos,2026-09-28
6181,Jordan Stilwell,humanmaleofficialnpc,humanmaleofficial,game greeting set of primary display,cmangos,2026-09-28
6182,Daphne Stilwell,humanfemaleofficialnpc,humanfemaleofficial,game greeting set of primary display,cmangos,2026-09-28
6236,Klannoc Macleod,humanmalewarriornpc,humanmalewarrior,game greeting set of primary display,cmangos,2026-09-28
6241,Bailor Stonehand,dwarfmalegrimnpc,dwarfmalegrim,game greeting set of primary display,cmangos,2026-09-28
6244,Takar the Seer,humanmalewarriornpc,humanmalewarrior,game greeting set of primary display,cmangos,2026-09-28
6247,Doan Karhan,humanmalewarriornpc,humanmalewarrior,game greeting set of primary display,cmangos,2026-09-28
6251,Strahad Farsan,humanmalewarriornpc,humanmalewarrior,game greeting set of primary display,cmangos,2026-09-28
6252,Acolyte Magaz,orcfemalewarriornpc,orcfemalewarrior,game greeting set of primary display,cmangos,2026-09-28
6254,Acolyte Wytula,undeadfemalemagicnpc,undeadfemalemagic,game greeting set of primary display,cmangos,2026-09-28
6266,Menara Voidrender,humanfemalewarriornpc,humanfemalewarrior,game greeting set of primary display,cmangos,2026-09-28
6271,Mouse,narrator_neutral,creature:other_n,non-character model -> MelloUI race key (or model name); creature: narrator,forever-cache,2026-09-28
6272,Innkeeper Janene,humanfemalestandardnpc,humanfemalestandard,game greeting set of primary display,cmangos,2026-09-28
6286,Zarrin,nightelfmalestandardnpc,nightelfmalestandard,game greeting set of primary display,cmangos,2026-09-28
6287,Radnaal Maneweaver,nightelfmalewarriornpc,nightelfmalewarrior,game greeting set of primary display,cmangos,2026-09-28
6288,Jayla,nightelffemalesentinelnpc,nightelffemalesentinel,game greeting set of primary display,cmangos,2026-09-28
6289,Rand Rhobart,undeadmalewarriornpc,undeadmalewarrior,game greeting set of primary display,forever-cache,2026-09-28
6290,Yonn Deepcut,taurenmalewarriornpc,taurenmalewarrior,game greeting set of primary display,cmangos,2026-09-28
6291,Balthus Stoneflayer,dwarfmalegrimnpc,dwarfmalegrim,game greeting set of primary display,cmangos,2026-09-28
6292,Eladriel,nightelffemalepriestessnpc,nightelffemalepriestess,game greeting set of primary display,cmangos,2026-09-28
6293,Jorah Annison,undeadmalestandardnpc,undeadmalestandard,game greeting set of primary display,cmangos,2026-09-28
6294,Krom Stoutarm,dwarfmalestandardnpc,dwarfmalestandard,game greeting set of primary display,cmangos,2026-09-28
6295,Wilma Ranthal,humanfemalewarriornpc,humanfemalewarrior,game greeting set of primary display,cmangos,2026-09-28
6297,Kurdram Stonehammer,dwarfmalestandardnpc,dwarfmalestandard,game greeting set of primary display,cmangos,2026-09-28
6298,Thelgrum Stonehammer,dwarfmalegrimnpc,dwarfmalegrim,game greeting set of primary display,cmangos,2026-09-28
6299,Delfrum Flintbeard,dwarfmaleguardnpc,dwarfmaleguard,game greeting set of primary display,cmangos,2026-09-28
6300,Elisa Steelhand,dwarffemaleguardnpc,dwarffemaleguard,game greeting set of primary display,cmangos,2026-09-28
6301,Gorbold Steelhand,dwarfmaleguardnpc,dwarfmaleguard,game greeting set of primary display,cmangos,2026-09-28
6306,Helene Peltskinner,humanfemalewarriornpc,humanfemalewarrior,game greeting set of primary display,cmangos,2026-09-28
6328,Dannie Fizzwizzle,gnomefemalestandardnpc,gnomefemalestandard,game greeting set of primary display,cmangos,2026-09-28
6367,Donni Anthania,humanfemalestandardnpc,humanfemalestandard,game greeting set of primary display,cmangos,2026-09-28
6373,Dane Winslow,humanmalewarriornpc,humanmalewarrior,game greeting set of primary display,cmangos,2026-09-28
6374,Cylina Darkheart,humanfemalewarriornpc,humanfemalewarrior,game greeting set of primary display,forever-cache,2026-09-28
6376,Wren Darkspring,gnomefemalestandardnpc,gnomefemalestandard,game greeting set of primary display,cmangos,2026-09-28
6382,Jubahl Corpseseeker,humanmalewarriornpc,humanmalewarrior,game greeting set of primary display,cmangos,2026-09-28
6387,Dranh,taurenmalewarriornpc,taurenmalewarrior,game greeting set of primary display,cmangos,2026-09-28
6389,Deathguard Podrig,undeadmalewarriornpc,undeadmalewarrior,game greeting set of primary display,cmangos,2026-09-28
6393,Henen Ragetotem,taurenfemaleofficialnpc,taurenfemaleofficial,game greeting set of primary display,cmangos,2026-09-28
6394,Ruga Ragetotem,taurenmalewarriornpc,taurenmalewarrior,game greeting set of primary display,cmangos,2026-09-28
6395,Sergeant Rutger,undeadmalewarriornpc,undeadmalewarrior,game greeting set of primary display,cmangos,2026-09-28
6408,Ula'elek,trollmaleshamannpc,trollmaleshaman,game greeting set of primary display,cmangos,2026-09-28
6410,Orm Stonehoof,taurenmalewarriornpc,taurenmalewarrior,game greeting set of primary display,cmangos,2026-09-28
6411,Velora Nitely,undeadfemalewarriornpc,undeadfemalewarrior,game greeting set of primary display,cmangos,2026-09-28
6446,Therzok,orcmaleguardnpc,orcmaleguard,game greeting set of primary display,cmangos,2026-09-28
6467,Mennet Carkad,undeadmaledarknpc,undeadmaledark,game greeting set of primary display,cmangos,2026-09-28
6491,Spirit Healer,creature_spirit,creature:spirit_f,non-character model -> MelloUI race key (or model name); creature family,forever-cache,2026-09-28
6495,Riznek,goblinmalezanynpc,goblinmalezany,game greeting set of primary display,cmangos,2026-09-28
6496,Brivelthwerp,gnomemalezanynpc,gnomemalezany,game greeting set of primary display,cmangos,2026-09-28
6497,Astor Hadren,undeadmaledarknpc,undeadmaledark,game greeting set of primary display,cmangos,2026-09-28
6522,Andron Gant,undeadmalestandardnpc,undeadmalestandard,game greeting set of primary display,cmangos,2026-09-28
6546,Tabetha,humanfemaleofficialnpc,humanfemaleofficial,game greeting set of primary display,cmangos,2026-09-28
6548,Magus Tirth,humanmaleofficialnpc,humanmaleofficial,game greeting set of primary display,cmangos,2026-09-28
6566,Estelle Gendry,undeadfemalewarriornpc,undeadfemalewarrior,game greeting set of primary display,cmangos,2026-09-28
6567,Ghok'kah,orcmalestandardnpc,orcmalestandard,game greeting set of primary display,cmangos,2026-09-28
6568,Vizzklick,goblinmalezanynpc,goblinmalezany,game greeting set of primary display,cmangos,2026-09-28
6569,Gnoarn,gnomemalezanynpc,gnomemalezany,game greeting set of primary display,cmangos,2026-09-28
6574,Jun'ha,orcfemalestandardnpc,orcfemalestandard,game greeting set of primary display,cmangos,2026-09-28
6576,Brienna Starglow,nightelffemalepriestessnpc,nightelffemalepriestess,game greeting set of primary display,cmangos,2026-09-28
6577,Bingles Blastenheimer,gnomemalezanynpc,gnomemalezany,game greeting set of primary display,cmangos,2026-09-28
6579,Shoni the Shilent,gnomefemalenerdynpc,gnomefemalenerdy,game greeting set of primary display,forever-cache,2026-09-28
6586,Rokar Bladeshadow,orcmaleguardnpc,orcmaleguard,game greeting set of primary display,cmangos,2026-09-28
6667,Gelkak Gyromast,gnomemalezanynpc,gnomemalezany,game greeting set of primary display,cmangos,2026-09-28
6669,The Threshwackonator 4100,narrator_neutral,creature:giant_n,"non-character model -> MelloUI race key (or model name); creature family; re-mapped 2026-09-28 from creature_ogre (npc table, rule N)",cmangos,2026-09-28
6706,Baritanas Skyriver,nightelfmalestandardnpc,nightelfmalestandard,game greeting set of primary display,cmangos,2026-09-28
6707,Fahrad,humanmaleofficialnpc,humanmaleofficial,game greeting set of primary display,cmangos,2026-09-28
6726,Thalon,taurenmalewarriornpc,taurenmalewarrior,game greeting set of primary display,cmangos,2026-09-28
6727,Innkeeper Brianna,humanfemaleofficialnpc,humanfemaleofficial,game greeting set of primary display,cmangos,2026-09-28
6729,Morridune,dwarfmalegrimnpc,dwarfmalegrim,game greeting set of primary display,cmangos,2026-09-28
6730,Jinky Twizzlefixxit,gnomefemalehappynpc,gnomefemalehappy,game greeting set of primary display,cmangos,2026-09-28
6731,Harlown Darkweave,nightelfmalewarriornpc,nightelfmalewarrior,game greeting set of primary display,cmangos,2026-09-28
6734,Innkeeper Hearthstove,dwarfmalestandardnpc,dwarfmalestandard,game greeting set of primary display,cmangos,2026-09-28
6735,Innkeeper Saelienne,nightelffemalepriestessnpc,nightelffemalepriestess,game greeting set of primary display,cmangos,2026-09-28
6736,Innkeeper Keldamyr,nightelfmalestandardnpc,nightelfmalestandard,game greeting set of primary display,cmangos,2026-09-28
6737,Innkeeper Shaussiy,nightelffemalepriestessnpc,nightelffemalepriestess,game greeting set of primary display,cmangos,2026-09-28
6738,Innkeeper Kimlya,nightelffemalepriestessnpc,nightelffemalepriestess,game greeting set of primary display,cmangos,2026-09-28
6739,Innkeeper Bates,undeadmalestandardnpc,undeadmalestandard,game greeting set of primary display,cmangos,2026-09-28
6740,Innkeeper Allison,humanfemaleofficialnpc,humanfemaleofficial,game greeting set of primary display,forever-cache,2026-09-28
6741,Innkeeper Norman,undeadmaledarknpc,undeadmaledark,game greeting set of primary display,cmangos,2026-09-28
6746,Innkeeper Pala,taurenfemalestandardnpc,taurenfemalestandard,game greeting set of primary display,cmangos,2026-09-28
6747,Innkeeper Kauth,taurenmaleeldernpc,taurenmaleelder,game greeting set of primary display,cmangos,2026-09-28
6749,Erma,humanfemalestandardnpc,humanfemalestandard,game greeting set of primary display,forever-cache,2026-09-28
6766,Ravenholdt Guard,humanmalewarriornpc,humanmalewarrior,game greeting set of primary display,cmangos,2026-09-28
6768,Lord Jorach Ravenholdt,humanmaleofficialnpc,humanmaleofficial,game greeting set of primary display,cmangos,2026-09-28
6771,Ravenholdt Assassin,humanmalewarriornpc,humanmalewarrior,game greeting set of primary display,cmangos,2026-09-28
6774,Falkhaan Isenstrider,humanmalestandardnpc,humanmalestandard,game greeting set of primary display,cmangos,2026-09-28
6775,Antur Fallow,taurenfemalestandardnpc,taurenfemalestandard,game greeting set of primary display,cmangos,2026-09-28
6776,Magrin Rivermane,taurenmalewarriornpc,taurenmalewarrior,game greeting set of primary display,cmangos,2026-09-28
6777,Zan Shivsproket,gnomemalezanynpc,gnomemalezany,game greeting set of primary display,cmangos,2026-09-28
6778,Melika Isenstrider,humanfemalestandardnpc,humanfemalestandard,game greeting set of primary display,forever-cache,2026-09-28
6779,Smudge Thunderwood,dwarfmalegrimnpc,dwarfmalegrim,game greeting set of primary display,cmangos,2026-09-28
6780,Porthannius,nightelfmaleofficialnpc,nightelfmaleofficial,game greeting set of primary display,cmangos,2026-09-28
6781,Melarith,nightelfmalewarriornpc,nightelfmalewarrior,game greeting set of primary display,cmangos,2026-09-28
6782,Hands Springsprocket,gnomemaleyoungnpc,gnomemaleyoung,game greeting set of primary display,cmangos,2026-09-28
6784,Calvin Montague,undeadmalestandardnpc,undeadmalestandard,game greeting set of primary display,forever-cache,2026-09-28
6785,Ratslin Maime,undeadmalestandardnpc,undeadmalestandard,game greeting set of primary display,forever-cache,2026-09-28
6786,Ukor,orcmalestandardnpc,orcmalestandard,game greeting set of primary display,cmangos,2026-09-28
6790,Innkeeper Trelayne,humanfemaleofficialnpc,humanfemaleofficial,game greeting set of primary display,cmangos,2026-09-28
6791,Innkeeper Wiley,goblinmalezanynpc,goblinmalezany,game greeting set of primary display,cmangos,2026-09-28
6806,Tannok Frosthammer,dwarfmalestandardnpc,dwarfmalestandard,game greeting set of primary display,cmangos,2026-09-28
6807,Innkeeper Skindle,goblinmaleguardnpc,goblinmaleguard,game greeting set of primary display,cmangos,2026-09-28
6826,Talvash del Kissel,gnomemalestandardnpc,gnomemalestandard,game greeting set of primary display,cmangos,2026-09-28
6868,Jarkal Mossmeld,trollmaleshamannpc,trollmaleshaman,game greeting set of primary display,cmangos,2026-09-28
6886,Onin MacHammar,dwarfmalegrimnpc,dwarfmalegrim,game greeting set of primary display,cmangos,2026-09-28
6887,Yalda,nightelffemalepriestessnpc,nightelffemalepriestess,game greeting set of primary display,cmangos,2026-09-28
6906,Baelog,dwarfmaleguardnpc,dwarfmaleguard,game greeting set of primary display,cmangos,2026-09-28
6907,"Eric ""The Swift""",dwarfmalestandardnpc,dwarfmalestandard,game greeting set of primary display,cmangos,2026-09-28
6908,Olaf,dwarfmalegrimnpc,dwarfmalegrim,game greeting set of primary display,cmangos,2026-09-28
6912,Remains of a Paladin,undeadmalestandardnpc,undeadmalestandard,silent in game -> crc32(entry) mod race/sex pool,cmangos,2026-09-28
6928,Innkeeper Grosk,orcmalestandardnpc,orcmalestandard,game greeting set of primary display,cmangos,2026-09-28
6929,Innkeeper Gryshka,orcfemalestandardnpc,orcfemalestandard,game greeting set of primary display,cmangos,2026-09-28
6930,Innkeeper Karakul,orcmalestandardnpc,orcmalestandard,game greeting set of primary display,cmangos,2026-09-28
6946,"Renzik ""The Shiv""",goblinmalezanynpc,goblinmalezany,game greeting set of primary display,forever-cache,2026-09-28
6966,Lucius,dwarfmalegrimnpc,dwarfmalegrim,game greeting set of primary display,cmangos,2026-09-28
6986,Dran Droffers,orcmalestandardnpc,orcmalestandard,game greeting set of primary display,cmangos,2026-09-28
6987,Malton Droffers,orcmaleshadynpc,orcmaleshady,game greeting set of primary display,cmangos,2026-09-28
7007,Tiev Mordune,trollmaleshamannpc,trollmaleshaman,game greeting set of primary display,cmangos,2026-09-28
7009,Arantir,nightelfmalewarriornpc,nightelfmalewarrior,game greeting set of primary display,cmangos,2026-09-28
7010,Zilzibin Drumlore,trollmaleshamannpc,trollmaleshaman,game greeting set of primary display,cmangos,2026-09-28
7024,Agent Kearnen,humanfemalewarriornpc,humanfemalewarrior,game greeting set of primary display,cmangos,2026-09-28
7087,Killian Hagey,undeadmalewarriornpc,undeadmalewarrior,game greeting set of primary display,cmangos,2026-09-28
7088,Thuwd,orcmaleguardnpc,orcmaleguard,game greeting set of primary display,cmangos,2026-09-28
7089,Mooranta,taurenfemaleofficialnpc,taurenfemaleofficial,game greeting set of primary display,cmangos,2026-09-28
7161,Wrenix the Wretched,goblinmalegruffnpc,goblinmalegruff,game greeting set of primary display,cmangos,2026-09-28
7166,Wrenix's Gizmotronic Apparatus,narrator_neutral,creature:giant_n,"non-character model -> MelloUI race key (or model name); creature family; re-mapped 2026-09-28 from creature_ogre (npc table, rule N)",cmangos,2026-09-28
7170,Thragomm,orcmaleguardnpc,orcmaleguard,game greeting set of primary display,cmangos,2026-09-28
7172,Lore Keeper of Norgannon,thorim,creature:keeper_m,"non-character model -> MelloUI race key (or model name); creature family; re-mapped 2026-09-28 from creature_ancient; re-mapped 2026-09-28 from creature_keeper (npc table, rule 5)",cmangos,2026-09-28
7207,Doc Mixilpixil,gnomemalezanynpc,gnomemalezany,game greeting set of primary display,forever-cache,2026-09-28
7230,Shayis Steelfury,orcfemalewarriornpc,orcfemalewarrior,game greeting set of primary display,cmangos,2026-09-28
7231,Kelgruk Bloodaxe,orcmaleshadynpc,orcmaleshady,game greeting set of primary display,cmangos,2026-09-28
7232,Borgus Steelhand,dwarfmalegrimnpc,dwarfmalegrim,game greeting set of primary display,forever-cache,2026-09-28
7233,Taskmaster Fizzule,dwarfmalegrimnpc,dwarfmalegrim,game greeting set of primary display,cmangos,2026-09-28
7292,Dinita Stonemantle,dwarffemalematernalnpc,dwarffemalematernal,game greeting set of primary display,cmangos,2026-09-28
7294,Shim'la,trollfemalestandardnpc,trollfemalestandard,game greeting set of primary display,cmangos,2026-09-28
7295,Shailiea,nightelffemalesentinelnpc,nightelffemalesentinel,game greeting set of primary display,cmangos,2026-09-28
7297,Gothard Winslow,undeadmalestandardnpc,undeadmalestandard,game greeting set of primary display,cmangos,2026-09-28
7298,Demnul Farmountain,dwarfmalegrimnpc,dwarfmalegrim,game greeting set of primary display,cmangos,2026-09-28
7311,Uthel'nay,trollmaledarknpc,trollmaledark,game greeting set of primary display,cmangos,2026-09-28
7312,Dink,gnomemalezanynpc,gnomemalezany,game greeting set of primary display,cmangos,2026-09-28
7313,Priestess A'moora,nightelffemalepriestessnpc,nightelffemalepriestess,game greeting set of primary display,cmangos,2026-09-28
7315,Darnath Bladesinger,nightelfmalewarriornpc,nightelfmalewarrior,game greeting set of primary display,cmangos,2026-09-28
7316,Sister Aquinne,nightelffemalestandardnpc,nightelffemalestandard,game greeting set of primary display,cmangos,2026-09-28
7317,Oben Rageclaw,nightelfmalewarriornpc,nightelfmalewarrior,silent in game -> crc32(entry) mod race/sex pool,cmangos,2026-09-28
7363,Kum'isha the Collector,brokennpc2,creature:other_m,"non-character model -> MelloUI race key (or model name); creature: narrator; re-mapped 2026-09-28 from narrator_neutral (npc table, rule 3)",cmangos,2026-09-28
7406,Oglethorpe Obnoticus,gnomemalestandardnpc,gnomemalestandard,game greeting set of primary display,cmangos,2026-09-28
7407,Chief Engineer Bilgewhizzle,goblinmalegruffnpc,goblinmalegruff,game greeting set of primary display,cmangos,2026-09-28
7408,Spigot Operator Luglunket,goblinmalezanynpc,goblinmalezany,game greeting set of primary display,cmangos,2026-09-28
7410,Thelman Slatefist,dwarfmaleguardnpc,dwarfmaleguard,game greeting set of primary display,cmangos,2026-09-28
7427,Taim Ragetotem,taurenmalewarriornpc,taurenmalewarrior,game greeting set of primary display,cmangos,2026-09-28
7485,Nargatt,orcmalestandardnpc,orcmalestandard,game greeting set of primary display,cmangos,2026-09-28
7488,Haka'wani,trollfemalelaidbacknpc,trollfemalelaidback,game greeting set of primary display,cmangos,2026-09-28
7489,Silverpine Deathguard,undeadmalewarriornpc,undeadmalewarrior,game greeting set of primary display,cmangos,2026-09-28
7505,Bloodmage Drazial,nightelfmalestandardnpc,nightelfmalestandard,game greeting set of primary display,cmangos,2026-09-28
7506,Bloodmage Lynnore,nightelffemalestandardnpc,nightelffemalestandard,game greeting set of primary display,cmangos,2026-09-28
7564,Marin Noggenfogger,goblinmalezanynpc,goblinmalezany,game greeting set of primary display,cmangos,2026-09-28
7572,Fallen Hero of the Horde,orcmaleshadynpc,orcmaleshady,silent in game -> crc32(entry) mod race/sex pool,cmangos,2026-09-28
7583,Sprinkle,goblinfemalezanynpc,goblinfemalezany,game greeting set of primary display,cmangos,2026-09-28
7604,Sergeant Bly,humanmalewarriornpc,humanmalewarrior,game greeting set of primary display,cmangos,2026-09-28
7607,Weegli Blastfuse,goblinmalezanynpc,goblinmalezany,game greeting set of primary display,cmangos,2026-09-28
7623,Dispatch Commander Ruag,orcmaleguardnpc,orcmaleguard,game greeting set of primary display,cmangos,2026-09-28
7643,Bengor,orcmaleshadynpc,orcmaleshady,silent in game -> crc32(entry) mod race/sex pool,cmangos,2026-09-28
7683,Alessandro Luca,undeadmalestandardnpc,undeadmalestandard,game greeting set of primary display,cmangos,2026-09-28
7714,Innkeeper Byula,taurenmaleeldernpc,taurenmaleelder,game greeting set of primary display,cmangos,2026-09-28
7724,Senior Surveyor Fizzledowser,goblinmalezanynpc,goblinmalezany,game greeting set of primary display,cmangos,2026-09-28
7729,Spirit of Kirith,undeadmalewarriornpc,undeadmalewarrior,silent in game -> crc32(entry) mod race/sex pool,cmangos,2026-09-28
7730,Stonetalon Grunt,orcmaleguardnpc,orcmaleguard,game greeting set of primary display,cmangos,2026-09-28
7731,Innkeeper Jayka,orcfemalestandardnpc,orcfemalestandard,game greeting set of primary display,cmangos,2026-09-28
7733,Innkeeper Fizzgrimble,goblinmalezanynpc,goblinmalezany,game greeting set of primary display,cmangos,2026-09-28
7736,Innkeeper Shyria,nightelffemalepriestessnpc,nightelffemalepriestess,game greeting set of primary display,cmangos,2026-09-28
7737,Innkeeper Greul,taurenfemaleshamannpc,taurenfemaleshaman,game greeting set of primary display,cmangos,2026-09-28
7740,Gracina Spiritmight,nightelffemalesentinelnpc,nightelffemalesentinel,game greeting set of primary display,cmangos,2026-09-28
7744,Innkeeper Thulfram,dwarfmalestandardnpc,dwarfmalestandard,game greeting set of primary display,cmangos,2026-09-28
7750,Corporal Thund Splithoof,taurenmaleeldernpc,taurenmaleelder,silent in game -> crc32(entry) mod race/sex pool,cmangos,2026-09-28
7763,Curgle Cranklehop,gnomefemalenerdynpc,gnomefemalenerdy,game greeting set of primary display,cmangos,2026-09-28
7764,Troyas Moonbreeze,nightelfmalewarriornpc,nightelfmalewarrior,game greeting set of primary display,cmangos,2026-09-28
7765,Rockbiter,creature_ogre,creature:giant_n,non-character model -> MelloUI race key (or model name); creature family,cmangos,2026-09-28
7766,Tyrion,gnomemalestandardnpc,gnomemalestandard,game greeting set of primary display,cmangos,2026-09-28
7770,Winkey,gnomefemalehappynpc,gnomefemalehappy,game greeting set of primary display,cmangos,2026-09-28
7771,Marvon Rivetseeker,goblinmalezanynpc,goblinmalezany,game greeting set of primary display,cmangos,2026-09-28
7772,Kalin Windflight,nightelfmaleofficialnpc,nightelfmaleofficial,game greeting set of primary display,cmangos,2026-09-28
7773,Marli Wishrunner,nightelffemalesentinelnpc,nightelffemalesentinel,game greeting set of primary display,cmangos,2026-09-28
7774,Shay Leafrunner,nightelffemalestandardnpc,nightelffemalestandard,game greeting set of primary display,cmangos,2026-09-28
7775,Gregan Brewspewer,dwarfmaleguardnpc,dwarfmaleguard,game greeting set of primary display,cmangos,2026-09-28
7776,Talo Thornhoof,taurenmalewarriornpc,taurenmalewarrior,game greeting set of primary display,cmangos,2026-09-28
7777,Rok Orhan,orcfemalewarriornpc,orcfemalewarrior,game greeting set of primary display,cmangos,2026-09-28
7778,Doran Steelwing,dwarfmalestandardnpc,dwarfmalestandard,game greeting set of primary display,cmangos,2026-09-28
7780,Rin'ji,trollmalestandardnpc,trollmalestandard,silent in game -> crc32(entry) mod race/sex pool,cmangos,2026-09-28
7783,Loramus Thalipedes,nightelfmalewarriornpc,nightelfmalewarrior,game greeting set of primary display,cmangos,2026-09-28
7784,Homing Robot OOX-17/TN,narrator_neutral,creature:other_n,non-character model -> MelloUI race key (or model name); creature: narrator,cmangos,2026-09-28
7790,Orokk Omosh,orcmalestandardnpc,orcmalestandard,game greeting set of primary display,cmangos,2026-09-28
7792,Aturk the Anvil,orcmaleguardnpc,orcmaleguard,game greeting set of primary display,cmangos,2026-09-28
7793,Ox,taurenmalewarriornpc,taurenmalewarrior,game greeting set of primary display,cmangos,2026-09-28
7794,McGavan,humanmaleofficialnpc,humanmaleofficial,game greeting set of primary display,cmangos,2026-09-28
7798,Hank the Hammer,humanmaleofficialnpc,humanmaleofficial,game greeting set of primary display,forever-cache,2026-09-28
7799,Gimblethorn,goblinmalezanynpc,goblinmalezany,game greeting set of primary display,cmangos,2026-09-28
7801,Gilveradin Sunchaser,nightelfmalestandardnpc,nightelfmalestandard,game greeting set of primary display,cmangos,2026-09-28
7802,Galvan the Ancient,dwarfmalegrimnpc,dwarfmalegrim,game greeting set of primary display,cmangos,2026-09-28
7804,Trenton Lighthammer,nightelfmalewarriornpc,nightelfmalewarrior,game greeting set of primary display,cmangos,2026-09-28
7806,Homing Robot OOX-09/HL,narrator_neutral,creature:other_n,non-character model -> MelloUI race key (or model name); creature: narrator,cmangos,2026-09-28
7807,Homing Robot OOX-22/FE,narrator_neutral,creature:other_n,non-character model -> MelloUI race key (or model name); creature: narrator,cmangos,2026-09-28
7823,Bera Stonehammer,dwarffemaleguardnpc,dwarffemaleguard,game greeting set of primary display,cmangos,2026-09-28
7824,Bulkrek Ragefist,orcmalestandardnpc,orcmalestandard,game greeting set of primary display,cmangos,2026-09-28
7825,Oran Snakewrithe,undeadfemalemagicnpc,undeadfemalemagic,game greeting set of primary display,cmangos,2026-09-28
7826,Ambassador Ardalan,nightelfmalestandardnpc,nightelfmalestandard,game greeting set of primary display,cmangos,2026-09-28
7850,Kernobee,goblinmalezanynpc,goblinmalezany,game greeting set of primary display,cmangos,2026-09-28
7852,Pratt McGrubben,humanmalestandardnpc,humanmalestandard,game greeting set of primary display,cmangos,2026-09-28
7853,Scooty,goblinmalezanynpc,goblinmalezany,game greeting set of primary display,cmangos,2026-09-28
7854,Jangdor Swiftstrider,taurenmaleeldernpc,taurenmaleelder,game greeting set of primary display,cmangos,2026-09-28
7865,Wildhammer Sentry,dwarfmaleguardnpc,dwarfmaleguard,game greeting set of primary display,cmangos,2026-09-28
7866,Peter Galen,humanmaleofficialnpc,humanmaleofficial,game greeting set of primary display,cmangos,2026-09-28
7867,Thorkaf Dragoneye,orcmaleguardnpc,orcmaleguard,game greeting set of primary display,cmangos,2026-09-28
7868,Sarah Tanner,humanfemalewarriornpc,humanfemalewarrior,game greeting set of primary display,cmangos,2026-09-28
7869,Brumn Winterhoof,taurenmaleeldernpc,taurenmaleelder,game greeting set of primary display,cmangos,2026-09-28
7870,Caryssia Moonhunter,nightelffemalesentinelnpc,nightelffemalesentinel,game greeting set of primary display,cmangos,2026-09-28
7871,Se'Jib,trollmaleshamannpc,trollmaleshaman,game greeting set of primary display,cmangos,2026-09-28
7875,Hadoken Swiftstrider,taurenmalewarriornpc,taurenmalewarrior,game greeting set of primary display,cmangos,2026-09-28
7876,Tran'rek,goblinmalezanynpc,goblinmalezany,game greeting set of primary display,cmangos,2026-09-28
7877,Latronicus Moonspear,nightelfmalewarriornpc,nightelfmalewarrior,game greeting set of primary display,cmangos,2026-09-28
7878,Vestia Moonspear,nightelffemalepriestessnpc,nightelffemalepriestess,game greeting set of primary display,cmangos,2026-09-28
7879,Quintis Jonespyre,nightelfmaleofficialnpc,nightelfmaleofficial,game greeting set of primary display,cmangos,2026-09-28
7880,Ginro Hearthkindle,nightelfmalewarriornpc,nightelfmalewarrior,game greeting set of primary display,cmangos,2026-09-28
7881,Stoley,humanmalestandardnpc,humanmalestandard,game greeting set of primary display,cmangos,2026-09-28
7882,Security Chief Bilgewhizzle,goblinmalegruffnpc,goblinmalegruff,game greeting set of primary display,cmangos,2026-09-28
7884,Fraggar Thundermantle,dwarfmalegrimnpc,dwarfmalegrim,game greeting set of primary display,cmangos,2026-09-28
7900,Angelas Moonbreeze,nightelffemalepriestessnpc,nightelffemalepriestess,game greeting set of primary display,cmangos,2026-09-28
7907,Daryn Lightwind,nightelffemalepriestessnpc,nightelffemalepriestess,game greeting set of primary display,cmangos,2026-09-28
7916,Erelas Ambersky,nightelfmalewarriornpc,nightelfmalewarrior,game greeting set of primary display,cmangos,2026-09-28
7917,Brother Sarno,humanmalestandardnpc,humanmalestandard,game greeting set of primary display,cmangos,2026-09-28
7918,Stone Watcher of Norgannon,thorim,creature:keeper_m,"non-character model -> MelloUI race key (or model name); creature family; re-mapped 2026-09-28 from creature_ancient; re-mapped 2026-09-28 from creature_keeper (npc table, rule 5)",cmangos,2026-09-28
7936,Lyon Mountainheart,dwarfmaleguardnpc,dwarfmaleguard,game greeting set of primary display,cmangos,2026-09-28
7937,High Tinker Mekkatorque,hightinkermekkatorque,hightinkermekkatorque,game greeting set of primary display,cmangos,2026-09-28
7938,Test Auctioneer,humanmaleofficialnpc,humanmaleofficial,game greeting set of primary display,cmangos,2026-09-28
7940,Darnall,nightelfmalestandardnpc,nightelfmalestandard,game greeting set of primary display,cmangos,2026-09-28
7941,Mardrack Greenwell,nightelfmaleofficialnpc,nightelfmaleofficial,game greeting set of primary display,cmangos,2026-09-28
7942,Faralorn,nightelfmaleofficialnpc,nightelfmaleofficial,game greeting set of primary display,cmangos,2026-09-28
7943,Harklane,nightelfmalestandardnpc,nightelfmalestandard,game greeting set of primary display,cmangos,2026-09-28
7944,Tinkmaster Overspark,gnomemalestandardnpc,gnomemalestandard,game greeting set of primary display,cmangos,2026-09-28
7945,Savanne,nightelffemalestandardnpc,nightelffemalestandard,game greeting set of primary display,cmangos,2026-09-28
7946,Brannock,nightelfmalestandardnpc,nightelfmalestandard,game greeting set of primary display,cmangos,2026-09-28
7947,Vivianna,nightelffemalesentinelnpc,nightelffemalesentinel,game greeting set of primary display,cmangos,2026-09-28
7948,Kylanna Windwhisper,nightelffemalepriestessnpc,nightelffemalepriestess,game greeting set of primary display,cmangos,2026-09-28
7949,Xylinnia Starshine,nightelffemalepriestessnpc,nightelffemalepriestess,game greeting set of primary display,cmangos,2026-09-28
7950,Master Mechanic Castpipe,gnomemaleyoungnpc,gnomemaleyoung,game greeting set of primary display,cmangos,2026-09-28
7951,Zas'Tysh,orcmaleshadynpc,orcmaleshady,game greeting set of primary display,cmangos,2026-09-28
7952,Zjolnir,trollmaledarknpc,trollmaledark,game greeting set of primary display,cmangos,2026-09-28
7953,Xar'Ti,trollfemalestandardnpc,trollfemalestandard,game greeting set of primary display,cmangos,2026-09-28
7954,Binjy Featherwhistle,gnomemalezanynpc,gnomemalezany,game greeting set of primary display,cmangos,2026-09-28
7955,Milli Featherwhistle,gnomefemalenerdynpc,gnomefemalenerdy,game greeting set of primary display,cmangos,2026-09-28
7956,Kindal Moonweaver,nightelffemalesentinelnpc,nightelffemalesentinel,game greeting set of primary display,cmangos,2026-09-28
7957,Jer'kai Moonweaver,nightelffemalepriestessnpc,nightelffemalepriestess,game greeting set of primary display,cmangos,2026-09-28
7976,Thalgus Thunderfist,dwarfmalegrimnpc,dwarfmalegrim,game greeting set of primary display,cmangos,2026-09-28
7978,Bimble Longberry,gnomefemalestandardnpc,gnomefemalestandard,game greeting set of primary display,cmangos,2026-09-28
7998,Blastmaster Emi Shortfuse,gnomefemalenerdynpc,gnomefemalenerdy,game greeting set of primary display,cmangos,2026-09-28
7999,Tyrande Whisperwind,tyrandewhisperwind,tyrandewhisperwind,game greeting set of primary display,cmangos,2026-09-28
8015,Ashenvale Sentinel,nightelffemalesentinelnpc,nightelffemalesentinel,game greeting set of primary display,cmangos,2026-09-28
8018,Guthrum Thunderfist,dwarfmalestandardnpc,dwarfmalestandard,game greeting set of primary display,cmangos,2026-09-28
8019,Fyldren Moonfeather,nightelfmalestandardnpc,nightelfmalestandard,game greeting set of primary display,cmangos,2026-09-28
8020,Shyn,taurenfemaleofficialnpc,taurenfemaleofficial,game greeting set of primary display,cmangos,2026-09-28
8021,Orwin Gizzmick,goblinmalezanynpc,goblinmalezany,game greeting set of primary display,cmangos,2026-09-28
8022,Thadius Grimshade,dwarfmalegrimnpc,dwarfmalegrim,game greeting set of primary display,cmangos,2026-09-28
8026,Thyn'tel Bladeweaver,nightelffemalesentinelnpc,nightelffemalesentinel,game greeting set of primary display,cmangos,2026-09-28
8115,Witch Doctor Uzer'i,trollmaleshamannpc,trollmaleshaman,game greeting set of primary display,cmangos,2026-09-28
8116,Ziggle Sparks,goblinmalezanynpc,goblinmalezany,game greeting set of primary display,cmangos,2026-09-28
8117,Wizbang Booms,gnomemalezanynpc,gnomemalezany,game greeting set of primary display,cmangos,2026-09-28
8118,Lillian Singh,humanfemalestandardnpc,humanfemalestandard,game greeting set of primary display,cmangos,2026-09-28
8119,Zikkel,goblinmalezanynpc,goblinmalezany,game greeting set of primary display,cmangos,2026-09-28
8121,Jaxxil Sparks,goblinmalezanynpc,goblinmalezany,game greeting set of primary display,cmangos,2026-09-28
8122,Kizzak Sparks,goblinmalezanynpc,goblinmalezany,game greeting set of primary display,cmangos,2026-09-28
8123,Rickle Goldgrubber,goblinmalezanynpc,goblinmalezany,game greeting set of primary display,cmangos,2026-09-28
8124,Qizzik,goblinmalegruffnpc,goblinmalegruff,game greeting set of primary display,cmangos,2026-09-28
8125,Dirge Quikcleave,goblinmalegruffnpc,goblinmalegruff,game greeting set of primary display,cmangos,2026-09-28
8126,Nixx Sprocketspring,goblinmalegruffnpc,goblinmalegruff,game greeting set of primary display,cmangos,2026-09-28
8128,Pikkle,goblinmalegruffnpc,goblinmalegruff,game greeting set of primary display,cmangos,2026-09-28
8129,Wrinkle Goodsteel,goblinmalegruffnpc,goblinmalegruff,game greeting set of primary display,cmangos,2026-09-28
8131,Blizrik Buckshot,goblinmaleguardnpc,goblinmaleguard,game greeting set of primary display,cmangos,2026-09-28
8137,Gikkix,goblinmalezanynpc,goblinmalezany,game greeting set of primary display,cmangos,2026-09-28
8139,Jabbey,goblinmalegruffnpc,goblinmalegruff,game greeting set of primary display,cmangos,2026-09-28
8140,Brother Karman,humanmalewarriornpc,humanmalewarrior,game greeting set of primary display,cmangos,2026-09-28
8141,Captain Evencane,humanmalewarriornpc,humanmalewarrior,game greeting set of primary display,cmangos,2026-09-28
8142,Jannos Lighthoof,taurenmaleeldernpc,taurenmaleelder,game greeting set of primary display,cmangos,2026-09-28
8143,Loorana,taurenfemalestandardnpc,taurenfemalestandard,game greeting set of primary display,cmangos,2026-09-28
8144,Kulleg Stonehorn,taurenmaleshamannpc,taurenmaleshaman,game greeting set of primary display,cmangos,2026-09-28
8145,Sheendra Tallgrass,taurenfemaleshamannpc,taurenfemaleshaman,game greeting set of primary display,cmangos,2026-09-28
8146,Ruw,taurenmalewarriornpc,taurenmalewarrior,game greeting set of primary display,cmangos,2026-09-28
8147,Camp Mojache Brave,taurenfemaleofficialnpc,taurenfemaleofficial,game greeting set of primary display,cmangos,2026-09-28
8150,Janet Hommers,humanfemalestandardnpc,humanfemalestandard,game greeting set of primary display,cmangos,2026-09-28
8151,Nijel's Point Guard,humanmalewarriornpc,humanmalewarrior,game greeting set of primary display,cmangos,2026-09-28
8152,Harnor,taurenmaleeldernpc,taurenmaleelder,game greeting set of primary display,cmangos,2026-09-28
8153,Narv Hidecrafter,taurenmaleeldernpc,taurenmaleelder,game greeting set of primary display,cmangos,2026-09-28
8157,Logannas,nightelfmalestandardnpc,nightelfmalestandard,game greeting set of primary display,cmangos,2026-09-28
8158,Bronk,taurenmaleshamannpc,taurenmaleshaman,game greeting set of primary display,cmangos,2026-09-28
8159,Worb Strongstitch,taurenmaleshamannpc,taurenmaleshaman,game greeting set of primary display,cmangos,2026-09-28
8160,Nioma,dwarffemaleguardnpc,dwarffemaleguard,game greeting set of primary display,cmangos,2026-09-28
8161,Harggan,dwarfmaleguardnpc,dwarfmaleguard,game greeting set of primary display,cmangos,2026-09-28
8176,Gharash,orcmalestandardnpc,orcmalestandard,game greeting set of primary display,cmangos,2026-09-28
8177,Rartar,orcmalestandardnpc,orcmalestandard,game greeting set of primary display,cmangos,2026-09-28
8178,Nina Lightbrew,humanfemalestandardnpc,humanfemalestandard,game greeting set of primary display,cmangos,2026-09-28
8214,Jalinde Summerdrake,nightelffemalestandardnpc,nightelffemalestandard,game greeting set of primary display,cmangos,2026-09-28
8256,Curator Thorius,dwarfmalestandardnpc,dwarfmalestandard,game greeting set of primary display,cmangos,2026-09-28
8282,Highlord Mastrogonde,humanmaleofficialnpc,humanmaleofficial,silent in game -> crc32(entry) mod race/sex pool,cmangos,2026-09-28
8284,Dorius Stonetender,dwarfmaleguardnpc,dwarfmaleguard,game greeting set of primary display,cmangos,2026-09-28
8305,Kixxle,goblinmalezanynpc,goblinmalezany,game greeting set of primary display,cmangos,2026-09-28
8306,Duhng,orcmaleshadynpc,orcmaleshady,game greeting set of primary display,cmangos,2026-09-28
8307,Tarban Hearthgrain,taurenmaleeldernpc,taurenmaleelder,game greeting set of primary display,cmangos,2026-09-28
8308,Alenndaar Lapidaar,nightelfmalewarriornpc,nightelfmalewarrior,game greeting set of primary display,cmangos,2026-09-28
8356,Chesmu,taurenfemaleofficialnpc,taurenfemaleofficial,game greeting set of primary display,cmangos,2026-09-28
8357,Atepa,taurenmalewarriornpc,taurenmalewarrior,game greeting set of primary display,cmangos,2026-09-28
8358,Hewa,taurenmaleeldernpc,taurenmaleelder,game greeting set of primary display,cmangos,2026-09-28
8359,Ahanu,taurenmaleshamannpc,taurenmaleshaman,game greeting set of primary display,cmangos,2026-09-28
8360,Elki,taurenmalewarriornpc,taurenmalewarrior,game greeting set of primary display,cmangos,2026-09-28
8361,Chepi,taurenfemalestandardnpc,taurenfemalestandard,game greeting set of primary display,cmangos,2026-09-28
8362,Kuruk,taurenmaleeldernpc,taurenmaleelder,game greeting set of primary display,cmangos,2026-09-28
8363,Shadi Mistrunner,taurenfemalestandardnpc,taurenfemalestandard,game greeting set of primary display,cmangos,2026-09-28
8364,Pakwa,taurenfemaleshamannpc,taurenfemaleshaman,game greeting set of primary display,cmangos,2026-09-28
8379,Archmage Xylem,humanmaleofficialnpc,humanmaleofficial,game greeting set of primary display,cmangos,2026-09-28
8380,Captain Vanessa Beltis,humanfemalewarriornpc,humanfemalewarrior,game greeting set of primary display,cmangos,2026-09-28
8383,Master Wood,humanmalestandardnpc,humanmalestandard,game greeting set of primary display,forever-cache,2026-09-28
8385,Mura Runetotem,taurenfemaleshamannpc,taurenfemaleshaman,game greeting set of primary display,cmangos,2026-09-28
8390,Chemist Cuely,undeadmalewarriornpc,undeadmalewarrior,game greeting set of primary display,cmangos,2026-09-28
8392,Pilot Xiggs Fuselighter,dwarfmalestandardnpc,dwarfmalestandard,game greeting set of primary display,cmangos,2026-09-28
8393,Thersa Windsong,taurenfemalestandardnpc,taurenfemalestandard,game greeting set of primary display,cmangos,2026-09-28
8395,Sanath Lim-yo,nightelfmalestandardnpc,nightelfmalestandard,game greeting set of primary display,cmangos,2026-09-28
8396,Sentinel Dalia Sunblade,nightelffemalesentinelnpc,nightelffemalesentinel,game greeting set of primary display,cmangos,2026-09-28
8397,Sentinel Keldara Sunblade,nightelffemalesentinelnpc,nightelffemalesentinel,game greeting set of primary display,cmangos,2026-09-28
8398,Ohanko,taurenmalewarriornpc,taurenmalewarrior,game greeting set of primary display,cmangos,2026-09-28
8399,Nyrill,humanmalestandardnpc,humanmalestandard,game greeting set of primary display,cmangos,2026-09-28
8401,Halpa,taurenmaleeldernpc,taurenmaleelder,game greeting set of primary display,cmangos,2026-09-28
8403,Jeremiah Payson,undeadmaledarknpc,undeadmaledark,game greeting set of primary display,cmangos,2026-09-28
8404,Xan'tish,trollmaledarknpc,trollmaledark,game greeting set of primary display,cmangos,2026-09-28
8405,Ogtinc,creature_furbolg,creature:furbolg_n,non-character model -> MelloUI race key (or model name); creature family,cmangos,2026-09-28
8416,Felix Whindlebolt,gnomemalezanynpc,gnomemalezany,game greeting set of primary display,cmangos,2026-09-28
8417,Dying Archaeologist,dwarfmalegrimnpc,dwarfmalegrim,silent in game -> crc32(entry) mod race/sex pool,cmangos,2026-09-28
8418,Falla Sagewind,taurenfemaleshamannpc,taurenfemaleshaman,game greeting set of primary display,cmangos,2026-09-28
8420,Kim'jael,goblinmaleguardnpc,goblinmaleguard,game greeting set of primary display,cmangos,2026-09-28
8436,Zamael Lunthistle,nightelfmaleofficialnpc,nightelfmaleofficial,game greeting set of primary display,cmangos,2026-09-28
8439,Nilith Lokrav,humanfemaleofficialnpc,humanfemaleofficial,game greeting set of primary display,cmangos,2026-09-28
8441,Raze,creature_ogre,creature:giant_n,non-character model -> MelloUI race key (or model name); creature family,cmangos,2026-09-28
8479,Kalaran Windblade,humanmaleofficialnpc,humanmaleofficial,game greeting set of primary display,cmangos,2026-09-28
8496,Liv Rizzlefix,goblinfemalezanynpc,goblinfemalezany,game greeting set of primary display,cmangos,2026-09-28
8507,Tymor,dwarfmalestandardnpc,dwarfmalestandard,game greeting set of primary display,cmangos,2026-09-28
8508,Gretta Ganter,dwarffemaleyoungnpc,dwarffemaleyoung,game greeting set of primary display,cmangos,2026-09-28
8509,Squire Maltrake,humanmalewarriornpc,humanmalewarrior,game greeting set of primary display,cmangos,2026-09-28
8516,Belnistrasz,humanmaleofficialnpc,humanmaleofficial,game greeting set of primary display,cmangos,2026-09-28
8517,Xiggs Fuselighter,dwarfmalestandardnpc,dwarfmalestandard,game greeting set of primary display,cmangos,2026-09-28
8518,Rynthariel the Keymaster,dryad,dryadwhat,game greeting set of primary display,cmangos,2026-09-28
8576,Ag'tor Bloodfist,orcmaleguardnpc,orcmaleguard,game greeting set of primary display,cmangos,2026-09-28
8579,Yeh'kinya,trollmaleshamannpc,trollmaleshaman,game greeting set of primary display,cmangos,2026-09-28
8582,Kadrak,orcmaleguardnpc,orcmaleguard,game greeting set of primary display,cmangos,2026-09-28
8583,Dirania Silvershine,nightelffemalesentinelnpc,nightelffemalesentinel,game greeting set of primary display,cmangos,2026-09-28
8584,Iverron,nightelfmalestandardnpc,nightelfmalestandard,game greeting set of primary display,cmangos,2026-09-28
8586,Haggrum Bloodfist,orcmaleshadynpc,orcmaleshady,game greeting set of primary display,cmangos,2026-09-28
8587,Jediga,orcfemalewarriornpc,orcfemalewarrior,game greeting set of primary display,cmangos,2026-09-28
8588,Umbranse the Spiritspeaker,humanmaleofficialnpc,humanmaleofficial,game greeting set of primary display,cmangos,2026-09-28
8609,Alexandra Constantine,humanfemaleofficialnpc,humanfemaleofficial,game greeting set of primary display,cmangos,2026-09-28
8610,Kroum,orcmalestandardnpc,orcmalestandard,game greeting set of primary display,cmangos,2026-09-28
8612,Screecher Spirit,narrator_neutral,creature:other_n,non-character model -> MelloUI race key (or model name); creature: narrator,cmangos,2026-09-28
8617,Zalashji,creature_naga_m,creature:naga_m,non-character model -> MelloUI race key (or model name); creature family,cmangos,2026-09-28
8659,Jes'rimon,trollmaledarknpc,trollmaledark,game greeting set of primary display,cmangos,2026-09-28
8661,Auctioneer Beardo,goblinmalegruffnpc,goblinmalegruff,silent in game -> crc32(entry) mod race/sex pool,cmangos,2026-09-28
8664,Saern Priderunner,taurenfemaleofficialnpc,taurenfemaleofficial,game greeting set of primary display,cmangos,2026-09-28
8665,Shylenai,nightelffemalepriestessnpc,nightelffemalepriestess,game greeting set of primary display,cmangos,2026-09-28
8666,Lil Timmy,creature_child_m,creature:human_m,"non-character model -> MelloUI race key (or model name); pool human_m -> humanmalestandard; re-mapped 2026-09-28 from humanmalestandardnpc (npc table, rule 4)",cmangos,2026-09-28
8669,Auctioneer Tolon,nightelfmalestandardnpc,nightelfmalestandard,silent in game -> crc32(entry) mod race/sex pool,cmangos,2026-09-28
8670,Auctioneer Chilton,humanmalestandardnpc,humanmalestandard,silent in game -> crc32(entry) mod race/sex pool,forever-cache,2026-09-28
8671,Auctioneer Buckler,dwarfmalestandardnpc,dwarfmalestandard,silent in game -> crc32(entry) mod race/sex pool,cmangos,2026-09-28
8672,Auctioneer Leeka,undeadfemalewarriornpc,undeadfemalewarrior,silent in game -> crc32(entry) mod race/sex pool,cmangos,2026-09-28
8673,Auctioneer Thathung,orcmaleshadynpc,orcmaleshady,silent in game -> crc32(entry) mod race/sex pool,cmangos,2026-09-28
8674,Auctioneer Stampi,taurenmalewarriornpc,taurenmalewarrior,silent in game -> crc32(entry) mod race/sex pool,cmangos,2026-09-28
8678,Jubie Gadgetspring,gnomefemalestandardnpc,gnomefemalestandard,game greeting set of primary display,cmangos,2026-09-28
8679,Knaz Blunderflame,gnomemalezanynpc,gnomemalezany,game greeting set of primary display,cmangos,2026-09-28
8681,Outfitter Eric,gnomemalezanynpc,gnomemalezany,game greeting set of primary display,cmangos,2026-09-28
8696,Henry Stern,humanmalestandardnpc,humanmalestandard,game greeting set of primary display,cmangos,2026-09-28
8719,Auctioneer Fitch,humanmalewarriornpc,humanmalewarrior,silent in game -> crc32(entry) mod race/sex pool,forever-cache,2026-09-28
8720,Auctioneer Redmuse,dwarffemalematernalnpc,dwarffemalematernal,silent in game -> crc32(entry) mod race/sex pool,cmangos,2026-09-28
8721,Auctioneer Epitwee,undeadfemalewarriornpc,undeadfemalewarrior,silent in game -> crc32(entry) mod race/sex pool,cmangos,2026-09-28
8722,Auctioneer Gullem,taurenmaleshamannpc,taurenmaleshaman,silent in game -> crc32(entry) mod race/sex pool,cmangos,2026-09-28
8723,Auctioneer Golothas,nightelfmalewarriornpc,nightelfmalewarrior,silent in game -> crc32(entry) mod race/sex pool,cmangos,2026-09-28
8724,Auctioneer Wabang,orcmaleguardnpc,orcmaleguard,silent in game -> crc32(entry) mod race/sex pool,cmangos,2026-09-28
8736,Buzzek Bracketswing,goblinmalezanynpc,goblinmalezany,game greeting set of primary display,cmangos,2026-09-28
8737,Linken,gnomemaleyoungnpc,gnomemaleyoung,game greeting set of primary display,cmangos,2026-09-28
8738,Vazario Linkgrease,goblinmalegruffnpc,goblinmalegruff,game greeting set of primary display,cmangos,2026-09-28
8767,Sah'rhee,creature_ogre,creature:ogre_m,non-character model -> MelloUI race key (or model name); creature family,cmangos,2026-09-28
8816,Deathly Usher,undeadmalewarriornpc,creature:undead_n,non-character model -> MelloUI race key (or model name); pool undead_n -> undeadmalewarrior,cmangos,2026-09-28
8878,Muuran,taurenmaleeldernpc,taurenmaleelder,game greeting set of primary display,cmangos,2026-09-28
8879,Royal Historian Archesonus,dwarffemalematernalnpc,dwarffemalematernal,game greeting set of primary display,cmangos,2026-09-28
8888,Franclorn Forgewright,dwarfmalegrimnpc,dwarfmalegrim,silent in game -> crc32(entry) mod race/sex pool,cmangos,2026-09-28
8923,Panzor the Invincible,creature_ogre,creature:giant_n,non-character model -> MelloUI race key (or model name); creature family,cmangos,2026-09-28
8929,Princess Moira Bronzebeard,retail_moira,dwarffemalematernal,"silent in game -> crc32(entry) mod race/sex pool; re-mapped 2026-09-28 from dwarffemalematernalnpc (npc table, rule 1)",cmangos,2026-09-28
8931,Innkeeper Heather,humanfemaleofficialnpc,humanfemaleofficial,game greeting set of primary display,forever-cache,2026-09-28
8934,Christopher Hewen,humanmalestandardnpc,humanmalestandard,game greeting set of primary display,forever-cache,2026-09-28
8962,Hilary,creature_child_f,creature:human_f,"non-character model -> MelloUI race key (or model name); pool human_f -> humanfemalewarrior; re-mapped 2026-09-28 from humanfemalewarriornpc (npc table, rule 4)",cmangos,2026-09-28
8965,Shawn,creature_child_m,creature:human_m,"non-character model -> MelloUI race key (or model name); pool human_m -> humanmalestandard; re-mapped 2026-09-28 from humanmalestandardnpc (npc table, rule 4)",cmangos,2026-09-28
8997,Gershala Nightwhisper,nightelfmaleofficialnpc,nightelfmaleofficial,game greeting set of primary display,cmangos,2026-09-28
9020,Commander Gor'shak,orcmaleguardnpc,orcmaleguard,game greeting set of primary display,cmangos,2026-09-28
9021,Kharan Mighthammer,dwarfmaleguardnpc,dwarfmaleguard,silent in game -> crc32(entry) mod race/sex pool,cmangos,2026-09-28
9022,Dughal Stormwing,dwarfmaleguardnpc,dwarfmaleguard,game greeting set of primary display,cmangos,2026-09-28
9023,Marshal Windsor,humanmalewarriornpc,humanmalewarrior,game greeting set of primary display,cmangos,2026-09-28
9024,Pyromancer Loregrain,taurenmaleshamannpc,taurenmaleshaman,silent in game -> crc32(entry) mod race/sex pool,cmangos,2026-09-28
9034,Hate'rel,dwarffemaleguardnpc,dwarffemaleguard,silent in game -> crc32(entry) mod race/sex pool,cmangos,2026-09-28
9035,Anger'rel,dwarfmaleguardnpc,dwarfmaleguard,silent in game -> crc32(entry) mod race/sex pool,cmangos,2026-09-28
9036,Vile'rel,dwarfmalestandardnpc,dwarfmalestandard,silent in game -> crc32(entry) mod race/sex pool,cmangos,2026-09-28
9037,Gloom'rel,dwarfmaleguardnpc,dwarfmaleguard,silent in game -> crc32(entry) mod race/sex pool,cmangos,2026-09-28
9038,Seeth'rel,dwarffemalematernalnpc,dwarffemalematernal,silent in game -> crc32(entry) mod race/sex pool,cmangos,2026-09-28
9039,Doom'rel,retail_doomrel,dwarfmaleguard,"silent in game -> crc32(entry) mod race/sex pool; re-mapped 2026-09-28 from dwarfmaleguardnpc (npc table, rule 1)",cmangos,2026-09-28
9040,Dope'rel,dwarfmalegrimnpc,dwarfmalegrim,silent in game -> crc32(entry) mod race/sex pool,cmangos,2026-09-28
9047,Jenal,nightelfmalestandardnpc,nightelfmalestandard,game greeting set of primary display,cmangos,2026-09-28
9076,Ghede,taurenmalewarriornpc,taurenmalewarrior,game greeting set of primary display,cmangos,2026-09-28
9077,Warlord Goretooth,orcmaleguardnpc,orcmaleguard,game greeting set of primary display,cmangos,2026-09-28
9078,Shadowmage Vivian Lagrave,undeadfemalestandardnpc,undeadfemalestandard,game greeting set of primary display,cmangos,2026-09-28
9079,Hierophant Theodora Mulvadania,undeadfemalemagicnpc,undeadfemalemagic,game greeting set of primary display,cmangos,2026-09-28
9080,Lexlort,orcmaleshadynpc,orcmaleshady,game greeting set of primary display,cmangos,2026-09-28
9081,Galamav the Marksman,taurenmaleshamannpc,taurenmaleshaman,game greeting set of primary display,cmangos,2026-09-28
9082,Thal'trak Proudtusk,trollmaleshamannpc,trollmaleshaman,game greeting set of primary display,cmangos,2026-09-28
9084,Thunderheart,taurenmalewarriornpc,taurenmalewarrior,game greeting set of primary display,cmangos,2026-09-28
9087,Bashana Runetotem,taurenfemaleshamannpc,taurenfemaleshaman,game greeting set of primary display,cmangos,2026-09-28
9099,Sraaz,gnomemaleyoungnpc,gnomemaleyoung,game greeting set of primary display,cmangos,2026-09-28
9116,Eridan Bluewind,nightelffemalepriestessnpc,nightelffemalepriestess,game greeting set of primary display,cmangos,2026-09-28
9117,J.D. Collie,gnomefemalenerdynpc,gnomefemalenerdy,game greeting set of primary display,cmangos,2026-09-28
9118,Larion,dwarfmaleguardnpc,dwarfmaleguard,game greeting set of primary display,cmangos,2026-09-28
9119,Muigin,humanmalestandardnpc,humanmalestandard,game greeting set of primary display,cmangos,2026-09-28
9136,Sha'ni Proudtusk,trollfemalestandardnpc,trollfemalestandard,game greeting set of primary display,cmangos,2026-09-28
9177,Oralius,dwarfmaleguardnpc,dwarfmaleguard,game greeting set of primary display,cmangos,2026-09-28
9179,Jazzrik,goblinmalezanynpc,goblinmalezany,game greeting set of primary display,cmangos,2026-09-28
9238,Quentin,nightelfmalestandardnpc,nightelfmalestandard,game greeting set of primary display,cmangos,2026-09-28
9270,Williden Marshal,humanmalestandardnpc,humanmalestandard,game greeting set of primary display,cmangos,2026-09-28
9271,Hol'anyee Marshal,humanfemalestandardnpc,humanfemalestandard,game greeting set of primary display,cmangos,2026-09-28
9272,Spark Nilminer,goblinmalezanynpc,goblinmalezany,game greeting set of primary display,cmangos,2026-09-28
9273,Petra Grossen,orcfemalewarriornpc,orcfemalewarrior,game greeting set of primary display,cmangos,2026-09-28
9274,Dadanga,narrator_neutral,creature:other_f,non-character model -> MelloUI race key (or model name); creature: narrator,cmangos,2026-09-28
9296,Milly Osworth,humanfemalestandardnpc,humanfemalestandard,game greeting set of primary display,cmangos,2026-09-28
9298,Donova Snowden,dwarffemalematernalnpc,dwarffemalematernal,game greeting set of primary display,cmangos,2026-09-28
9299,Gaeriyan,humanmalestandardnpc,humanmalestandard,silent in game -> crc32(entry) mod race/sex pool,cmangos,2026-09-28
9316,Wenikee Boltbucket,goblinfemalezanynpc,goblinfemalezany,game greeting set of primary display,cmangos,2026-09-28
9317,Rilli Greasygob,goblinmaleguardnpc,goblinmaleguard,game greeting set of primary display,cmangos,2026-09-28
9356,Innkeeper Shul'kar,orcmaleguardnpc,orcmaleguard,game greeting set of primary display,cmangos,2026-09-28
9459,Cyrus Therepentous,creature_dragon,creature:dragon_n,non-character model -> MelloUI race key (or model name); creature family,cmangos,2026-09-28
9460,Gadgetzan Bruiser,goblinmaleguardnpc,goblinmaleguard,game greeting set of primary display,cmangos,2026-09-28
9465,Golhine the Hooded,nightelfmaleofficialnpc,nightelfmaleofficial,game greeting set of primary display,cmangos,2026-09-28
9467,Miblon Snarltooth,creature_gnoll,creature:gnoll_m,non-character model -> MelloUI race key (or model name); creature family,cmangos,2026-09-28
9499,Plugger Spazzring,gnomemalezanynpc,gnomemalezany,silent in game -> crc32(entry) mod race/sex pool,cmangos,2026-09-28
9500,Mistress Nagmara,creature_succubus,creature:succubus_f,non-character model -> MelloUI race key (or model name); creature family,cmangos,2026-09-28
9501,Innkeeper Adegwa,taurenmaleeldernpc,taurenmaleelder,game greeting set of primary display,cmangos,2026-09-28
9502,Phalanx,creature_ogre,creature:giant_n,non-character model -> MelloUI race key (or model name); creature family,cmangos,2026-09-28
9503,Private Rocknot,dwarfmalegrimnpc,dwarfmalegrim,game greeting set of primary display,cmangos,2026-09-28
9516,Lord Banehollow,creature_demon,creature:demon_m,non-character model -> MelloUI race key (or model name); creature family,cmangos,2026-09-28
9520,Grark Lorkrub,orcmaleguardnpc,orcmaleguard,game greeting set of primary display,cmangos,2026-09-28
9521,Enraged Felbat,narrator_neutral,creature:other_n,non-character model -> MelloUI race key (or model name); creature: narrator,cmangos,2026-09-28
9528,Arathandris Silversky,nightelffemalepriestessnpc,nightelffemalepriestess,silent in game -> crc32(entry) mod race/sex pool,cmangos,2026-09-28
9529,Maybess Riverbreeze,taurenfemaleofficialnpc,taurenfemaleofficial,silent in game -> crc32(entry) mod race/sex pool,cmangos,2026-09-28
9536,Maxwort Uberglint,goblinmalezanynpc,goblinmalezany,game greeting set of primary display,cmangos,2026-09-28
9540,Enohar Thunderbrew,dwarffemaleguardnpc,dwarffemaleguard,game greeting set of primary display,cmangos,2026-09-28
9543,Ribbly Screwspigot,goblinmalezanynpc,goblinmalezany,silent in game -> crc32(entry) mod race/sex pool,cmangos,2026-09-28
9544,Yuka Screwspigot,goblinfemalezanynpc,goblinfemalezany,game greeting set of primary display,cmangos,2026-09-28
9545,Grim Patron,dwarfmalegrimnpc,dwarfmalegrim,silent in game -> crc32(entry) mod race/sex pool,cmangos,2026-09-28
9546,Raschal the Courier,nightelfmalewarriornpc,nightelfmalewarrior,game greeting set of primary display,cmangos,2026-09-28
9547,Guzzling Patron,dwarfmalegrimnpc,dwarfmalegrim,silent in game -> crc32(entry) mod race/sex pool,cmangos,2026-09-28
9548,Cawind Trueaim,taurenmaleshamannpc,taurenmaleshaman,game greeting set of primary display,cmangos,2026-09-28
9549,Borand,orcmaleguardnpc,orcmaleguard,game greeting set of primary display,cmangos,2026-09-28
9550,Furmund,taurenmaleeldernpc,taurenmaleelder,game greeting set of primary display,cmangos,2026-09-28
9551,Starn,taurenmalewarriornpc,taurenmalewarrior,game greeting set of primary display,cmangos,2026-09-28
9552,Zanara,orcfemalewarriornpc,orcfemalewarrior,game greeting set of primary display,cmangos,2026-09-28
9553,Nadia Vernon,undeadfemalewarriornpc,undeadfemalewarrior,game greeting set of primary display,cmangos,2026-09-28
9554,Hammered Patron,dwarfmalegrimnpc,dwarfmalegrim,silent in game -> crc32(entry) mod race/sex pool,cmangos,2026-09-28
9555,Mu'uta,orcmaleshadynpc,orcmaleshady,game greeting set of primary display,cmangos,2026-09-28
9558,Grimble,goblinmalezanynpc,goblinmalezany,game greeting set of primary display,cmangos,2026-09-28
9559,Grizzlowe,goblinmalegruffnpc,goblinmalegruff,game greeting set of primary display,cmangos,2026-09-28
9560,Marshal Maxwell,humanmaleofficialnpc,humanmaleofficial,game greeting set of primary display,cmangos,2026-09-28
9561,Jalinda Sprig,gnomefemalestandardnpc,gnomefemalestandard,game greeting set of primary display,cmangos,2026-09-28
9562,Helendis Riverhorn,nightelfmaleofficialnpc,nightelfmaleofficial,game greeting set of primary display,cmangos,2026-09-28
9563,Ragged John,dwarfmalegrimnpc,dwarfmalegrim,game greeting set of primary display,cmangos,2026-09-28
9564,Frezza,goblinmalezanynpc,goblinmalezany,game greeting set of primary display,cmangos,2026-09-28
9565,Mayara Brightwing,humanfemaleofficialnpc,humanfemaleofficial,game greeting set of primary display,cmangos,2026-09-28
9566,Zapetta,goblinmalezanynpc,goblinmalezany,game greeting set of primary display,forever-cache,2026-09-28
9584,Jalane Ayrole,humanfemalewarriornpc,humanfemalewarrior,game greeting set of primary display,cmangos,2026-09-28
9598,Arei,creature_ancient,creature:treant_n,non-character model -> MelloUI race key (or model name); creature family,cmangos,2026-09-28
9616,Laris Geardawdle,gnomemalestandardnpc,gnomemalestandard,game greeting set of primary display,cmangos,2026-09-28
9618,Karna Remtravel,dwarffemaleyoungnpc,dwarffemaleyoung,game greeting set of primary display,cmangos,2026-09-28
9619,Torwa Pathfinder,taurenmaleshamannpc,taurenmaleshaman,game greeting set of primary display,cmangos,2026-09-28
9620,Dreka'Sur,orcfemalewarriornpc,orcfemalewarrior,game greeting set of primary display,cmangos,2026-09-28
9623,A-Me 01,narrator_neutral,creature:other_n,non-character model -> MelloUI race key (or model name); creature: narrator,cmangos,2026-09-28
9636,Kireena,taurenfemalestandardnpc,taurenfemalestandard,game greeting set of primary display,cmangos,2026-09-28
9660,Agnar Beastamer,dwarfmalegrimnpc,dwarfmalegrim,game greeting set of primary display,cmangos,2026-09-28
9676,Tink Sprocketwhistle,gnomemalestandardnpc,gnomemalestandard,game greeting set of primary display,cmangos,2026-09-28
9678,Shill Dinger,humanmalewarriornpc,humanmalewarrior,silent in game -> crc32(entry) mod race/sex pool,cmangos,2026-09-28
9679,Tobias Seecher,humanmalestandardnpc,humanmalestandard,game greeting set of primary display,cmangos,2026-09-28
9682,Marshal Reginald Windsor,humanmaleofficialnpc,humanmaleofficial,game greeting set of primary display,cmangos,2026-09-28
9706,Yorba Screwspigot,goblinfemalezanynpc,goblinfemalezany,game greeting set of primary display,cmangos,2026-09-28
9796,Galgar,orcmalestandardnpc,orcmalestandard,game greeting set of primary display,cmangos,2026-09-28
9836,Mathredis Firestar,nightelfmalestandardnpc,nightelfmalestandard,game greeting set of primary display,cmangos,2026-09-28
9856,Auctioneer Grimful,orcmaleguardnpc,orcmaleguard,silent in game -> crc32(entry) mod race/sex pool,cmangos,2026-09-28
9857,Auctioneer Grizzlin,goblinfemalezanynpc,goblinfemalezany,silent in game -> crc32(entry) mod race/sex pool,cmangos,2026-09-28
9858,Auctioneer Kresky,goblinmaleguardnpc,goblinmaleguard,silent in game -> crc32(entry) mod race/sex pool,cmangos,2026-09-28
9859,Auctioneer Lympkin,gnomefemalehappynpc,gnomefemalehappy,silent in game -> crc32(entry) mod race/sex pool,cmangos,2026-09-28
9976,Tharlidun,orcmalestandardnpc,orcmalestandard,game greeting set of primary display,cmangos,2026-09-28
9977,Sylista,nightelffemalesentinelnpc,nightelffemalesentinel,game greeting set of primary display,cmangos,2026-09-28
9978,Wesley,humanmalewarriornpc,humanmalewarrior,game greeting set of primary display,cmangos,2026-09-28
9979,Sarah Goode,undeadfemalestandardnpc,undeadfemalestandard,game greeting set of primary display,cmangos,2026-09-28
9980,Shelby Stoneflint,dwarffemaleguardnpc,dwarffemaleguard,game greeting set of primary display,cmangos,2026-09-28
9981,Sikwa,taurenfemaleofficialnpc,taurenfemaleofficial,game greeting set of primary display,cmangos,2026-09-28
9982,Penny,humanfemalewarriornpc,humanfemalewarrior,game greeting set of primary display,cmangos,2026-09-28
9983,Kelsuwa,taurenmaleshamannpc,taurenmaleshaman,game greeting set of primary display,cmangos,2026-09-28
9984,Ulbrek Firehand,dwarfmaleguardnpc,dwarfmaleguard,game greeting set of primary display,cmangos,2026-09-28
9985,Laziphus,goblinmaleguardnpc,goblinmaleguard,game greeting set of primary display,cmangos,2026-09-28
9986,Shyrka Wolfrunner,orcfemalestandardnpc,orcfemalestandard,game greeting set of primary display,cmangos,2026-09-28
9987,Shoja'my,trollfemalelaidbacknpc,trollfemalelaidback,game greeting set of primary display,cmangos,2026-09-28
9988,Xon'cha,trollmalestandardnpc,trollmalestandard,game greeting set of primary display,cmangos,2026-09-28
9989,Lina Hearthstove,dwarffemaleyoungnpc,dwarffemaleyoung,game greeting set of primary display,cmangos,2026-09-28
9990,Lanti'gah,peon,peonwhat,game greeting set of primary display,cmangos,2026-09-28
9996,Winna Hazzard,undeadfemalemagicnpc,undeadfemalemagic,game greeting set of primary display,cmangos,2026-09-28
9997,Spraggle Frock,goblinfemalezanynpc,goblinfemalezany,game greeting set of primary display,cmangos,2026-09-28
9998,Shizzle,goblinmalezanynpc,goblinmalezany,game greeting set of primary display,cmangos,2026-09-28
9999,Ringo,goblinmalegruffnpc,goblinmalegruff,silent in game -> crc32(entry) mod race/sex pool,cmangos,2026-09-28
10043,Ribbly's Crony,taurenmalewarriornpc,taurenmalewarrior,silent in game -> crc32(entry) mod race/sex pool,cmangos,2026-09-28
10045,Kirk Maxwell,humanmaleofficialnpc,humanmaleofficial,game greeting set of primary display,forever-cache,2026-09-28
10046,Bethaine Flinthammer,dwarffemaleyoungnpc,dwarffemaleyoung,game greeting set of primary display,cmangos,2026-09-28
10047,Michael,humanmalestandardnpc,humanmalestandard,game greeting set of primary display,cmangos,2026-09-28
10048,Gereck,orcmalestandardnpc,orcmalestandard,game greeting set of primary display,cmangos,2026-09-28
10049,Hekkru,orcmalestandardnpc,orcmalestandard,game greeting set of primary display,cmangos,2026-09-28
10050,Seikwa,taurenfemalestandardnpc,taurenfemalestandard,game greeting set of primary display,cmangos,2026-09-28
10051,Seriadne,nightelffemalesentinelnpc,nightelffemalesentinel,game greeting set of primary display,cmangos,2026-09-28
10052,Maluressian,nightelfmalestandardnpc,nightelfmalestandard,game greeting set of primary display,cmangos,2026-09-28
10053,Anya Maulray,undeadfemalewarriornpc,undeadfemalewarrior,game greeting set of primary display,cmangos,2026-09-28
10054,Bulrug,taurenmaleshamannpc,taurenmaleshaman,game greeting set of primary display,cmangos,2026-09-28
10055,Morganus,undeadmalewarriornpc,undeadmalewarrior,game greeting set of primary display,forever-cache,2026-09-28
10056,Alassin,nightelfmalestandardnpc,nightelfmalestandard,game greeting set of primary display,cmangos,2026-09-28
10057,Theodore Mont Claire,undeadmalestandardnpc,undeadmalestandard,game greeting set of primary display,cmangos,2026-09-28
10058,Greth,orcmalestandardnpc,orcmalestandard,game greeting set of primary display,cmangos,2026-09-28
10059,Antarius,nightelfmalestandardnpc,nightelfmalestandard,game greeting set of primary display,cmangos,2026-09-28
10060,Grimestack,goblinmaleguardnpc,goblinmaleguard,game greeting set of primary display,cmangos,2026-09-28
10061,Killium Bouldertoe,dwarfmaleguardnpc,dwarfmaleguard,game greeting set of primary display,cmangos,2026-09-28
10062,Steven Black,humanmalewarriornpc,humanmalewarrior,game greeting set of primary display,cmangos,2026-09-28
10063,Reggifuz,goblinmaleguardnpc,goblinmaleguard,game greeting set of primary display,cmangos,2026-09-28
10079,Brave Moonhorn,taurenmalewarriornpc,taurenmalewarrior,game greeting set of primary display,cmangos,2026-09-28
10085,Jaelysia,nightelffemalestandardnpc,nightelffemalestandard,game greeting set of primary display,cmangos,2026-09-28
10086,Hesuwa Thunderhorn,taurenmalewarriornpc,taurenmalewarrior,game greeting set of primary display,cmangos,2026-09-28
10088,Xao'tsu,trollmalestandardnpc,trollmalestandard,game greeting set of primary display,cmangos,2026-09-28
10089,Silvaria,nightelffemalepriestessnpc,nightelffemalepriestess,game greeting set of primary display,cmangos,2026-09-28
10090,Belia Thundergranite,dwarffemalematernalnpc,dwarffemalematernal,game greeting set of primary display,cmangos,2026-09-28
10118,Nessa Shadowsong,nightelffemalestandardnpc,nightelffemalestandard,game greeting set of primary display,cmangos,2026-09-28
10136,Chemist Fuely,undeadmalestandardnpc,undeadmalestandard,game greeting set of primary display,cmangos,2026-09-28
10176,Kaltunk,orcmalestandardnpc,orcmalestandard,game greeting set of primary display,cmangos,2026-09-28
10181,Lady Sylvanas Windrunner,sylvanaswindrunner,sylvanaswindrunner,game greeting set of primary display,cmangos,2026-09-28
10182,Rexxar,orcmaleguardnpc,orcmaleguard,game greeting set of primary display,cmangos,2026-09-28
10204,Misha,narrator_neutral,creature:other_n,non-character model -> MelloUI race key (or model name); creature: narrator,cmangos,2026-09-28
10216,Gubber Blump,dwarfmalestandardnpc,dwarfmalestandard,game greeting set of primary display,cmangos,2026-09-28
10219,Gwennyth Bly'Leggonde,nightelffemalepriestessnpc,nightelffemalepriestess,game greeting set of primary display,cmangos,2026-09-28
10257,Bijou,goblinfemalezanynpc,goblinfemalezany,game greeting set of primary display,cmangos,2026-09-28
10260,Kibler,goblinmaleguardnpc,goblinmaleguard,game greeting set of primary display,cmangos,2026-09-28
10266,Ug'thok,orcmalestandardnpc,orcmalestandard,game greeting set of primary display,cmangos,2026-09-28
10267,Tinkee Steamboil,goblinfemalezanynpc,goblinfemalezany,game greeting set of primary display,cmangos,2026-09-28
10276,Rotgath Stonebeard,dwarfmaleguardnpc,dwarfmaleguard,game greeting set of primary display,cmangos,2026-09-28
10277,Groum Stonebeard,dwarfmalegrimnpc,dwarfmalegrim,game greeting set of primary display,cmangos,2026-09-28
10278,Thrag Stonehoof,taurenmalewarriornpc,taurenmalewarrior,game greeting set of primary display,cmangos,2026-09-28
10291,Krysteea,nightelffemalesentinelnpc,nightelffemalesentinel,game greeting set of primary display,cmangos,2026-09-28
10293,Dulciea Frostmoon,nightelffemalestandardnpc,nightelffemalestandard,game greeting set of primary display,cmangos,2026-09-28
10296,Vaelan,humanmaleofficialnpc,humanmaleofficial,game greeting set of primary display,cmangos,2026-09-28
10299,Scarshield Infiltrator,orcmalestandardnpc,orcmalestandard,silent in game -> crc32(entry) mod race/sex pool,cmangos,2026-09-28
10300,Ranshalla,nightelffemalestandardnpc,nightelffemalestandard,game greeting set of primary display,cmangos,2026-09-28
10301,Jaron Stoneshaper,dwarfmalestandardnpc,dwarfmalestandard,game greeting set of primary display,cmangos,2026-09-28
10302,Krakle,goblinmalezanynpc,goblinmalezany,game greeting set of primary display,cmangos,2026-09-28
10303,Storm Shadowhoof,taurenmaleshamannpc,taurenmaleshaman,game greeting set of primary display,cmangos,2026-09-28
10304,Aurora Skycaller,nightelffemalestandardnpc,nightelffemalestandard,game greeting set of primary display,cmangos,2026-09-28
10305,Umi Rumplesnicker,goblinfemalezanynpc,goblinfemalezany,game greeting set of primary display,cmangos,2026-09-28
10306,Trull Failbane,orcmaleguardnpc,orcmaleguard,game greeting set of primary display,cmangos,2026-09-28
10307,Witch Doctor Mau'ari,trollfemalelaidbacknpc,trollfemalelaidback,game greeting set of primary display,cmangos,2026-09-28
10321,Emberstrife,creature_dragon,creature:dragon_n,non-character model -> MelloUI race key (or model name); creature family,cmangos,2026-09-28
10360,Kergul Bloodaxe,orcmaleguardnpc,orcmaleguard,game greeting set of primary display,cmangos,2026-09-28
10361,Gruul Darkblade,orcmaleguardnpc,orcmaleguard,game greeting set of primary display,cmangos,2026-09-28
10364,Yaelika Farclaw,orcfemaleshamannpc,orcfemaleshaman,game greeting set of primary display,cmangos,2026-09-28
10367,Shrye Ragefist,orcfemalewarriornpc,orcfemalewarrior,game greeting set of primary display,cmangos,2026-09-28
10369,Trayexir,trollmalestandardnpc,trollmalestandard,game greeting set of primary display,cmangos,2026-09-28
10377,Elu,taurenmalewarriornpc,taurenmalewarrior,game greeting set of primary display,cmangos,2026-09-28
10378,Omusa Thunderhorn,taurenmalewarriornpc,taurenmalewarrior,game greeting set of primary display,cmangos,2026-09-28
10379,Altsoba Ragetotem,taurenmalewarriornpc,taurenmalewarrior,game greeting set of primary display,cmangos,2026-09-28
10380,Sanuye Runetotem,taurenmalewarriornpc,taurenmalewarrior,game greeting set of primary display,cmangos,2026-09-28
10427,Pao'ka Swiftmountain,taurenmalewarriornpc,taurenmalewarrior,game greeting set of primary display,cmangos,2026-09-28
10428,Motega Firemane,taurenmalewarriornpc,taurenmalewarrior,game greeting set of primary display,cmangos,2026-09-28
10431,Gregor Greystone,humanmalewarriornpc,humanmalewarrior,game greeting set of primary display,cmangos,2026-09-28
10432,Vectus,undeadmalewarriornpc,creature:undead_n,non-character model -> MelloUI race key (or model name); pool undead_n -> undeadmalewarrior,cmangos,2026-09-28
10433,Marduk Blackpool,undeadmalestandardnpc,undeadmalestandard,silent in game -> crc32(entry) mod race/sex pool,cmangos,2026-09-28
10445,Selina Dourman,undeadfemalestandardnpc,undeadfemalestandard,game greeting set of primary display,cmangos,2026-09-28
10455,Binny Springblade,gnomefemalehappynpc,gnomefemalehappy,game greeting set of primary display,cmangos,2026-09-28
10456,Prynne,gnomefemalestandardnpc,gnomefemalestandard,game greeting set of primary display,cmangos,2026-09-28
10460,Prospector Ironboot,dwarfmalegrimnpc,dwarfmalegrim,game greeting set of primary display,cmangos,2026-09-28
10468,Felnok Steelspring,goblinmalezanynpc,goblinmalezany,game greeting set of primary display,cmangos,2026-09-28
10475,Scholomance Student,npcbloodelffemalestandard,creature:highelf_f,non-character model -> MelloUI race key (or model name),cmangos,2026-09-28
10505,Instructor Malicia,nightelffemalestandardnpc,nightelffemalestandard,silent in game -> crc32(entry) mod race/sex pool,cmangos,2026-09-28
10537,Cliffwatcher Longhorn,taurenmaleeldernpc,taurenmaleelder,game greeting set of primary display,cmangos,2026-09-28
10539,Hagar Lightninghoof,taurenmaleshamannpc,taurenmaleshaman,game greeting set of primary display,cmangos,2026-09-28
10540,Vol'jin,voljin,voljin,game greeting set of primary display,cmangos,2026-09-28
10578,Bom'bay,wc3_witchdoctor,witchdoctorwhat,game greeting set of primary display,cmangos,2026-09-28
10583,Gryfe,goblinmalezanynpc,goblinmalezany,game greeting set of primary display,cmangos,2026-09-28
10604,Huntress Nhemai,nightelffemalesentinelnpc,nightelffemalesentinel,silent in game -> crc32(entry) mod race/sex pool,cmangos,2026-09-28
10606,Huntress Yaeliura,nightelffemalepriestessnpc,nightelffemalepriestess,silent in game -> crc32(entry) mod race/sex pool,cmangos,2026-09-28
10616,Supervisor Raelen,humanfemaleofficialnpc,humanfemaleofficial,game greeting set of primary display,cmangos,2026-09-28
10618,Rivern Frostwind,nightelfmalewarriornpc,nightelfmalewarrior,game greeting set of primary display,cmangos,2026-09-28
10637,Malyfous Darkhammer,dwarfmalegrimnpc,dwarfmalegrim,game greeting set of primary display,cmangos,2026-09-28
10638,Kanati Greycloud,taurenmaleeldernpc,taurenmaleelder,game greeting set of primary display,cmangos,2026-09-28
10645,Thalia Amberhide,taurenfemaleshamannpc,taurenfemaleshaman,game greeting set of primary display,cmangos,2026-09-28
10646,Lakota Windsong,taurenfemalestandardnpc,taurenfemalestandard,game greeting set of primary display,cmangos,2026-09-28
10665,Junior Apothecary Holland,necromancer,necromancerwhat,game greeting set of primary display,forever-cache,2026-09-28
10666,Gordo,abomination,abominationwhat,game greeting set of primary display,forever-cache,2026-09-28
10667,Chromie,retail_chromie,gnomefemalenerdy,"silent in game -> crc32(entry) mod race/sex pool; re-mapped 2026-09-28 from gnomefemalenerdynpc (npc table, rule 1)",cmangos,2026-09-28
10668,Beaten Corpse,orcfemalewarriornpc,orcfemalewarrior,silent in game -> crc32(entry) mod race/sex pool,cmangos,2026-09-28
10684,Remorseful Highborne,undeadfemalemagicnpc,creature:undead_f,non-character model -> MelloUI race key (or model name); pool undead_f -> undeadfemalemagic,cmangos,2026-09-28
10739,Mulgris Deepriver,taurenmalewarriornpc,taurenmalewarrior,silent in game -> crc32(entry) mod race/sex pool,cmangos,2026-09-28
10740,Awbee,creature_dragon,creature:dragon_n,non-character model -> MelloUI race key (or model name); creature family,cmangos,2026-09-28
10776,Finkle Einhorn,gnomemalezanynpc,gnomemalezany,game greeting set of primary display,cmangos,2026-09-28
10778,Janice Felstone,humanfemalewarriornpc,humanfemalewarrior,silent in game -> crc32(entry) mod race/sex pool,cmangos,2026-09-28
10781,Royal Overseer Bauhaus,undeadmaledarknpc,undeadmaledark,game greeting set of primary display,cmangos,2026-09-28
10782,Royal Factor Bathrilor,humanmalestandardnpc,humanmalestandard,game greeting set of primary display,cmangos,2026-09-28
10799,Warosh,creature_ogre,creature:other_m,"non-character model -> MelloUI race key (or model name); creature: narrator; re-mapped 2026-09-28 from narrator_neutral (npc table, rule 5)",cmangos,2026-09-28
10837,High Executor Derrington,undeadmalewarriornpc,undeadmalewarrior,game greeting set of primary display,cmangos,2026-09-28
10838,Commander Ashlam Valorfist,humanmalewarriornpc,humanmalewarrior,game greeting set of primary display,cmangos,2026-09-28
10839,Argent Officer Garush,orcmaleguardnpc,orcmaleguard,game greeting set of primary display,cmangos,2026-09-28
10840,Argent Officer Pureheart,humanfemalewarriornpc,humanfemalewarrior,game greeting set of primary display,cmangos,2026-09-28
10856,Argent Quartermaster Hasana,trollfemaleoldnpc,trollfemaleold,game greeting set of primary display,cmangos,2026-09-28
10857,Argent Quartermaster Lightspark,gnomemalestandardnpc,gnomemalestandard,game greeting set of primary display,cmangos,2026-09-28
10877,Courier Hammerfall,dwarfmalestandardnpc,dwarfmalestandard,game greeting set of primary display,cmangos,2026-09-28
10878,Herald Moonstalker,nightelffemalestandardnpc,nightelffemalestandard,game greeting set of primary display,cmangos,2026-09-28
10879,Harbinger Balthazad,undeadmalestandardnpc,undeadmalestandard,game greeting set of primary display,cmangos,2026-09-28
10880,Warcaller Gorlach,orcmalestandardnpc,orcmalestandard,game greeting set of primary display,cmangos,2026-09-28
10881,Bluff Runner Windstrider,taurenmalewarriornpc,taurenmalewarrior,game greeting set of primary display,cmangos,2026-09-28
10897,Sindrayl,nightelffemalesentinelnpc,nightelffemalesentinel,game greeting set of primary display,cmangos,2026-09-28
10917,Aurius,humanmalewarriornpc,humanmalewarrior,game greeting set of primary display,cmangos,2026-09-28
10918,Lorax,satyre,satyrewhat,game greeting set of primary display,cmangos,2026-09-28
10920,Kelek Skykeeper,nightelfmaleofficialnpc,nightelfmaleofficial,game greeting set of primary display,cmangos,2026-09-28
10921,Taronn Redfeather,taurenmaleshamannpc,taurenmaleshaman,game greeting set of primary display,cmangos,2026-09-28
10922,Greta Mosshoof,taurenfemaleshamannpc,taurenfemaleshaman,game greeting set of primary display,cmangos,2026-09-28
10923,Tenell Leafrunner,nightelfmalewarriornpc,nightelfmalewarrior,game greeting set of primary display,cmangos,2026-09-28
10924,Ivy Leafrunner,nightelffemalestandardnpc,nightelffemalestandard,game greeting set of primary display,cmangos,2026-09-28
10926,Pamela Redpath,creature_child_f,creature:human_f,"non-character model -> MelloUI race key (or model name); pool human_f -> humanfemalewarrior; re-mapped 2026-09-28 from humanfemalewarriornpc (npc table, rule 4)",cmangos,2026-09-28
10927,Marlene Redpath,humanfemaleofficialnpc,humanfemaleofficial,silent in game -> crc32(entry) mod race/sex pool,cmangos,2026-09-28
10929,Haleh,nightelffemalestandardnpc,nightelffemalestandard,game greeting set of primary display,cmangos,2026-09-28
10930,Dargh Trueaim,dwarfmalegrimnpc,dwarfmalegrim,game greeting set of primary display,cmangos,2026-09-28
10936,Joseph Redpath,humanmalestandardnpc,humanmalestandard,silent in game -> crc32(entry) mod race/sex pool,cmangos,2026-09-28
10941,Wizlo Bearingshiner,goblinmalegruffnpc,goblinmalegruff,game greeting set of primary display,cmangos,2026-09-28
10945,Davil Crokford,humanmaleofficialnpc,humanmaleofficial,silent in game -> crc32(entry) mod race/sex pool,cmangos,2026-09-28
10954,Bloodletter,undeadmalewarriornpc,undeadmalewarrior,silent in game -> crc32(entry) mod race/sex pool,cmangos,2026-09-28
10976,Jeziba,nightelfmalestandardnpc,nightelfmalestandard,game greeting set of primary display,cmangos,2026-09-28
10977,Quixxil,goblinmalegruffnpc,goblinmalegruff,game greeting set of primary display,cmangos,2026-09-28
10978,Legacki,goblinfemalezanynpc,goblinfemalezany,game greeting set of primary display,cmangos,2026-09-28
10993,Twizwick Sprocketgrind,goblinmalezanynpc,goblinmalezany,game greeting set of primary display,cmangos,2026-09-28
11016,Captured Arko'narin,nightelffemalesentinelnpc,nightelffemalesentinel,game greeting set of primary display,cmangos,2026-09-28
11017,Roxxik,goblinmalezanynpc,goblinmalezany,game greeting set of primary display,cmangos,2026-09-28
11018,Arko'narin,nightelffemalesentinelnpc,nightelffemalesentinel,game greeting set of primary display,cmangos,2026-09-28
11019,Jessir Moonbow,nightelffemalesentinelnpc,nightelffemalesentinel,game greeting set of primary display,cmangos,2026-09-28
11020,Remains of Trey Lightforge,humanmalestandardnpc,humanmalestandard,silent in game -> crc32(entry) mod race/sex pool,cmangos,2026-09-28
11022,Alexi Barov,undeadmalestandardnpc,undeadmalestandard,game greeting set of primary display,cmangos,2026-09-28
11023,Weldon Barov,humanmaleofficialnpc,humanmaleofficial,game greeting set of primary display,cmangos,2026-09-28
11025,Mukdrak,orcmalestandardnpc,orcmalestandard,game greeting set of primary display,cmangos,2026-09-28
11026,Sprite Jumpsprocket,gnomefemalenerdynpc,gnomefemalenerdy,game greeting set of primary display,forever-cache,2026-09-28
11028,Jemma Quikswitch,gnomefemalehappynpc,gnomefemalehappy,game greeting set of primary display,cmangos,2026-09-28
11029,Trixie Quikswitch,gnomefemalenerdynpc,gnomefemalenerdy,game greeting set of primary display,cmangos,2026-09-28
11031,Franklin Lloyd,undeadmaledarknpc,undeadmaledark,game greeting set of primary display,cmangos,2026-09-28
11033,Smokey LaRue,dwarfmalegrimnpc,dwarfmalegrim,game greeting set of primary display,cmangos,2026-09-28
11034,Lord Maxwell Tyrosus,humanmaleofficialnpc,humanmaleofficial,game greeting set of primary display,cmangos,2026-09-28
11035,Betina Bigglezink,gnomefemalenerdynpc,gnomefemalenerdy,game greeting set of primary display,cmangos,2026-09-28
11036,Leonid Barthalomew the Revered,undeadmalewarriornpc,undeadmalewarrior,game greeting set of primary display,cmangos,2026-09-28
11037,Jenna Lemkenilli,gnomefemalestandardnpc,gnomefemalestandard,game greeting set of primary display,cmangos,2026-09-28
11038,Caretaker Alen,humanmalestandardnpc,humanmalestandard,game greeting set of primary display,cmangos,2026-09-28
11039,Duke Nicholas Zverenhoff,humanmaleofficialnpc,humanmaleofficial,game greeting set of primary display,cmangos,2026-09-28
11040,Watcher Brownell,humanfemaleofficialnpc,humanfemaleofficial,game greeting set of primary display,cmangos,2026-09-28
11041,Milla Fairancora,nightelffemalesentinelnpc,nightelffemalesentinel,game greeting set of primary display,cmangos,2026-09-28
11042,Sylvanna Forestmoon,nightelffemalestandardnpc,nightelffemalestandard,game greeting set of primary display,cmangos,2026-09-28
11044,Doctor Martin Felben,undeadmalewarriornpc,undeadmalewarrior,game greeting set of primary display,cmangos,2026-09-28
11046,Whuut,orcmaleshadynpc,orcmaleshady,game greeting set of primary display,cmangos,2026-09-28
11047,Kray,taurenmaleeldernpc,taurenmaleelder,game greeting set of primary display,cmangos,2026-09-28
11048,Victor Ward,undeadmalewarriornpc,undeadmalewarrior,game greeting set of primary display,cmangos,2026-09-28
11049,Rhiannon Davis,undeadfemalestandardnpc,undeadfemalestandard,game greeting set of primary display,cmangos,2026-09-28
11050,Trianna,nightelffemalesentinelnpc,nightelffemalesentinel,game greeting set of primary display,cmangos,2026-09-28
11051,Vhan,taurenmaleshamannpc,taurenmaleshaman,game greeting set of primary display,cmangos,2026-09-28
11052,Timothy Worthington,humanmaleofficialnpc,humanmaleofficial,game greeting set of primary display,cmangos,2026-09-28
11053,High Priestess MacDonnell,humanfemaleofficialnpc,humanfemaleofficial,game greeting set of primary display,cmangos,2026-09-28
11055,Shadow Priestess Vandis,undeadfemalemagicnpc,undeadfemalemagic,game greeting set of primary display,cmangos,2026-09-28
11056,Alchemist Arbington,humanmalestandardnpc,humanmalestandard,game greeting set of primary display,cmangos,2026-09-28
11057,Apothecary Dithers,undeadmaledarknpc,undeadmaledark,game greeting set of primary display,cmangos,2026-09-28
11063,Carlin Redpath,humanmalewarriornpc,humanmalewarrior,game greeting set of primary display,cmangos,2026-09-28
11064,Darrowshire Spirit,humanmaleofficialnpc,humanmaleofficial,silent in game -> crc32(entry) mod race/sex pool,cmangos,2026-09-28
11065,Thonys Pillarstone,dwarfmalestandardnpc,dwarfmalestandard,game greeting set of primary display,cmangos,2026-09-28
11066,Jhag,orcmalestandardnpc,orcmalestandard,game greeting set of primary display,cmangos,2026-09-28
11067,Malcomb Wynn,undeadmaledarknpc,undeadmaledark,game greeting set of primary display,cmangos,2026-09-28
11068,Betty Quin,humanfemaleofficialnpc,humanfemaleofficial,game greeting set of primary display,cmangos,2026-09-28
11069,Jenova Stoneshield,dwarffemaleyoungnpc,dwarffemaleyoung,game greeting set of primary display,forever-cache,2026-09-28
11070,Lalina Summermoon,nightelffemalestandardnpc,nightelffemalestandard,game greeting set of primary display,cmangos,2026-09-28
11071,Mot Dawnstrider,taurenmaleeldernpc,taurenmaleelder,game greeting set of primary display,cmangos,2026-09-28
11072,Kitta Firewind,humanfemaleofficialnpc,humanfemaleofficial,game greeting set of primary display,cmangos,2026-09-28
11073,Annora,humanfemalewarriornpc,humanfemalewarrior,game greeting set of primary display,cmangos,2026-09-28
11074,Hgarth,orcmaleshadynpc,orcmaleshady,game greeting set of primary display,cmangos,2026-09-28
11079,Wynd Nightchaser,nightelfmaleofficialnpc,nightelfmaleofficial,game greeting set of primary display,cmangos,2026-09-28
11081,Faldron,nightelfmalestandardnpc,nightelfmalestandard,game greeting set of primary display,cmangos,2026-09-28
11083,Darianna,nightelffemalesentinelnpc,nightelffemalesentinel,game greeting set of primary display,cmangos,2026-09-28
11084,Tarn,taurenmaleshamannpc,taurenmaleshaman,game greeting set of primary display,cmangos,2026-09-28
11096,Randal Worth,humanmaleofficialnpc,humanmaleofficial,game greeting set of primary display,forever-cache,2026-09-28
11097,Drakk Stonehand,dwarfmaleguardnpc,dwarfmaleguard,game greeting set of primary display,cmangos,2026-09-28
11098,Hahrana Ironhide,taurenfemaleofficialnpc,taurenfemaleofficial,game greeting set of primary display,cmangos,2026-09-28
11103,Innkeeper Lyshaerya,nightelffemalestandardnpc,nightelffemalestandard,game greeting set of primary display,cmangos,2026-09-28
11104,Shelgrayn,nightelfmalestandardnpc,nightelfmalestandard,game greeting set of primary display,cmangos,2026-09-28
11105,Aboda,taurenmalewarriornpc,taurenmalewarrior,game greeting set of primary display,cmangos,2026-09-28
11106,Innkeeper Sikewa,taurenfemalestandardnpc,taurenfemalestandard,game greeting set of primary display,cmangos,2026-09-28
11116,Innkeeper Abeqwa,taurenmalewarriornpc,taurenmalewarrior,game greeting set of primary display,cmangos,2026-09-28
11117,Awenasa,taurenfemalestandardnpc,taurenfemalestandard,game greeting set of primary display,cmangos,2026-09-28
11118,Innkeeper Vizzie,goblinfemalezanynpc,goblinfemalezany,game greeting set of primary display,cmangos,2026-09-28
11119,Azzleby,goblinmalegruffnpc,goblinmalegruff,game greeting set of primary display,cmangos,2026-09-28
11137,Xai'ander,nightelfmalewarriornpc,nightelfmalewarrior,game greeting set of primary display,cmangos,2026-09-28
11138,Maethrya,nightelffemalesentinelnpc,nightelffemalesentinel,game greeting set of primary display,cmangos,2026-09-28
11139,Yugrek,orcmaleguardnpc,orcmaleguard,game greeting set of primary display,cmangos,2026-09-28
11140,Egan,dwarfmalestandardnpc,dwarfmalestandard,game greeting set of primary display,cmangos,2026-09-28
11142,Undead Postman,humanmalewarriornpc,humanmalewarrior,silent in game -> crc32(entry) mod race/sex pool,cmangos,2026-09-28
11145,Myolor Sunderfury,dwarfmalestandardnpc,dwarfmalestandard,game greeting set of primary display,cmangos,2026-09-28
11146,Ironus Coldsteel,dwarfmalegrimnpc,dwarfmalegrim,game greeting set of primary display,cmangos,2026-09-28
11152,The Scourge Cauldron,narrator_neutral,creature:other_n,non-character model -> MelloUI race key (or model name); creature: narrator,cmangos,2026-09-28
11176,Krathok Moltenfist,orcmaleguardnpc,orcmaleguard,game greeting set of primary display,cmangos,2026-09-28
11177,Okothos Ironrager,orcmaleshadynpc,orcmaleshady,game greeting set of primary display,cmangos,2026-09-28
11178,Borgosh Corebender,orcmalestandardnpc,orcmalestandard,game greeting set of primary display,cmangos,2026-09-28
11180,Bloodvenom Post Brave,taurenfemaleofficialnpc,taurenfemaleofficial,game greeting set of primary display,cmangos,2026-09-28
11182,Nixxrak,goblinmaleguardnpc,goblinmaleguard,game greeting set of primary display,cmangos,2026-09-28
11183,Blixxrak,goblinmalegruffnpc,goblinmalegruff,game greeting set of primary display,cmangos,2026-09-28
11184,Wixxrak,goblinmalezanynpc,goblinmalezany,game greeting set of primary display,cmangos,2026-09-28
11185,Xizzer Fizzbolt,goblinmalezanynpc,goblinmalezany,game greeting set of primary display,cmangos,2026-09-28
11186,Lunnix Sprocketslip,goblinfemalezanynpc,goblinfemalezany,game greeting set of primary display,cmangos,2026-09-28
11187,Himmik,goblinmalegruffnpc,goblinmalegruff,game greeting set of primary display,cmangos,2026-09-28
11188,Evie Whirlbrew,goblinfemalezanynpc,goblinfemalezany,game greeting set of primary display,cmangos,2026-09-28
11189,Qia,goblinfemalezanynpc,goblinfemalezany,game greeting set of primary display,cmangos,2026-09-28
11191,Lilith the Lithe,undeadfemalestandardnpc,undeadfemalestandard,game greeting set of primary display,cmangos,2026-09-28
11192,Kilram,trollmaledarknpc,trollmaledark,game greeting set of primary display,cmangos,2026-09-28
11193,Seril Scourgebane,humanmalewarriornpc,humanmalewarrior,game greeting set of primary display,cmangos,2026-09-28
11216,Eva Sarkhoff,humanfemalestandardnpc,humanfemalestandard,silent in game -> crc32(entry) mod race/sex pool,cmangos,2026-09-28
11217,Lucien Sarkhoff,humanmalestandardnpc,humanmalestandard,silent in game -> crc32(entry) mod race/sex pool,cmangos,2026-09-28
11218,Kerlonian Evershade,nightelfmalewarriornpc,nightelfmalewarrior,silent in game -> crc32(entry) mod race/sex pool,cmangos,2026-09-28
11219,Liladris Moonriver,nightelffemalepriestessnpc,nightelffemalepriestess,game greeting set of primary display,cmangos,2026-09-28
11259,Nataka Longhorn,taurenmalewarriornpc,taurenmalewarrior,game greeting set of primary display,cmangos,2026-09-28
11261,Doctor Theolen Krastinov,humanmalestandardnpc,humanmalestandard,silent in game -> crc32(entry) mod race/sex pool,cmangos,2026-09-28
11277,Caer Darrow Citizen,humanmalewarriornpc,humanmalewarrior,silent in game -> crc32(entry) mod race/sex pool,cmangos,2026-09-28
11278,Magnus Frostwake,dwarfmalestandardnpc,dwarfmalestandard,silent in game -> crc32(entry) mod race/sex pool,cmangos,2026-09-28
11279,Caer Darrow Guardsman,humanmalestandardnpc,humanmalestandard,silent in game -> crc32(entry) mod race/sex pool,cmangos,2026-09-28
11281,Caer Darrow Horseman,humanmalestandardnpc,humanmalestandard,silent in game -> crc32(entry) mod race/sex pool,cmangos,2026-09-28
11286,Magistrate Marduke,humanmaleofficialnpc,humanmaleofficial,silent in game -> crc32(entry) mod race/sex pool,cmangos,2026-09-28
11287,Baker Masterson,humanmalestandardnpc,humanmalestandard,silent in game -> crc32(entry) mod race/sex pool,cmangos,2026-09-28
11316,Joseph Dirte,humanmalestandardnpc,humanmalestandard,silent in game -> crc32(entry) mod race/sex pool,cmangos,2026-09-28
11317,Jinar'Zillen,trollmaledarknpc,trollmaledark,game greeting set of primary display,cmangos,2026-09-28
11378,Foreman Thazz'ril,orcmalestandardnpc,orcmalestandard,game greeting set of primary display,cmangos,2026-09-28
11390,Skullsplitter Speaker,trollmalestandardnpc,trollmalestandard,silent in game -> crc32(entry) mod race/sex pool,cmangos,2026-09-28
11391,Vilebranch Speaker,trollmaleshamannpc,trollmaleshaman,silent in game -> crc32(entry) mod race/sex pool,cmangos,2026-09-28
11397,Nara Meideros,nightelffemalepriestessnpc,nightelffemalepriestess,game greeting set of primary display,cmangos,2026-09-28
11401,Priestess Alathea,nightelffemalepriestessnpc,nightelffemalepriestess,game greeting set of primary display,cmangos,2026-09-28
11406,High Priest Rohan,dwarfmalestandardnpc,dwarfmalestandard,game greeting set of primary display,cmangos,2026-09-28
11407,Var'jun,trollmaleshamannpc,trollmaleshaman,game greeting set of primary display,cmangos,2026-09-28
11438,Bibbly F'utzbuckle,goblinmalegruffnpc,goblinmalegruff,game greeting set of primary display,cmangos,2026-09-28
11441,Gordok Brute,creature_ogre,creature:ogre_m,non-character model -> MelloUI race key (or model name); creature family,cmangos,2026-09-28
11444,Gordok Mage-Lord,creature_ogre,creature:ogre_m,non-character model -> MelloUI race key (or model name); creature family,cmangos,2026-09-28
11445,Gordok Captain,creature_ogre,creature:ogre_m,non-character model -> MelloUI race key (or model name); creature family,cmangos,2026-09-28
11448,Gordok Warlock,creature_ogre,creature:ogre_m,non-character model -> MelloUI race key (or model name); creature family,cmangos,2026-09-28
11450,Gordok Reaver,creature_ogre,creature:ogre_m,non-character model -> MelloUI race key (or model name); creature family,cmangos,2026-09-28
11470,Eldreth Sorcerer,nightelfmalewarriornpc,nightelfmalewarrior,silent in game -> crc32(entry) mod race/sex pool,cmangos,2026-09-28
11486,Prince Tortheldrin,nightelfmaleofficialnpc,nightelfmaleofficial,game greeting set of primary display,cmangos,2026-09-28
11491,Old Ironbark,creature_ancient,creature:treant_n,non-character model -> MelloUI race key (or model name); creature family,cmangos,2026-09-28
11536,Quartermaster Miranda Breechlock,dwarffemaleguardnpc,dwarffemaleguard,game greeting set of primary display,cmangos,2026-09-28
11548,Loh'atu,taurenmaleshamannpc,taurenmaleshaman,game greeting set of primary display,cmangos,2026-09-28
11554,Grazle,creature_furbolg,creature:furbolg_n,non-character model -> MelloUI race key (or model name); creature family,cmangos,2026-09-28
11555,Gorn One Eye,creature_furbolg,creature:furbolg_n,non-character model -> MelloUI race key (or model name); creature family,cmangos,2026-09-28
11556,Salfa,creature_furbolg,creature:furbolg_n,non-character model -> MelloUI race key (or model name); creature family,cmangos,2026-09-28
11557,Meilosh,creature_furbolg,creature:furbolg_n,non-character model -> MelloUI race key (or model name); creature family,cmangos,2026-09-28
11558,Kernda,creature_furbolg,creature:furbolg_n,non-character model -> MelloUI race key (or model name); creature family,cmangos,2026-09-28
11596,Smeed Scrabblescrew,goblinmalezanynpc,goblinmalezany,game greeting set of primary display,cmangos,2026-09-28
11608,Bardu Sharpeye,taurenmaleeldernpc,taurenmaleelder,game greeting set of primary display,cmangos,2026-09-28
11609,Alexia Ironknife,dwarffemalematernalnpc,dwarffemalematernal,game greeting set of primary display,cmangos,2026-09-28
11610,Kirsta Deepshadow,humanfemalewarriornpc,humanfemalewarrior,game greeting set of primary display,cmangos,2026-09-28
11615,Mickey Levine,undeadfemalestandardnpc,undeadfemalestandard,game greeting set of primary display,cmangos,2026-09-28
11616,Nathaniel Dumah,humanmaleofficialnpc,humanmaleofficial,game greeting set of primary display,cmangos,2026-09-28
11624,Taiga Wisemane,taurenmaleshamannpc,taurenmaleshaman,game greeting set of primary display,cmangos,2026-09-28
11625,Cork Gizelton,goblinmalezanynpc,goblinmalezany,game greeting set of primary display,cmangos,2026-09-28
11626,Rigger Gizelton,goblinmaleguardnpc,goblinmaleguard,game greeting set of primary display,cmangos,2026-09-28
11627,Tamed Kodo,narrator_neutral,creature:other_n,non-character model -> MelloUI race key (or model name); creature: narrator,cmangos,2026-09-28
11629,Jessica Redpath,humanfemalewarriornpc,humanfemalewarrior,game greeting set of primary display,cmangos,2026-09-28
11696,Chal Fairwind,nightelffemalesentinelnpc,nightelffemalesentinel,game greeting set of primary display,cmangos,2026-09-28
11699,Varian Wrynn,varianwrynn,humanmaleofficial,"game greeting set of primary display; re-mapped 2026-09-28 from humanmaleofficialnpc (npc table, rule 1)",cmangos,2026-09-28
11700,Sarin Starlight,nightelfmalewarriornpc,nightelfmalewarrior,game greeting set of primary display,cmangos,2026-09-28
11701,Mor'vek,trollmaledarknpc,trollmaledark,game greeting set of primary display,cmangos,2026-09-28
11703,Graw Cornerstone,dwarfmaleguardnpc,dwarfmaleguard,game greeting set of primary display,cmangos,2026-09-28
11704,Kriss Goldenlight,nightelffemalestandardnpc,nightelffemalestandard,game greeting set of primary display,cmangos,2026-09-28
11705,Rayan Dawnrisen,nightelfmalestandardnpc,nightelfmalestandard,game greeting set of primary display,cmangos,2026-09-28
11706,Adon,nightelfmalestandardnpc,nightelfmalestandard,game greeting set of primary display,cmangos,2026-09-28
11707,Joy Ar'nareth,nightelffemalestandardnpc,nightelffemalestandard,game greeting set of primary display,cmangos,2026-09-28
11708,Coral Moongale,nightelffemalestandardnpc,nightelffemalestandard,game greeting set of primary display,cmangos,2026-09-28
11709,Jareth Wildwoods,nightelfmalestandardnpc,nightelfmalestandard,game greeting set of primary display,cmangos,2026-09-28
11711,Sentinel Aynasha,nightelffemalestandardnpc,nightelffemalestandard,silent in game -> crc32(entry) mod race/sex pool,cmangos,2026-09-28
11712,Lilyn Darkriver,nightelffemalesentinelnpc,nightelffemalesentinel,game greeting set of primary display,cmangos,2026-09-28
11715,Talendria,nightelffemalesentinelnpc,nightelffemalesentinel,game greeting set of primary display,cmangos,2026-09-28
11716,Celes Earthborne,nightelffemalesentinelnpc,nightelffemalesentinel,game greeting set of primary display,cmangos,2026-09-28
11717,Bethan Bluewater,nightelffemalestandardnpc,nightelffemalestandard,game greeting set of primary display,cmangos,2026-09-28
11718,Sar Browneye,taurenfemalestandardnpc,taurenfemalestandard,game greeting set of primary display,cmangos,2026-09-28
11720,Loruk Foreststrider,taurenmaleeldernpc,taurenmaleelder,game greeting set of primary display,cmangos,2026-09-28
11741,Dredge Crusher,narrator_neutral,creature:other_n,non-character model -> MelloUI race key (or model name); creature: narrator,cmangos,2026-09-28
11748,Samantha Swifthoof,taurenfemaleofficialnpc,taurenfemaleofficial,game greeting set of primary display,cmangos,2026-09-28
11749,Feran Strongwind,taurenmalewarriornpc,taurenmalewarrior,game greeting set of primary display,cmangos,2026-09-28
11750,Ganoosh,gnomemalezanynpc,gnomemalezany,game greeting set of primary display,cmangos,2026-09-28
11751,Rilan Howard,undeadmalewarriornpc,undeadmalewarrior,game greeting set of primary display,cmangos,2026-09-28
11752,Blaise Montgomery,undeadmalestandardnpc,undeadmalestandard,game greeting set of primary display,cmangos,2026-09-28
11753,Gogo,goblinfemalezanynpc,goblinfemalezany,game greeting set of primary display,cmangos,2026-09-28
11754,Meggi Peppinrocker,goblinfemalezanynpc,goblinfemalezany,game greeting set of primary display,cmangos,2026-09-28
11755,Harlo Wigglesworth,goblinmalegruffnpc,goblinmalegruff,game greeting set of primary display,cmangos,2026-09-28
11756,Quinn,goblinfemalezanynpc,goblinfemalezany,game greeting set of primary display,cmangos,2026-09-28
11757,Umaron Stragarelm,goblinmalegruffnpc,goblinmalegruff,game greeting set of primary display,cmangos,2026-09-28
11758,Andi Lynn,gnomefemalehappynpc,gnomefemalehappy,game greeting set of primary display,cmangos,2026-09-28
11798,Bunthen Plainswind,taurenmaleshamannpc,taurenmaleshaman,game greeting set of primary display,cmangos,2026-09-28
11799,Tajarri,nightelffemalesentinelnpc,nightelffemalesentinel,game greeting set of primary display,cmangos,2026-09-28
11800,Silva Fil'naveth,nightelffemalepriestessnpc,nightelffemalepriestess,game greeting set of primary display,cmangos,2026-09-28
11801,Rabine Saturna,nightelfmalestandardnpc,nightelfmalestandard,game greeting set of primary display,cmangos,2026-09-28
11802,Dendrite Starblaze,nightelfmaleofficialnpc,nightelfmaleofficial,game greeting set of primary display,cmangos,2026-09-28
11806,Sentinel Onaeya,nightelffemalesentinelnpc,nightelffemalesentinel,game greeting set of primary display,cmangos,2026-09-28
11807,Tristane Shadowstone,dwarffemaleyoungnpc,dwarffemaleyoung,game greeting set of primary display,cmangos,2026-09-28
11808,Grum Redbeard,dwarfmaleguardnpc,dwarfmaleguard,game greeting set of primary display,cmangos,2026-09-28
11810,Howin Kindfeather,dwarfmalestandardnpc,dwarfmalestandard,game greeting set of primary display,cmangos,2026-09-28
11811,Narain Soothfancy,gnomemalezanynpc,gnomemalezany,game greeting set of primary display,cmangos,2026-09-28
11812,Claira Kindfeather,dwarffemalematernalnpc,dwarffemalematernal,game greeting set of primary display,cmangos,2026-09-28
11813,Kerr Ironsight,dwarffemaleguardnpc,dwarffemaleguard,game greeting set of primary display,cmangos,2026-09-28
11814,Kali Remik,trollfemalelaidbacknpc,trollfemalelaidback,game greeting set of primary display,cmangos,2026-09-28
11818,Orik'ando,trollmaledarknpc,trollmaledark,game greeting set of primary display,cmangos,2026-09-28
11820,Locke Okarr,orcmaleguardnpc,orcmaleguard,game greeting set of primary display,cmangos,2026-09-28
11821,Darn Talongrip,orcmaleguardnpc,orcmaleguard,game greeting set of primary display,cmangos,2026-09-28
11823,Vark Battlescar,taurenmalewarriornpc,taurenmalewarrior,game greeting set of primary display,cmangos,2026-09-28
11824,Erik Felixe,humanmalestandardnpc,humanmalestandard,game greeting set of primary display,cmangos,2026-09-28
11825,Paige Felixe,humanfemalestandardnpc,humanfemalestandard,game greeting set of primary display,cmangos,2026-09-28
11826,Kristy Grant,humanfemalewarriornpc,humanfemalewarrior,game greeting set of primary display,cmangos,2026-09-28
11827,Kimberly Grant,humanfemaleofficialnpc,humanfemaleofficial,game greeting set of primary display,cmangos,2026-09-28
11828,Kelly Grant,humanfemalewarriornpc,humanfemalewarrior,game greeting set of primary display,cmangos,2026-09-28
11829,Fahrak,orcmalestandardnpc,orcmalestandard,game greeting set of primary display,cmangos,2026-09-28
11832,Keeper Remulos,retail_keeper_remulos,creature:keeper_m,"non-character model -> MelloUI race key (or model name); creature family; re-mapped 2026-09-28 from creature_ancient; re-mapped 2026-09-28 from creature_keeper (npc table, rule 1)",cmangos,2026-09-28
11833,Rahauro,taurenmalewarriornpc,taurenmalewarrior,game greeting set of primary display,cmangos,2026-09-28
11834,Maur Grimtotem,taurenmaleeldernpc,taurenmaleelder,silent in game -> crc32(entry) mod race/sex pool,cmangos,2026-09-28
11835,Theodore Griffs,undeadmalestandardnpc,undeadmalestandard,game greeting set of primary display,cmangos,2026-09-28
11856,Kaya Flathoof,taurenfemalestandardnpc,taurenfemalestandard,game greeting set of primary display,cmangos,2026-09-28
11857,Makaba Flathoof,taurenmaleeldernpc,taurenmaleelder,game greeting set of primary display,cmangos,2026-09-28
11860,Maggran Earthbinder,taurenmaleeldernpc,taurenmaleelder,game greeting set of primary display,cmangos,2026-09-28
11861,Mor'rogal,taurenmaleeldernpc,taurenmaleelder,game greeting set of primary display,cmangos,2026-09-28
11862,Tsunaman,creature_elemental,creature:elemental_n,non-character model -> MelloUI race key (or model name); creature family,cmangos,2026-09-28
11863,Azore Aldamort,humanmaleofficialnpc,humanmaleofficial,game greeting set of primary display,cmangos,2026-09-28
11864,Tammra Windfield,taurenfemaleshamannpc,taurenfemaleshaman,game greeting set of primary display,cmangos,2026-09-28
11865,Buliwyf Stonehand,dwarfmalegrimnpc,dwarfmalegrim,game greeting set of primary display,cmangos,2026-09-28
11866,Ilyenia Moonfire,nightelffemalesentinelnpc,nightelffemalesentinel,game greeting set of primary display,cmangos,2026-09-28
11867,Woo Ping,humanmaleofficialnpc,humanmaleofficial,game greeting set of primary display,forever-cache,2026-09-28
11868,Sayoc,orcmaleguardnpc,orcmaleguard,game greeting set of primary display,cmangos,2026-09-28
11869,Ansekhwa,taurenmalewarriornpc,taurenmalewarrior,game greeting set of primary display,cmangos,2026-09-28
11870,Archibald,undeadmalewarriornpc,undeadmalewarrior,game greeting set of primary display,cmangos,2026-09-28
11871,Grinning Dog,narrator_neutral,creature:other_n,non-character model -> MelloUI race key (or model name); creature: narrator,cmangos,2026-09-28
11872,Myranda the Hag,gnomefemalenerdynpc,gnomefemalenerdy,game greeting set of primary display,cmangos,2026-09-28
11874,Masat T'andr,brokennpc1,creature:other_m,"non-character model -> MelloUI race key (or model name); creature: narrator; re-mapped 2026-09-28 from narrator_neutral (npc table, rule 3)",cmangos,2026-09-28
11877,Roon Wildmane,taurenmaleshamannpc,taurenmaleshaman,game greeting set of primary display,cmangos,2026-09-28
11878,Nathanos Blightcaller,undeadmalewarriornpc,undeadmalewarrior,game greeting set of primary display,cmangos,2026-09-28
11898,Crusader Lord Valdelmar,humanmaleofficialnpc,humanmaleofficial,silent in game -> crc32(entry) mod race/sex pool,cmangos,2026-09-28
11899,Shardi,orcfemalewarriornpc,orcfemalewarrior,game greeting set of primary display,cmangos,2026-09-28
11900,Brakkar,orcmaleguardnpc,orcmaleguard,game greeting set of primary display,cmangos,2026-09-28
11901,Andruk,orcmaleshadynpc,orcmaleshady,game greeting set of primary display,cmangos,2026-09-28
11916,Imelda,humanfemalestandardnpc,humanfemalestandard,game greeting set of primary display,cmangos,2026-09-28
11936,Artist Renfray,humanfemaleofficialnpc,humanfemaleofficial,silent in game -> crc32(entry) mod race/sex pool,cmangos,2026-09-28
11939,Umber,humanmalestandardnpc,humanmalestandard,game greeting set of primary display,cmangos,2026-09-28
11940,Merissa Stilwell,humanfemalestandardnpc,humanfemalestandard,game greeting set of primary display,cmangos,2026-09-28
11941,Yori Crackhelm,dwarfmalestandardnpc,dwarfmalestandard,game greeting set of primary display,forever-cache,2026-09-28
11942,Orenthil Whisperwind,nightelfmalestandardnpc,nightelfmalestandard,game greeting set of primary display,cmangos,2026-09-28
11943,Magga,orcfemalestandardnpc,orcfemalestandard,game greeting set of primary display,cmangos,2026-09-28
11944,Vorn Skyseer,taurenmaleshamannpc,taurenmaleshaman,game greeting set of primary display,cmangos,2026-09-28
11945,Claire Willower,undeadfemalestandardnpc,undeadfemalestandard,game greeting set of primary display,forever-cache,2026-09-28
11946,Drek'Thar,orcmaleshadynpc,orcmaleshady,game greeting set of primary display,cmangos,2026-09-28
11947,Captain Galvangar,orcmaleguardnpc,orcmaleguard,game greeting set of primary display,cmangos,2026-09-28
11956,Great Bear Spirit,creature_ancient,creature:other_n,"non-character model -> MelloUI race key (or model name); creature: narrator; re-mapped 2026-09-28 from narrator_neutral (npc table, rule 5)",cmangos,2026-09-28
11957,Great Cat Spirit,narrator_neutral,creature:other_n,non-character model -> MelloUI race key (or model name); creature: narrator,cmangos,2026-09-28
12019,Dargon,nightelfmaleofficialnpc,nightelfmaleofficial,game greeting set of primary display,cmangos,2026-09-28
12021,Daeolyn Summerleaf,nightelffemalestandardnpc,nightelffemalestandard,game greeting set of primary display,cmangos,2026-09-28
12022,Lorelae Wintersong,nightelffemalestandardnpc,nightelffemalestandard,game greeting set of primary display,cmangos,2026-09-28
12023,Kharedon,nightelfmalestandardnpc,nightelfmalestandard,game greeting set of primary display,cmangos,2026-09-28
12024,Meliri,nightelffemalesentinelnpc,nightelffemalesentinel,game greeting set of primary display,cmangos,2026-09-28
12025,Malvor,nightelfmaleofficialnpc,nightelfmaleofficial,game greeting set of primary display,cmangos,2026-09-28
12026,My'lanna,nightelffemalestandardnpc,nightelffemalestandard,game greeting set of primary display,cmangos,2026-09-28
12027,Tukk,trollmaleshamannpc,trollmaleshaman,game greeting set of primary display,cmangos,2026-09-28
12028,Lah'Mawhani,trollfemalestandardnpc,trollfemalestandard,game greeting set of primary display,cmangos,2026-09-28
12029,Narianna,nightelffemalesentinelnpc,nightelffemalesentinel,game greeting set of primary display,cmangos,2026-09-28
12030,Malux,trollmaledarknpc,trollmaledark,game greeting set of primary display,cmangos,2026-09-28
12031,Mai'Lahii,trollfemalelaidbacknpc,trollfemalelaidback,game greeting set of primary display,cmangos,2026-09-28
12032,Lui'Mala,trollfemalestandardnpc,trollfemalestandard,game greeting set of primary display,cmangos,2026-09-28
12033,Wulan,trollmalestandardnpc,trollmalestandard,game greeting set of primary display,cmangos,2026-09-28
12042,Loganaar,nightelfmaleofficialnpc,nightelfmaleofficial,game greeting set of primary display,cmangos,2026-09-28
12043,Kulwia,taurenfemalestandardnpc,taurenfemalestandard,game greeting set of primary display,cmangos,2026-09-28
12045,Hae'Wilani,trollfemalelaidbacknpc,trollfemalelaidback,game greeting set of primary display,cmangos,2026-09-28
12096,Stormpike Quartermaster,dwarfmalestandardnpc,dwarfmalestandard,game greeting set of primary display,cmangos,2026-09-28
12097,Frostwolf Quartermaster,orcmalestandardnpc,orcmalestandard,game greeting set of primary display,cmangos,2026-09-28
12121,Draka,narrator_neutral,creature:other_n,non-character model -> MelloUI race key (or model name); creature: narrator,cmangos,2026-09-28
12122,Duros,narrator_neutral,creature:other_n,non-character model -> MelloUI race key (or model name); creature: narrator,cmangos,2026-09-28
12126,Lord Tirion Fordring,retail_tirionfordring,humanmalewarrior,"silent in game -> crc32(entry) mod race/sex pool; re-mapped 2026-09-28 from humanmalewarriornpc (npc table, rule 1)",cmangos,2026-09-28
12136,Snurk Bucksquick,goblinfemalezanynpc,goblinfemalezany,game greeting set of primary display,cmangos,2026-09-28
12137,Squibby Overspeck,goblinmalezanynpc,goblinmalezany,game greeting set of primary display,cmangos,2026-09-28
12144,Lunaclaw Spirit,orcmaleguardnpc,creature:orc_n,non-character model -> MelloUI race key (or model name); pool orc_n -> orcmaleguard,cmangos,2026-09-28
12196,Innkeeper Kaylisk,orcfemalestandardnpc,orcfemalestandard,game greeting set of primary display,cmangos,2026-09-28
12197,Glordrum Steelbeard,dwarfmaleguardnpc,dwarfmaleguard,game greeting set of primary display,cmangos,2026-09-28
12198,Martin Lindsey,undeadmalewarriornpc,undeadmalewarrior,game greeting set of primary display,cmangos,2026-09-28
12238,Zaetar's Spirit,creature_keeper,creature:keeper_m,non-character model -> MelloUI race key (or model name); creature family; re-mapped 2026-09-28 from creature_ancient,cmangos,2026-09-28
12245,Vendor-Tron 1000,narrator_neutral,creature:giant_n,"non-character model -> MelloUI race key (or model name); creature family; re-mapped 2026-09-28 from creature_ogre (npc table, rule N)",cmangos,2026-09-28
12246,Super-Seller 680,narrator_neutral,creature:giant_n,"non-character model -> MelloUI race key (or model name); creature family; re-mapped 2026-09-28 from creature_ogre (npc table, rule N)",cmangos,2026-09-28
12277,Melizza Brimbuzzle,goblinfemalezanynpc,goblinfemalezany,game greeting set of primary display,cmangos,2026-09-28
12336,Brother Crowley,humanmaleofficialnpc,humanmaleofficial,game greeting set of primary display,cmangos,2026-09-28
12338,Shadowprey Guardian,trollmalestandardnpc,trollmalestandard,game greeting set of primary display,cmangos,2026-09-28
12340,Drulzegar Skraghook,trollmalestandardnpc,trollmalestandard,game greeting set of primary display,cmangos,2026-09-28
12384,Augustus the Touched,undeadmaledarknpc,undeadmaledark,game greeting set of primary display,cmangos,2026-09-28
12425,Flint Shadowmore,humanmalewarriornpc,humanmalewarrior,game greeting set of primary display,cmangos,2026-09-28
12576,Grish Longrunner,taurenmalewarriornpc,taurenmalewarrior,game greeting set of primary display,cmangos,2026-09-28
12577,Jarrodenus,nightelfmalestandardnpc,nightelfmalestandard,game greeting set of primary display,cmangos,2026-09-28
12578,Mishellena,nightelffemalestandardnpc,nightelffemalestandard,game greeting set of primary display,cmangos,2026-09-28
12580,Reginald Windsor,humanmaleofficialnpc,humanmaleofficial,game greeting set of primary display,cmangos,2026-09-28
12596,Bibilfaz Featherwhistle,gnomemalezanynpc,gnomemalezany,game greeting set of primary display,cmangos,2026-09-28
12616,Vhulgra,orcfemalestandardnpc,orcfemalestandard,game greeting set of primary display,cmangos,2026-09-28
12617,Khaelyn Steelwing,dwarffemaleguardnpc,dwarffemaleguard,game greeting set of primary display,cmangos,2026-09-28
12636,Georgia,undeadfemalewarriornpc,undeadfemalewarrior,game greeting set of primary display,cmangos,2026-09-28
12656,Thamarian,nightelfmalestandardnpc,nightelfmalestandard,game greeting set of primary display,cmangos,2026-09-28
12657,Don Pompa,humanmalestandardnpc,humanmalestandard,game greeting set of primary display,cmangos,2026-09-28
12658,Adam Lind,humanmalewarriornpc,humanmalewarrior,game greeting set of primary display,cmangos,2026-09-28
12677,Shadumbra,narrator_neutral,creature:other_n,non-character model -> MelloUI race key (or model name); creature: narrator,cmangos,2026-09-28
12678,Ursangous,narrator_neutral,creature:other_n,non-character model -> MelloUI race key (or model name); creature: narrator,cmangos,2026-09-28
12696,Senani Thunderheart,taurenfemaleofficialnpc,taurenfemaleofficial,game greeting set of primary display,cmangos,2026-09-28
12716,Decedra Willham,humanfemalestandardnpc,humanfemalestandard,game greeting set of primary display,cmangos,2026-09-28
12717,Muglash,orcmaleshadynpc,orcmaleshady,game greeting set of primary display,cmangos,2026-09-28
12718,Gurda Ragescar,orcfemalewarriornpc,orcfemalewarrior,game greeting set of primary display,cmangos,2026-09-28
12719,Marukai,trollfemalestandardnpc,trollfemalestandard,game greeting set of primary display,cmangos,2026-09-28
12720,Framnali,trollfemalestandardnpc,trollfemalestandard,game greeting set of primary display,cmangos,2026-09-28
12721,Mitsuwa,trollmaleshamannpc,trollmaleshaman,game greeting set of primary display,cmangos,2026-09-28
12722,Vera Nightshade,undeadfemalestandardnpc,undeadfemalestandard,game greeting set of primary display,cmangos,2026-09-28
12723,Har'alen,taurenfemaleshamannpc,taurenfemaleshaman,game greeting set of primary display,cmangos,2026-09-28
12724,Pixel,goblinfemalezanynpc,goblinfemalezany,game greeting set of primary display,cmangos,2026-09-28
12736,Je'neu Sancrea,trollmaleshamannpc,trollmaleshaman,game greeting set of primary display,cmangos,2026-09-28
12737,Mastok Wrilehiss,orcmaleshadynpc,orcmaleshady,game greeting set of primary display,cmangos,2026-09-28
12738,Nori Pridedrift,dwarfmalestandardnpc,dwarfmalestandard,game greeting set of primary display,cmangos,2026-09-28
12740,Faustron,orcmaleshadynpc,orcmaleshady,game greeting set of primary display,cmangos,2026-09-28
12757,Karang Amakkar,orcmalestandardnpc,orcmalestandard,game greeting set of primary display,cmangos,2026-09-28
12776,Hraug,orcmalestandardnpc,orcmalestandard,game greeting set of primary display,cmangos,2026-09-28
12777,Captain Dirgehammer,dwarfmalegrimnpc,dwarfmalegrim,game greeting set of primary display,forever-cache,2026-09-28
12781,Master Sergeant Biggins,gnomemalezanynpc,gnomemalezany,game greeting set of primary display,forever-cache,2026-09-28
12782,Captain O'Neal,humanmalewarriornpc,humanmalewarrior,game greeting set of primary display,forever-cache,2026-09-28
12783,Lieutenant Karter,humanfemaleofficialnpc,humanfemaleofficial,game greeting set of primary display,forever-cache,2026-09-28
12784,Lieutenant Jackspring,gnomemaleyoungnpc,gnomemaleyoung,game greeting set of primary display,forever-cache,2026-09-28
12785,Sergeant Major Clate,dwarfmaleguardnpc,dwarfmaleguard,game greeting set of primary display,forever-cache,2026-09-28
12792,Lady Palanseer,undeadfemalemagicnpc,undeadfemalemagic,game greeting set of primary display,cmangos,2026-09-28
12793,Brave Stonehide,taurenfemaleofficialnpc,taurenfemaleofficial,game greeting set of primary display,cmangos,2026-09-28
12794,Stone Guard Zarg,orcmaleshadynpc,orcmaleshady,game greeting set of primary display,cmangos,2026-09-28
12795,First Sergeant Hola'mahi,trollfemalelaidbacknpc,trollfemalelaidback,game greeting set of primary display,cmangos,2026-09-28
12796,Raider Bork,orcmaleguardnpc,orcmaleguard,game greeting set of primary display,cmangos,2026-09-28
12799,Sergeant Ba'sha,orcfemalewarriornpc,orcfemalewarrior,game greeting set of primary display,cmangos,2026-09-28
12805,Officer Areyn,humanfemalewarriornpc,humanfemalewarrior,game greeting set of primary display,forever-cache,2026-09-28
12807,Greshka,orcfemaleshamannpc,orcfemaleshaman,game greeting set of primary display,cmangos,2026-09-28
12816,Xen'Zilla,trollmalestandardnpc,trollmalestandard,game greeting set of primary display,cmangos,2026-09-28
12818,Ruul Snowhoof,taurenmaleeldernpc,taurenmaleelder,game greeting set of primary display,cmangos,2026-09-28
12836,Wandering Protector,creature_ancient,creature:treant_n,non-character model -> MelloUI race key (or model name); creature family,cmangos,2026-09-28
12837,Yama Snowhoof,taurenfemalestandardnpc,taurenfemalestandard,game greeting set of primary display,cmangos,2026-09-28
12858,Torek,orcmaleshadynpc,orcmaleshady,game greeting set of primary display,cmangos,2026-09-28
12862,Warsong Scout,orcfemalestandardnpc,orcfemalestandard,game greeting set of primary display,cmangos,2026-09-28
12863,Warsong Runner,orcmalestandardnpc,orcmalestandard,game greeting set of primary display,cmangos,2026-09-28
12864,Warsong Outrider,orcfemalestandardnpc,orcfemalestandard,game greeting set of primary display,cmangos,2026-09-28
12866,Myriam Moonsinger,nightelffemalepriestessnpc,nightelffemalepriestess,game greeting set of primary display,cmangos,2026-09-28
12867,Kuray'bin,trollmalestandardnpc,trollmalestandard,game greeting set of primary display,cmangos,2026-09-28
12877,Ertog Ragetusk,orcmaleguardnpc,orcmaleguard,game greeting set of primary display,cmangos,2026-09-28
12919,Nat Pagle,humanmalestandardnpc,humanmalestandard,game greeting set of primary display,cmangos,2026-09-28
12920,Doctor Gregory Victor,undeadmaledarknpc,undeadmaledark,game greeting set of primary display,cmangos,2026-09-28
12939,Doctor Gustaf VanHowzen,humanmalestandardnpc,humanmalestandard,game greeting set of primary display,cmangos,2026-09-28
12941,Jase Farlane,humanmalewarriornpc,humanmalewarrior,game greeting set of primary display,cmangos,2026-09-28
12942,Leonard Porter,humanmaleofficialnpc,humanmaleofficial,game greeting set of primary display,cmangos,2026-09-28
12943,Werg Thickblade,orcmalestandardnpc,orcmalestandard,game greeting set of primary display,cmangos,2026-09-28
12944,Lokhtos Darkbargainer,dwarfmalegrimnpc,dwarfmalegrim,game greeting set of primary display,cmangos,2026-09-28
12956,Zannok Hidepiercer,nightelfmalewarriornpc,nightelfmalewarrior,game greeting set of primary display,cmangos,2026-09-28
12957,Blimo Gadgetspring,gnomemalestandardnpc,gnomemalestandard,game greeting set of primary display,cmangos,2026-09-28
12958,Gigget Zipcoil,gnomefemalestandardnpc,gnomefemalestandard,game greeting set of primary display,cmangos,2026-09-28
12959,Nergal,dwarfmalestandardnpc,dwarfmalestandard,game greeting set of primary display,cmangos,2026-09-28
12960,Christi Galvanis,humanfemalestandardnpc,humanfemalestandard,game greeting set of primary display,cmangos,2026-09-28
12961,Kil'Hiwana,trollfemalestandardnpc,trollfemalestandard,game greeting set of primary display,cmangos,2026-09-28
12962,Wik'Tar,trollmaledarknpc,trollmaledark,game greeting set of primary display,cmangos,2026-09-28
12996,Mounted Ironforge Mountaineer,dwarfmaleguardnpc,dwarfmaleguard,game greeting set of primary display,cmangos,2026-09-28
12997,Monty,gnomemalezanynpc,gnomemalezany,game greeting set of primary display,cmangos,2026-09-28
13000,Gnome Engineer,gnomefemalenerdynpc,gnomefemalenerdy,game greeting set of primary display,cmangos,2026-09-28
13018,Nipsy,gnomemaleyoungnpc,gnomemaleyoung,game greeting set of primary display,cmangos,2026-09-28
13020,Vaelastrasz the Corrupt,retail_vaelastrasz,creature:dragon_m,"non-character model -> MelloUI race key (or model name); creature family; re-mapped 2026-09-28 from creature_dragon (npc table, rule 1)",cmangos,2026-09-28
13056,test spirit healer (DND),humanmaleofficialnpc,humanmaleofficial,game greeting set of primary display,cmangos,2026-09-28
13076,Dun Morogh Mountaineer,dwarfmaleguardnpc,dwarfmaleguard,game greeting set of primary display,cmangos,2026-09-28
13079,Keetar,orcmaleshadynpc,orcmaleshady,game greeting set of primary display,cmangos,2026-09-28
13081,Irondeep Raider,orcmaleguardnpc,orcmaleguard,game greeting set of primary display,cmangos,2026-09-28
13084,Bixi Wobblebonk,gnomefemalestandardnpc,gnomefemalestandard,game greeting set of primary display,cmangos,2026-09-28
13085,Myrokos Silentform,nightelfmalestandardnpc,nightelfmalestandard,game greeting set of primary display,cmangos,2026-09-28
13088,Masha Swiftcut,orcfemalewarriornpc,orcfemalewarrior,game greeting set of primary display,cmangos,2026-09-28
13089,Coldmine Guard,orcmaleguardnpc,orcmaleguard,game greeting set of primary display,cmangos,2026-09-28
13097,Coldmine Surveyor,orcmaleshadynpc,orcmaleshady,game greeting set of primary display,cmangos,2026-09-28
13116,Alliance Spirit Guide,humanmaleofficialnpc,humanmaleofficial,game greeting set of primary display,cmangos,2026-09-28
13117,Horde Spirit Guide,taurenmaleshamannpc,taurenmaleshaman,game greeting set of primary display,cmangos,2026-09-28
13137,Lieutenant Rugba,orcmaleguardnpc,orcmaleguard,game greeting set of primary display,cmangos,2026-09-28
13140,Commander Dardosh,orcmaleguardnpc,orcmaleguard,game greeting set of primary display,cmangos,2026-09-28
13143,Lieutenant Stronghoof,taurenmalewarriornpc,taurenmalewarrior,game greeting set of primary display,cmangos,2026-09-28
13144,Lieutenant Vol'talar,trollmalestandardnpc,trollmalestandard,game greeting set of primary display,cmangos,2026-09-28
13145,Lieutenant Grummus,creature_ogre,creature:giant_n,non-character model -> MelloUI race key (or model name); creature family,cmangos,2026-09-28
13146,Lieutenant Murp,creature_ogre,creature:giant_n,non-character model -> MelloUI race key (or model name); creature family,cmangos,2026-09-28
13147,Lieutenant Lewis,undeadmalewarriornpc,undeadmalewarrior,game greeting set of primary display,cmangos,2026-09-28
13151,Syndicate Master Ryson,humanmalewarriornpc,humanmalewarrior,silent in game -> crc32(entry) mod race/sex pool,cmangos,2026-09-28
13152,Commander Malgor,orcmaleguardnpc,orcmaleguard,game greeting set of primary display,cmangos,2026-09-28
13153,Commander Mulfort,taurenmalewarriornpc,taurenmalewarrior,game greeting set of primary display,cmangos,2026-09-28
13154,Commander Louis Philips,undeadmalewarriornpc,undeadmalewarrior,game greeting set of primary display,cmangos,2026-09-28
13155,Deathstalker Agent,undeadfemalewarriornpc,undeadfemalewarrior,game greeting set of primary display,cmangos,2026-09-28
13176,Smith Regzar,orcmalestandardnpc,orcmalestandard,game greeting set of primary display,cmangos,2026-09-28
13177,Vahgruk,orcmaleguardnpc,orcmaleguard,game greeting set of primary display,cmangos,2026-09-28
13178,War Rider,narrator_neutral,creature:other_n,non-character model -> MelloUI race key (or model name); creature: narrator,cmangos,2026-09-28
13179,Wing Commander Guse,orcfemalestandardnpc,orcfemalestandard,game greeting set of primary display,cmangos,2026-09-28
13180,Wing Commander Jeztor,undeadfemalestandardnpc,undeadfemalestandard,game greeting set of primary display,cmangos,2026-09-28
13181,Wing Commander Mulverick,orcmalestandardnpc,orcmalestandard,game greeting set of primary display,cmangos,2026-09-28
13216,Gaelden Hammersmith,dwarfmalegrimnpc,dwarfmalegrim,game greeting set of primary display,cmangos,2026-09-28
13217,Thanthaldis Snowgleam,nightelfmalestandardnpc,nightelfmalestandard,game greeting set of primary display,cmangos,2026-09-28
13218,Grunnda Wolfheart,orcfemaleshamannpc,orcfemaleshaman,game greeting set of primary display,cmangos,2026-09-28
13219,Jekyll Flandring,undeadmalestandardnpc,undeadmalestandard,game greeting set of primary display,cmangos,2026-09-28
13220,Layo Starstrike,nightelfmaleofficialnpc,nightelfmaleofficial,game greeting set of primary display,cmangos,2026-09-28
13236,Primalist Thurloga,taurenfemaleshamannpc,taurenfemaleshaman,game greeting set of primary display,cmangos,2026-09-28
13256,Lokholar the Ice Lord,creature_elemental,creature:elemental_n,non-character model -> MelloUI race key (or model name); creature family,cmangos,2026-09-28
13257,Murgot Deepforge,dwarfmalegrimnpc,dwarfmalegrim,game greeting set of primary display,cmangos,2026-09-28
13278,Duke Hydraxis,retail_duke_hydraxis,creature:elemental_n,"non-character model -> MelloUI race key (or model name); creature family; re-mapped 2026-09-28 from creature_elemental (npc table, rule 1)",cmangos,2026-09-28
13283,Lord Tony Romano,humanmaleofficialnpc,humanmaleofficial,game greeting set of primary display,forever-cache,2026-09-28
13316,Coldmine Peon,orcmaleguardnpc,orcmaleguard,game greeting set of primary display,cmangos,2026-09-28
13319,Commander Duffy,dwarfmalegrimnpc,dwarfmalegrim,game greeting set of primary display,cmangos,2026-09-28
13320,Commander Karl Philips,humanmalewarriornpc,humanmalewarrior,game greeting set of primary display,cmangos,2026-09-28
13322,Hydraxian Honor Guard,creature_elemental,creature:elemental_n,non-character model -> MelloUI race key (or model name); creature family,cmangos,2026-09-28
13377,Master Engineer Zinfizzlex,goblinmalezanynpc,goblinmalezany,game greeting set of primary display,cmangos,2026-09-28
13396,Irondeep Miner,wc3_peasant,peasantwhat,game greeting set of primary display,cmangos,2026-09-28
13397,Irondeep Peon,orcmaleguardnpc,orcmaleguard,game greeting set of primary display,cmangos,2026-09-28
13417,Sagorne Creststrider,taurenmaleshamannpc,taurenmaleshaman,game greeting set of primary display,cmangos,2026-09-28
13418,Kaymard Copperpinch,goblinmalezanynpc,goblinmalezany,game greeting set of primary display,cmangos,2026-09-28
13420,Penney Copperpinch,goblinfemalezanynpc,goblinfemalezany,game greeting set of primary display,cmangos,2026-09-28
13429,Nardstrum Copperpinch,goblinmalezanynpc,goblinmalezany,game greeting set of primary display,cmangos,2026-09-28
13430,Jaycrue Copperpinch,goblinfemalezanynpc,goblinfemalezany,game greeting set of primary display,cmangos,2026-09-28
13431,Whulwert Copperpinch,goblinmalezanynpc,goblinmalezany,game greeting set of primary display,cmangos,2026-09-28
13432,Seersa Copperpinch,goblinfemalezanynpc,goblinfemalezany,game greeting set of primary display,cmangos,2026-09-28
13433,Wulmort Jinglepocket,goblinmalezanynpc,goblinmalezany,game greeting set of primary display,cmangos,2026-09-28
13434,Macey Jinglepocket,goblinfemalezanynpc,goblinfemalezany,game greeting set of primary display,cmangos,2026-09-28
13435,Khole Jinglepocket,goblinmalezanynpc,goblinmalezany,game greeting set of primary display,cmangos,2026-09-28
13436,Guchie Jinglepocket,goblinfemalezanynpc,goblinfemalezany,game greeting set of primary display,cmangos,2026-09-28
13437,Wing Commander Ichman,humanmaleofficialnpc,humanmaleofficial,game greeting set of primary display,cmangos,2026-09-28
13438,Wing Commander Slidore,dwarfmalestandardnpc,dwarfmalestandard,game greeting set of primary display,cmangos,2026-09-28
13439,Wing Commander Vipore,nightelfmalestandardnpc,nightelfmalestandard,game greeting set of primary display,cmangos,2026-09-28
13441,Frostwolf Wolf Rider Commander,orcmaleguardnpc,orcmaleguard,game greeting set of primary display,cmangos,2026-09-28
13442,Arch Druid Renferal,nightelffemalepriestessnpc,nightelffemalepriestess,game greeting set of primary display,cmangos,2026-09-28
13443,Druid of the Grove,nightelfmaleofficialnpc,nightelfmaleofficial,game greeting set of primary display,cmangos,2026-09-28
13444,Greatfather Winter,dwarfmalestandardnpc,dwarfmalestandard,game greeting set of primary display,cmangos,2026-09-28
13445,Great-father Winter,orcmalestandardnpc,orcmalestandard,game greeting set of primary display,cmangos,2026-09-28
13446,Field Marshal Teravaine,humanmalewarriornpc,humanmalewarrior,game greeting set of primary display,cmangos,2026-09-28
13447,Corporal Noreg Stormpike,dwarfmalegrimnpc,dwarfmalegrim,game greeting set of primary display,cmangos,2026-09-28
13448,Sergeant Yazra Bloodsnarl,orcfemalewarriornpc,orcfemalewarrior,game greeting set of primary display,cmangos,2026-09-28
13449,Warmaster Garrick,orcmaleguardnpc,orcmaleguard,game greeting set of primary display,cmangos,2026-09-28
13476,Balai Lok'Wein,trollfemalelaidbacknpc,trollfemalelaidback,game greeting set of primary display,cmangos,2026-09-28
13531,Champion Reaver,orcmaleguardnpc,orcmaleguard,game greeting set of primary display,cmangos,2026-09-28
13534,Seasoned Coldmine Guard,orcmaleguardnpc,orcmaleguard,game greeting set of primary display,cmangos,2026-09-28
13535,Veteran Coldmine Guard,orcmaleguardnpc,orcmaleguard,game greeting set of primary display,cmangos,2026-09-28
13536,Champion Coldmine Guard,orcmaleguardnpc,orcmaleguard,game greeting set of primary display,cmangos,2026-09-28
13537,Seasoned Coldmine Surveyor,orcmaleshadynpc,orcmaleshady,game greeting set of primary display,cmangos,2026-09-28
13538,Veteran Coldmine Surveyor,orcmaleshadynpc,orcmaleshady,game greeting set of primary display,cmangos,2026-09-28
13539,Champion Coldmine Surveyor,orcmaleshadynpc,orcmaleshady,game greeting set of primary display,cmangos,2026-09-28
13542,Champion Irondeep Explorer,orcmaleshadynpc,orcmaleshady,game greeting set of primary display,cmangos,2026-09-28
13545,Champion Irondeep Raider,orcmaleguardnpc,orcmaleguard,game greeting set of primary display,cmangos,2026-09-28
13577,Stormpike Ram Rider Commander,dwarfmaleguardnpc,dwarfmaleguard,game greeting set of primary display,cmangos,2026-09-28
13597,Frostwolf Explosives Expert,orcmaleguardnpc,orcmaleguard,game greeting set of primary display,cmangos,2026-09-28
13598,Stormpike Explosives Expert,dwarfmalegrimnpc,dwarfmalegrim,game greeting set of primary display,cmangos,2026-09-28
13602,The Abominable Greench,narrator_neutral,creature:other_m,non-character model -> MelloUI race key (or model name); creature: narrator,cmangos,2026-09-28
13616,Frostwolf Stable Master,trollfemalelaidbacknpc,trollfemalelaidback,game greeting set of primary display,cmangos,2026-09-28
13617,Stormpike Stable Master,dwarffemaleguardnpc,dwarffemaleguard,game greeting set of primary display,cmangos,2026-09-28
13636,Strange Snowman,narrator_neutral,creature:other_n,non-character model -> MelloUI race key (or model name); creature: narrator,cmangos,2026-09-28
13656,Willow,undeadfemalemagicnpc,undeadfemalemagic,game greeting set of primary display,cmangos,2026-09-28
13697,Cavindra,dryad,dryadwhat,game greeting set of primary display,cmangos,2026-09-28
13698,Keeper Marandis,creature_keeper,creature:keeper_m,non-character model -> MelloUI race key (or model name); creature family; re-mapped 2026-09-28 from creature_ancient,cmangos,2026-09-28
13699,Selendra,dryad,dryadwhat,game greeting set of primary display,cmangos,2026-09-28
13716,Celebras the Redeemed,creature_keeper,creature:keeper_m,non-character model -> MelloUI race key (or model name); creature family; re-mapped 2026-09-28 from creature_ancient,cmangos,2026-09-28
13717,Centaur Pariah,creature_centaur,creature:centaur_m,non-character model -> MelloUI race key (or model name); creature family,cmangos,2026-09-28
13718,The Nameless Prophet,creature_centaur,creature:centaur_m,non-character model -> MelloUI race key (or model name); creature family,cmangos,2026-09-28
13776,Corporal Teeka Bloodsnarl,orcfemalewarriornpc,orcfemalewarrior,game greeting set of primary display,cmangos,2026-09-28
13777,Sergeant Durgen Stormpike,dwarfmalegrimnpc,dwarfmalegrim,game greeting set of primary display,cmangos,2026-09-28
13797,Mountaineer Boombellow,dwarfmaleguardnpc,dwarfmaleguard,game greeting set of primary display,cmangos,2026-09-28
13798,Jotek,orcmaleguardnpc,orcmaleguard,game greeting set of primary display,cmangos,2026-09-28
13816,Prospector Stonehewer,dwarffemaleguardnpc,dwarffemaleguard,game greeting set of primary display,cmangos,2026-09-28
13817,Voggah Deathgrip,orcmaleshadynpc,orcmaleshady,game greeting set of primary display,cmangos,2026-09-28
13839,Royal Dreadguard,undeadmalewarriornpc,undeadmalewarrior,game greeting set of primary display,cmangos,2026-09-28
13840,Warmaster Laggrond,orcmaleguardnpc,orcmaleguard,game greeting set of primary display,cmangos,2026-09-28
13841,Lieutenant Haggerdin,dwarfmaleguardnpc,dwarfmaleguard,game greeting set of primary display,cmangos,2026-09-28
13842,Frostwolf Ambassador Rokhstrom,orcfemaleshamannpc,orcfemaleshaman,game greeting set of primary display,cmangos,2026-09-28
13843,Lieutenant Rotimer,dwarfmaleguardnpc,dwarfmaleguard,game greeting set of primary display,cmangos,2026-09-28
13917,Izzy Coppergrab,goblinmalegruffnpc,goblinmalegruff,game greeting set of primary display,cmangos,2026-09-28
14182,Bounty Hunter Kolark,taurenmalewarriornpc,taurenmalewarrior,game greeting set of primary display,cmangos,2026-09-28
14183,Artilleryman Sheldonore,dwarfmaleguardnpc,dwarfmaleguard,game greeting set of primary display,cmangos,2026-09-28
14185,Najak Hexxen,trollmaleshamannpc,trollmaleshaman,game greeting set of primary display,cmangos,2026-09-28
14186,Ravak Grimtotem,taurenmalewarriornpc,taurenmalewarrior,game greeting set of primary display,cmangos,2026-09-28
14187,Athramanis,nightelffemalesentinelnpc,nightelffemalesentinel,game greeting set of primary display,cmangos,2026-09-28
14188,Dirk Swindle,gnomemalestandardnpc,gnomemalestandard,game greeting set of primary display,cmangos,2026-09-28
14241,Ironbark the Redeemed,creature_ancient,creature:treant_n,non-character model -> MelloUI race key (or model name); creature family,cmangos,2026-09-28
14242,[UNUSED] Sulhasa,taurenfemaleshamannpc,taurenfemaleshaman,game greeting set of primary display,cmangos,2026-09-28
14301,Brinna Valanaar,nightelffemalestandardnpc,nightelffemalestandard,game greeting set of primary display,cmangos,2026-09-28
14305,Human Orphan,creature_child_m,creature:human_m,"non-character model -> MelloUI race key (or model name); pool human_m -> humanmalestandard; re-mapped 2026-09-28 from humanmalestandardnpc (npc table, rule 4)",cmangos,2026-09-28
14321,Guard Fengus,creature_ogre,creature:ogre_m,non-character model -> MelloUI race key (or model name); creature family,cmangos,2026-09-28
14322,Stomper Kreeg,creature_ogre,creature:ogre_m,non-character model -> MelloUI race key (or model name); creature family,cmangos,2026-09-28
14323,Guard Slip'kik,creature_ogre,creature:ogre_m,non-character model -> MelloUI race key (or model name); creature family,cmangos,2026-09-28
14324,Cho'Rush the Observer,creature_ogre,creature:ogre_m,non-character model -> MelloUI race key (or model name); creature family,cmangos,2026-09-28
14325,Captain Kromcrush,creature_ogre,creature:ogre_m,non-character model -> MelloUI race key (or model name); creature family,cmangos,2026-09-28
14326,Guard Mol'dar,creature_ogre,creature:ogre_m,non-character model -> MelloUI race key (or model name); creature family,cmangos,2026-09-28
14337,Field Repair Bot 74A,gnomemalestandardnpc,creature:gnome_n,non-character model -> MelloUI race key (or model name); pool gnome_n -> gnomemalestandard,cmangos,2026-09-28
14338,Knot Thimblejack,goblinmalezanynpc,goblinmalezany,game greeting set of primary display,cmangos,2026-09-28
14347,Highlord Demitrian,humanmalestandardnpc,humanmalestandard,game greeting set of primary display,cmangos,2026-09-28
14348,Earthcaller Franzahl,nightelfmalestandardnpc,nightelfmalestandard,game greeting set of primary display,cmangos,2026-09-28
14351,Gordok Bushwacker,creature_ogre,creature:ogre_m,non-character model -> MelloUI race key (or model name); creature family,cmangos,2026-09-28
14353,Mizzle the Crafty,creature_ogre,creature:ogre_m,non-character model -> MelloUI race key (or model name); creature family,cmangos,2026-09-28
14354,Pusillin,creature_imp,creature:imp_m,non-character model -> MelloUI race key (or model name); creature family,cmangos,2026-09-28
14355,Azj'Tordin,nightelfmaleofficialnpc,nightelfmaleofficial,game greeting set of primary display,cmangos,2026-09-28
14358,Shen'dralar Ancient,nightelffemalepriestessnpc,nightelffemalepriestess,game greeting set of primary display,cmangos,2026-09-28
14363,Thief Catcher Shadowdelve,dwarfmaleguardnpc,dwarfmaleguard,game greeting set of primary display,cmangos,2026-09-28
14364,Shen'dralar Spirit,nightelfmalestandardnpc,nightelfmalestandard,silent in game -> crc32(entry) mod race/sex pool,cmangos,2026-09-28
14365,Thief Catcher Farmountain,dwarfmaleguardnpc,dwarfmaleguard,game greeting set of primary display,cmangos,2026-09-28
14367,Thief Catcher Thunderbrew,dwarfmaleguardnpc,dwarfmaleguard,game greeting set of primary display,cmangos,2026-09-28
14368,Lorekeeper Lydros,nightelfmaleofficialnpc,nightelfmaleofficial,game greeting set of primary display,cmangos,2026-09-28
14369,Shen'dralar Zealot,nightelfmalewarriornpc,nightelfmalewarrior,game greeting set of primary display,cmangos,2026-09-28
14371,Shen'dralar Provisioner,nightelfmalestandardnpc,nightelfmalestandard,game greeting set of primary display,cmangos,2026-09-28
14373,Sage Korolusk,taurenmaleshamannpc,taurenmaleshaman,game greeting set of primary display,cmangos,2026-09-28
14374,Scholar Runethorn,nightelffemalestandardnpc,nightelffemalestandard,game greeting set of primary display,cmangos,2026-09-28
14375,Scout Stronghand,orcmaleguardnpc,orcmaleguard,game greeting set of primary display,cmangos,2026-09-28
14376,Scout Manslayer,orcfemalewarriornpc,orcfemalewarrior,game greeting set of primary display,cmangos,2026-09-28
14377,Scout Tharr,orcmaleguardnpc,orcmaleguard,game greeting set of primary display,cmangos,2026-09-28
14378,Huntress Skymane,nightelffemalesentinelnpc,nightelffemalesentinel,game greeting set of primary display,cmangos,2026-09-28
14379,Huntress Ravenoak,nightelffemalesentinelnpc,nightelffemalesentinel,game greeting set of primary display,cmangos,2026-09-28
14380,Huntress Leafrunner,nightelffemalesentinelnpc,nightelffemalesentinel,game greeting set of primary display,cmangos,2026-09-28
14381,Lorekeeper Javon,nightelfmaleofficialnpc,nightelfmaleofficial,game greeting set of primary display,cmangos,2026-09-28
14382,Lorekeeper Mykos,nightelffemalestandardnpc,nightelffemalestandard,game greeting set of primary display,cmangos,2026-09-28
14383,Lorekeeper Kildrath,nightelfmaleofficialnpc,nightelfmaleofficial,game greeting set of primary display,cmangos,2026-09-28
14387,Lothos Riftwaker,nightelfmalestandardnpc,nightelfmalestandard,game greeting set of primary display,cmangos,2026-09-28
14392,Overlord Runthak,orcmaleguardnpc,orcmaleguard,game greeting set of primary display,cmangos,2026-09-28
14394,Major Mattingly,humanmaleofficialnpc,humanmaleofficial,game greeting set of primary display,forever-cache,2026-09-28
14395,Griniblix the Spectator,goblinmaleguardnpc,goblinmaleguard,silent in game -> crc32(entry) mod race/sex pool,cmangos,2026-09-28
14401,Master Elemental Shaper Krixix,goblinmalegruffnpc,goblinmalegruff,game greeting set of primary display,cmangos,2026-09-28
14402,Seeker Cromwell,undeadmaledarknpc,undeadmaledark,game greeting set of primary display,cmangos,2026-09-28
14403,Seeker Nahr,undeadmalewarriornpc,undeadmalewarrior,game greeting set of primary display,cmangos,2026-09-28
14404,Seeker Thompson,undeadfemalewarriornpc,undeadfemalewarrior,game greeting set of primary display,cmangos,2026-09-28
14423,Officer Jaxon,humanmaleofficialnpc,humanmaleofficial,game greeting set of primary display,forever-cache,2026-09-28
14436,Mor'zul Bloodbringer,humanmaleofficialnpc,humanmaleofficial,game greeting set of primary display,cmangos,2026-09-28
14437,Gorzeeki Wildeyes,goblinmalegruffnpc,goblinmalegruff,game greeting set of primary display,cmangos,2026-09-28
14438,Officer Pomeroy,humanmalestandardnpc,humanmalestandard,game greeting set of primary display,forever-cache,2026-09-28
14439,Officer Brady,humanmalewarriornpc,humanmalewarrior,game greeting set of primary display,forever-cache,2026-09-28
14440,Hunter Sagewind,taurenmalewarriornpc,taurenmalewarrior,game greeting set of primary display,cmangos,2026-09-28
14441,Hunter Ragetotem,taurenmalewarriornpc,taurenmalewarrior,game greeting set of primary display,cmangos,2026-09-28
14442,Hunter Thunderhorn,taurenmalewarriornpc,taurenmalewarrior,game greeting set of primary display,cmangos,2026-09-28
14444,Orcish Orphan,creature_child_m,creature:orc_m,"non-character model -> MelloUI race key (or model name); pool orc_m -> orcmaleguard; re-mapped 2026-09-28 from orcmaleguardnpc (npc table, rule 4)",cmangos,2026-09-28
14450,Orphan Matron Nightingale,humanfemalestandardnpc,humanfemalestandard,game greeting set of primary display,cmangos,2026-09-28
14451,Orphan Matron Battlewail,orcfemalestandardnpc,orcfemalestandard,game greeting set of primary display,cmangos,2026-09-28
14463,Daio the Decrepit,humanmaleofficialnpc,humanmaleofficial,game greeting set of primary display,cmangos,2026-09-28
14469,Niby the Almighty,gnomemalezanynpc,gnomemalezany,game greeting set of primary display,cmangos,2026-09-28
14470,Impsy,creature_imp,creature:imp_m,non-character model -> MelloUI race key (or model name); creature family,cmangos,2026-09-28
14480,Alowicious Czervik,goblinmalezanynpc,goblinmalezany,game greeting set of primary display,cmangos,2026-09-28
14481,Emmithue Smails,gnomemalezanynpc,gnomemalezany,game greeting set of primary display,cmangos,2026-09-28
14494,Eris Havenfire,humanfemalewarriornpc,humanfemalewarrior,silent in game -> crc32(entry) mod race/sex pool,cmangos,2026-09-28
14497,Shellene,humanfemalestandardnpc,humanfemalestandard,game greeting set of primary display,cmangos,2026-09-28
14504,Dreadsteed Spirit,narrator_neutral,creature:other_n,non-character model -> MelloUI race key (or model name); creature: narrator,cmangos,2026-09-28
14508,Short John Mithril,goblinmalegruffnpc,goblinmalegruff,game greeting set of primary display,cmangos,2026-09-28
14522,Ur'dan,orcmalestandardnpc,orcmalestandard,game greeting set of primary display,cmangos,2026-09-28
14523,Ulathek,orcmaleshadynpc,orcmaleshady,game greeting set of primary display,cmangos,2026-09-28
14524,Vartrus the Ancient,creature_ancient,creature:treant_n,non-character model -> MelloUI race key (or model name); creature family,cmangos,2026-09-28
14525,Stoma the Ancient,creature_ancient,creature:treant_n,non-character model -> MelloUI race key (or model name); creature family,cmangos,2026-09-28
14526,Hastat the Ancient,creature_ancient,creature:treant_n,non-character model -> MelloUI race key (or model name); creature family,cmangos,2026-09-28
14527,Simone the Inconspicuous,trollfemalelaidbacknpc,trollfemalelaidback,game greeting set of primary display,cmangos,2026-09-28
14528,Precious,narrator_neutral,creature:other_n,non-character model -> MelloUI race key (or model name); creature: narrator,cmangos,2026-09-28
14529,Franklin the Friendly,humanmalestandardnpc,humanmalestandard,game greeting set of primary display,cmangos,2026-09-28
14531,Artorius the Amiable,taurenmaleeldernpc,taurenmaleelder,game greeting set of primary display,cmangos,2026-09-28
14536,Nelson the Nice,gnomemaleyoungnpc,gnomemaleyoung,game greeting set of primary display,cmangos,2026-09-28
14566,Ancient Equine Spirit,narrator_neutral,creature:other_n,non-character model -> MelloUI race key (or model name); creature: narrator,cmangos,2026-09-28
14567,Derotain Mudsipper,dwarfmalegrimnpc,dwarfmalegrim,game greeting set of primary display,cmangos,2026-09-28
14568,Darkreaver's Fallen Charger,narrator_neutral,creature:other_n,non-character model -> MelloUI race key (or model name); creature: narrator,cmangos,2026-09-28
14581,Sergeant Thunderhorn,taurenmalewarriornpc,taurenmalewarrior,game greeting set of primary display,cmangos,2026-09-28
14624,Master Smith Burninate,dwarfmalegrimnpc,dwarfmalegrim,game greeting set of primary display,cmangos,2026-09-28
14625,Overseer Oilfist,dwarfmalegrimnpc,dwarfmalegrim,game greeting set of primary display,cmangos,2026-09-28
14626,Taskmaster Scrange,dwarfmalegrimnpc,dwarfmalegrim,game greeting set of primary display,cmangos,2026-09-28
14627,Hansel Heavyhands,dwarfmalegrimnpc,dwarfmalegrim,game greeting set of primary display,cmangos,2026-09-28
14628,Evonice Sootsmoker,dwarffemaleguardnpc,dwarffemaleguard,game greeting set of primary display,cmangos,2026-09-28
14634,Lookout Captain Lolo Longstriker,dwarfmalegrimnpc,dwarfmalegrim,game greeting set of primary display,cmangos,2026-09-28
14637,Zorbin Fandazzle,goblinmaleguardnpc,goblinmaleguard,game greeting set of primary display,cmangos,2026-09-28
14717,Horde Elite,orcfemalewarriornpc,orcfemalewarrior,game greeting set of primary display,cmangos,2026-09-28
14720,High Overlord Saurfang,orcmaleguardnpc,orcmaleguard,game greeting set of primary display,cmangos,2026-09-28
14721,Field Marshal Afrasiabi,humanfemalewarriornpc,humanfemalewarrior,game greeting set of primary display,forever-cache,2026-09-28
14722,Clavicus Knavingham,humanmalestandardnpc,humanmalestandard,game greeting set of primary display,cmangos,2026-09-28
14723,Mistina Steelshield,dwarffemaleguardnpc,dwarffemaleguard,game greeting set of primary display,cmangos,2026-09-28
14724,Bubulo Acerbus,gnomemalezanynpc,gnomemalezany,game greeting set of primary display,cmangos,2026-09-28
14725,Raedon Duskstriker,nightelfmalewarriornpc,nightelfmalewarrior,game greeting set of primary display,cmangos,2026-09-28
14726,Rashona Straglash,orcfemalewarriornpc,orcfemalewarrior,game greeting set of primary display,cmangos,2026-09-28
14727,Vehena,trollfemalelaidbacknpc,trollfemalelaidback,game greeting set of primary display,cmangos,2026-09-28
14728,Rumstag Proudstrider,taurenmalewarriornpc,taurenmalewarrior,game greeting set of primary display,cmangos,2026-09-28
14729,Ralston Farnsley,undeadmaledarknpc,undeadmaledark,game greeting set of primary display,cmangos,2026-09-28
14731,Lard,creature_ogre,creature:ogre_m,non-character model -> MelloUI race key (or model name); creature family,cmangos,2026-09-28
14733,Sentinel Farsong,nightelffemalepriestessnpc,nightelffemalepriestess,game greeting set of primary display,cmangos,2026-09-28
14736,Primal Torntusk,trollfemalestandardnpc,trollfemalestandard,game greeting set of primary display,cmangos,2026-09-28
14737,Smith Slagtree,orcmaleshadynpc,orcmaleshady,game greeting set of primary display,cmangos,2026-09-28
14738,Otho Moji'ko,trollmaleshamannpc,trollmaleshaman,game greeting set of primary display,cmangos,2026-09-28
14739,Mystic Yayo'jin,trollfemaleoldnpc,trollfemaleold,game greeting set of primary display,cmangos,2026-09-28
14740,Katoom the Angler,trollmaledarknpc,trollmaledark,game greeting set of primary display,cmangos,2026-09-28
14741,Huntsman Markhor,trollmaleshamannpc,trollmaleshaman,game greeting set of primary display,cmangos,2026-09-28
14742,Zap Farflinger,goblinmalezanynpc,goblinmalezany,game greeting set of primary display,cmangos,2026-09-28
14743,Jhordy Lapforge,gnomemaleyoungnpc,gnomemaleyoung,game greeting set of primary display,cmangos,2026-09-28
14753,Illiyana Moonblaze,nightelffemalestandardnpc,nightelffemalestandard,game greeting set of primary display,cmangos,2026-09-28
14754,Kelm Hargunth,orcmaleshadynpc,orcmaleshady,game greeting set of primary display,cmangos,2026-09-28
14757,Elder Torntusk,trollmaleshamannpc,trollmaleshaman,game greeting set of primary display,cmangos,2026-09-28
14774,Icewing Warmaster,orcmaleshadynpc,orcmaleshady,game greeting set of primary display,cmangos,2026-09-28
14776,Tower Point Warmaster,orcmaleshadynpc,orcmaleshady,game greeting set of primary display,cmangos,2026-09-28
14781,Captain Shatterskull,orcmaleshadynpc,orcmaleshady,game greeting set of primary display,cmangos,2026-09-28
14822,Sayge,creature_gnoll,creature:gnoll_n,non-character model -> MelloUI race key (or model name); creature family,cmangos,2026-09-28
14823,Silas Darkmoon,gnomemalezanynpc,gnomemalezany,game greeting set of primary display,cmangos,2026-09-28
14827,Burth,creature_ogre,creature:ogre_m,non-character model -> MelloUI race key (or model name); creature family,cmangos,2026-09-28
14828,Gelvas Grimegate,goblinmalegruffnpc,goblinmalegruff,game greeting set of primary display,cmangos,2026-09-28
14829,Yebb Neblegear,gnomemalestandardnpc,gnomemalestandard,game greeting set of primary display,cmangos,2026-09-28
14832,Kerri Hicks,humanfemalewarriornpc,humanfemalewarrior,game greeting set of primary display,cmangos,2026-09-28
14833,Chronos,undeadmalestandardnpc,undeadmalestandard,game greeting set of primary display,cmangos,2026-09-28
14841,Rinling,trollmaledarknpc,trollmaledark,game greeting set of primary display,cmangos,2026-09-28
14842,Melnan Darkstone,dwarfmalestandardnpc,dwarfmalestandard,game greeting set of primary display,cmangos,2026-09-28
14843,Kruban Darkblade,orcmalestandardnpc,orcmalestandard,game greeting set of primary display,cmangos,2026-09-28
14844,Sylannia,nightelffemalestandardnpc,nightelffemalestandard,game greeting set of primary display,cmangos,2026-09-28
14845,Stamp Thunderhorn,taurenmaleeldernpc,taurenmaleelder,game greeting set of primary display,cmangos,2026-09-28
14846,Lhara,orcfemalewarriornpc,orcfemalewarrior,game greeting set of primary display,cmangos,2026-09-28
14847,Professor Thaddeus Paleo,humanmaleofficialnpc,humanmaleofficial,game greeting set of primary display,cmangos,2026-09-28
14849,Darkmoon Faire Carnie,humanmalestandardnpc,humanmalestandard,game greeting set of primary display,cmangos,2026-09-28
14860,Flik,creature_child_m,creature:orc_m,"non-character model -> MelloUI race key (or model name); pool orc_m -> orcmalestandard; re-mapped 2026-09-28 from orcmalestandardnpc (npc table, rule 4)",cmangos,2026-09-28
14866,Flik's Frog,narrator_neutral,creature:other_n,non-character model -> MelloUI race key (or model name); creature: narrator,cmangos,2026-09-28
14871,Morja,orcfemaleshamannpc,orcfemaleshaman,game greeting set of primary display,cmangos,2026-09-28
14875,Molthor,trollmaleshamannpc,trollmaleshaman,game greeting set of primary display,cmangos,2026-09-28
14902,Jin'rokh the Breaker,trollmaleshamannpc,creature:troll_m,non-character model -> MelloUI race key (or model name); pool troll_m -> trollmaleshaman,cmangos,2026-09-28
14903,Al'tabim the All-Seeing,trollmaledarknpc,trollmaledark,game greeting set of primary display,cmangos,2026-09-28
14904,Maywiki of Zuldazar,trollfemalestandardnpc,trollfemalestandard,game greeting set of primary display,cmangos,2026-09-28
14905,Falthir the Sightless,trollmalestandardnpc,trollmalestandard,game greeting set of primary display,cmangos,2026-09-28
14910,Exzhal,trollmaleshamannpc,trollmaleshaman,game greeting set of primary display,cmangos,2026-09-28
14921,Rin'wosho the Trader,trollmalestandardnpc,trollmalestandard,game greeting set of primary display,cmangos,2026-09-28
14942,Kartra Bloodsnarl,orcfemalewarriornpc,orcfemalewarrior,game greeting set of primary display,cmangos,2026-09-28
14961,Mirvyna Jinglepocket,goblinfemalezanynpc,goblinfemalezany,game greeting set of primary display,cmangos,2026-09-28
14962,Dillord Copperpinch,goblinmalegruffnpc,goblinmalegruff,game greeting set of primary display,cmangos,2026-09-28
14963,Gapp Jinglepocket,goblinmaleguardnpc,goblinmaleguard,game greeting set of primary display,cmangos,2026-09-28
14964,Hecht Copperpinch,goblinmalezanynpc,goblinmalezany,game greeting set of primary display,cmangos,2026-09-28
14981,Elfarran,nightelffemalesentinelnpc,nightelffemalesentinel,game greeting set of primary display,cmangos,2026-09-28
14982,Lylandris,nightelffemalesentinelnpc,nightelffemalesentinel,game greeting set of primary display,cmangos,2026-09-28
14983,Field Marshal Oslight,humanmalewarriornpc,humanmalewarrior,game greeting set of primary display,cmangos,2026-09-28
14984,Sergeant Maclear,humanfemalewarriornpc,humanfemalewarrior,game greeting set of primary display,cmangos,2026-09-28
14990,Defilers Emissary,undeadmaledarknpc,undeadmaledark,game greeting set of primary display,cmangos,2026-09-28
14991,League of Arathor Emissary,humanmaleofficialnpc,humanmaleofficial,game greeting set of primary display,cmangos,2026-09-28
15006,Deze Snowbane,undeadfemalemagicnpc,undeadfemalemagic,game greeting set of primary display,cmangos,2026-09-28
15007,Sir Malory Wheeler,undeadmaledarknpc,undeadmaledark,game greeting set of primary display,cmangos,2026-09-28
15008,Lady Hoteshem,humanfemaleofficialnpc,humanfemaleofficial,game greeting set of primary display,cmangos,2026-09-28
15011,Wagner Hammerstrike,dwarfmalestandardnpc,dwarfmalestandard,game greeting set of primary display,cmangos,2026-09-28
15012,Javnir Nashak,orcmalestandardnpc,orcmalestandard,game greeting set of primary display,cmangos,2026-09-28
15021,Deathmaster Dwire,undeadfemalewarriornpc,undeadfemalewarrior,game greeting set of primary display,cmangos,2026-09-28
15022,Deathstalker Mortis,undeadmalewarriornpc,undeadmalewarrior,game greeting set of primary display,cmangos,2026-09-28
15042,Zanza the Restless,trollmalestandardnpc,trollmalestandard,game greeting set of primary display,cmangos,2026-09-28
15070,Vinchaxa,trollmaleshamannpc,trollmaleshaman,game greeting set of primary display,cmangos,2026-09-28
15076,Zandalarian Emissary,trollmaledarknpc,trollmaledark,game greeting set of primary display,cmangos,2026-09-28
15077,Riggle Bassbait,goblinmalezanynpc,goblinmalezany,game greeting set of primary display,cmangos,2026-09-28
15078,Jang,goblinfemalezanynpc,goblinfemalezany,game greeting set of primary display,cmangos,2026-09-28
15079,Fishbot 5000,gnomemaleyoungnpc,creature:gnome_n,non-character model -> MelloUI race key (or model name); pool gnome_n -> gnomemaleyoung,cmangos,2026-09-28
15080,Servant of the Hand,trollmaledarknpc,trollmaledark,game greeting set of primary display,cmangos,2026-09-28
15102,Silverwing Emissary,nightelffemalepriestessnpc,nightelffemalepriestess,game greeting set of primary display,cmangos,2026-09-28
15103,Stormpike Emissary,dwarfmalegrimnpc,dwarfmalegrim,game greeting set of primary display,cmangos,2026-09-28
15105,Warsong Emissary,orcmaleguardnpc,orcmaleguard,game greeting set of primary display,cmangos,2026-09-28
15106,Frostwolf Emissary,orcmaleguardnpc,orcmaleguard,game greeting set of primary display,cmangos,2026-09-28
15116,Grinkle,goblinmalezanynpc,goblinmalezany,game greeting set of primary display,cmangos,2026-09-28
15119,Barrus,dwarfmalestandardnpc,dwarfmalestandard,game greeting set of primary display,cmangos,2026-09-28
15124,Targot Jinglepocket,goblinmalezanynpc,goblinmalezany,game greeting set of primary display,cmangos,2026-09-28
15125,Kosco Copperpinch,goblinmalegruffnpc,goblinmalegruff,game greeting set of primary display,cmangos,2026-09-28
15126,Rutherford Twing,undeadmaledarknpc,undeadmaledark,game greeting set of primary display,cmangos,2026-09-28
15127,Samuel Hawke,humanmalewarriornpc,humanmalewarrior,game greeting set of primary display,cmangos,2026-09-28
15131,Qeeju,trollmaleshamannpc,trollmaleshaman,game greeting set of primary display,cmangos,2026-09-28
15165,Haughty Modiste,goblinfemalezanynpc,goblinfemalezany,game greeting set of primary display,cmangos,2026-09-28
15169,Ralo'shan the Eternal Watcher,nightelffemalepriestessnpc,nightelffemalepriestess,game greeting set of primary display,cmangos,2026-09-28
15170,Rutgar Glyphshaper,dwarfmalegrimnpc,dwarfmalegrim,game greeting set of primary display,cmangos,2026-09-28
15171,Frankal Stonebridge,dwarfmalestandardnpc,dwarfmalestandard,game greeting set of primary display,cmangos,2026-09-28
15174,Calandrath,nightelffemalestandardnpc,nightelffemalestandard,game greeting set of primary display,cmangos,2026-09-28
15175,Khur Hornstriker,taurenmalewarriornpc,taurenmalewarrior,game greeting set of primary display,cmangos,2026-09-28
15176,Vargus,taurenmalewarriornpc,taurenmalewarrior,game greeting set of primary display,cmangos,2026-09-28
15177,Cloud Skydancer,nightelfmalestandardnpc,nightelfmalestandard,game greeting set of primary display,cmangos,2026-09-28
15178,Runk Windtamer,taurenmalewarriornpc,taurenmalewarrior,game greeting set of primary display,cmangos,2026-09-28
15179,Mishta,nightelffemalestandardnpc,nightelffemalestandard,game greeting set of primary display,cmangos,2026-09-28
15180,Baristolth of the Shifting Sands,nightelfmalestandardnpc,nightelfmalestandard,game greeting set of primary display,cmangos,2026-09-28
15181,Commander Mar'alith,nightelfmaleofficialnpc,nightelfmaleofficial,game greeting set of primary display,cmangos,2026-09-28
15182,Vish Kozus,nightelfmaleofficialnpc,nightelfmaleofficial,game greeting set of primary display,cmangos,2026-09-28
15183,Geologist Larksbane,dwarffemalematernalnpc,dwarffemalematernal,game greeting set of primary display,cmangos,2026-09-28
15187,Cenarion Emissary Jademoon,nightelffemalepriestessnpc,nightelffemalepriestess,game greeting set of primary display,cmangos,2026-09-28
15188,Cenarion Emissary Blackhoof,taurenmalewarriornpc,taurenmalewarrior,game greeting set of primary display,cmangos,2026-09-28
15189,Beetix Ficklespragg,goblinfemalezanynpc,goblinfemalezany,game greeting set of primary display,cmangos,2026-09-28
15190,Noggle Ficklespragg,goblinmaleguardnpc,goblinmaleguard,silent in game -> crc32(entry) mod race/sex pool,cmangos,2026-09-28
15191,Windcaller Proudhorn,taurenfemaleshamannpc,taurenfemaleshaman,game greeting set of primary display,cmangos,2026-09-28
15192,Anachronos,retail_anachronos,creature:dragon_n,"non-character model -> MelloUI race key (or model name); creature family; re-mapped 2026-09-28 from creature_dragon (npc table, rule 1)",cmangos,2026-09-28
15194,Hermit Ortell,humanmalestandardnpc,humanmalestandard,game greeting set of primary display,cmangos,2026-09-28
15197,Darkcaller Yanka,undeadfemalemagicnpc,undeadfemalemagic,game greeting set of primary display,cmangos,2026-09-28
15199,Sergeant Hartman,humanmalewarriornpc,humanmalewarrior,game greeting set of primary display,cmangos,2026-09-28
15270,Huum Wildmane,taurenmaleshamannpc,taurenmaleshaman,game greeting set of primary display,cmangos,2026-09-28
15282,Aurel Goldleaf,nightelffemalestandardnpc,nightelffemalestandard,game greeting set of primary display,cmangos,2026-09-28
15293,Aendel Windspear,nightelffemalesentinelnpc,nightelffemalesentinel,game greeting set of primary display,cmangos,2026-09-28
15303,Maxima Blastenheimer,gnomefemalenerdynpc,gnomefemalenerdy,game greeting set of primary display,cmangos,2026-09-28
15306,Bor Wildmane,taurenmalewarriornpc,taurenmalewarrior,game greeting set of primary display,cmangos,2026-09-28
15309,Spoops,creature_child_f,creature:orc_f,"non-character model -> MelloUI race key (or model name); pool orc_f -> orcfemalewarrior; re-mapped 2026-09-28 from orcfemalewarriornpc (npc table, rule 4)",cmangos,2026-09-28
15310,Jesper,creature_child_m,creature:human_m,"non-character model -> MelloUI race key (or model name); pool human_m -> humanmaleofficial; re-mapped 2026-09-28 from humanmaleofficialnpc (npc table, rule 4)",cmangos,2026-09-28
15315,Mylini Frostmoon,nightelffemalesentinelnpc,nightelffemalesentinel,game greeting set of primary display,cmangos,2026-09-28
15350,Horde Warbringer,orcmalestandardnpc,orcmalestandard,game greeting set of primary display,cmangos,2026-09-28
15351,Alliance Brigadier General,dwarfmalegrimnpc,dwarfmalegrim,game greeting set of primary display,cmangos,2026-09-28
15353,Katrina Shimmerstar,gnomefemalehappynpc,gnomefemalehappy,game greeting set of primary display,cmangos,2026-09-28
15354,Rachelle Gothena,undeadfemalestandardnpc,undeadfemalestandard,game greeting set of primary display,cmangos,2026-09-28
15362,Malfurion Stormrage,nightelfmalestandardnpc,nightelfmalestandard,silent in game -> crc32(entry) mod race/sex pool,cmangos,2026-09-28
15376,Halloween Male Ghost,humanmalestandardnpc,humanmalestandard,silent in game -> crc32(entry) mod race/sex pool,cmangos,2026-09-28
15378,Merithra of the Dream,retail_merithra_of_the_dream,nightelffemalesentinel,"silent in game -> crc32(entry) mod race/sex pool; re-mapped 2026-09-28 from nightelffemalesentinelnpc (npc table, rule 1)",cmangos,2026-09-28
15379,Caelestrasz,retail_caelestrasz,nightelfmalewarrior,"silent in game -> crc32(entry) mod race/sex pool; re-mapped 2026-09-28 from nightelfmalewarriornpc (npc table, rule 1)",cmangos,2026-09-28
15380,Arygos,retail_arygos,gnomemalezany,"silent in game -> crc32(entry) mod race/sex pool; re-mapped 2026-09-28 from gnomemalezanynpc (npc table, rule 1)",cmangos,2026-09-28
15383,Sergeant Stonebrow,dwarfmaleguardnpc,dwarfmaleguard,game greeting set of primary display,cmangos,2026-09-28
15395,Nafien,creature_furbolg,creature:furbolg_n,non-character model -> MelloUI race key (or model name); creature family,cmangos,2026-09-28
15419,Kania,nightelffemalestandardnpc,nightelffemalestandard,game greeting set of primary display,cmangos,2026-09-28
15431,Corporal Carnes,humanmalewarriornpc,humanmalewarrior,game greeting set of primary display,cmangos,2026-09-28
15432,Dame Twinbraid,dwarffemalematernalnpc,dwarffemalematernal,game greeting set of primary display,cmangos,2026-09-28
15434,Private Draxlegauge,gnomemaleyoungnpc,gnomemaleyoung,game greeting set of primary display,cmangos,2026-09-28
15437,Master Nightsong,nightelfmaleofficialnpc,nightelfmaleofficial,game greeting set of primary display,cmangos,2026-09-28
15440,Captain Blackanvil,dwarfmalegrimnpc,dwarfmalegrim,game greeting set of primary display,cmangos,2026-09-28
15443,Janela Stouthammer,dwarffemaleguardnpc,dwarffemaleguard,game greeting set of primary display,cmangos,2026-09-28
15444,Arcanist Nozzlespring,gnomemalezanynpc,gnomemalezany,game greeting set of primary display,cmangos,2026-09-28
15445,Sergeant Major Germaine,humanfemalewarriornpc,humanfemalewarrior,game greeting set of primary display,cmangos,2026-09-28
15446,Bonnie Stoneflayer,dwarffemaleyoungnpc,dwarffemaleyoung,game greeting set of primary display,cmangos,2026-09-28
15448,Private Porter,humanmalestandardnpc,humanmalestandard,game greeting set of primary display,cmangos,2026-09-28
15450,Marta Finespindle,gnomefemalenerdynpc,gnomefemalenerdy,game greeting set of primary display,cmangos,2026-09-28
15451,Sentinel Silversky,nightelffemalesentinelnpc,nightelffemalesentinel,game greeting set of primary display,cmangos,2026-09-28
15452,Nurse Stonefield,humanfemalestandardnpc,humanfemalestandard,game greeting set of primary display,cmangos,2026-09-28
15453,Keeper Moonshade,nightelfmalewarriornpc,nightelfmalewarrior,game greeting set of primary display,cmangos,2026-09-28
15455,Slicky Gastronome,gnomemalezanynpc,gnomemalezany,game greeting set of primary display,cmangos,2026-09-28
15456,Sarah Sadwhistle,gnomefemalestandardnpc,gnomefemalestandard,game greeting set of primary display,cmangos,2026-09-28
15457,Huntress Swiftriver,nightelffemalestandardnpc,nightelffemalestandard,game greeting set of primary display,cmangos,2026-09-28
15458,Commander Stronghammer,dwarfmalegrimnpc,dwarfmalegrim,game greeting set of primary display,cmangos,2026-09-28
15459,Miner Cromwell,undeadmalestandardnpc,undeadmalestandard,game greeting set of primary display,cmangos,2026-09-28
15460,Grunt Maug,orcmalestandardnpc,orcmalestandard,game greeting set of primary display,cmangos,2026-09-28
15469,Senior Sergeant T'kelah,trollfemalelaidbacknpc,trollfemalelaidback,game greeting set of primary display,cmangos,2026-09-28
15471,Lieutenant General Andorov,humanmalestandardnpc,humanmalestandard,silent in game -> crc32(entry) mod race/sex pool,cmangos,2026-09-28
15477,Herbalist Proudfeather,taurenfemaleshamannpc,taurenfemaleshaman,game greeting set of primary display,cmangos,2026-09-28
15481,Spirit of Azuregos,retail_azuregos,creature:dragon_m,"non-character model -> MelloUI race key (or model name); creature family; re-mapped 2026-09-28 from creature_dragon (npc table, rule 1)",cmangos,2026-09-28
15498,Windcaller Yessendra,nightelffemalepriestessnpc,nightelffemalepriestess,game greeting set of primary display,cmangos,2026-09-28
15499,Warden Haro,taurenmalewarriornpc,taurenmalewarrior,game greeting set of primary display,cmangos,2026-09-28
15500,Keyl Swiftclaw,nightelfmalewarriornpc,nightelfmalewarrior,game greeting set of primary display,cmangos,2026-09-28
15502,Andorgos,gnomefemalestandardnpc,gnomefemalestandard,game greeting set of primary display,cmangos,2026-09-28
15503,Kandrostrasz,humanmaleofficialnpc,humanmaleofficial,game greeting set of primary display,cmangos,2026-09-28
15504,Vethsera,humanfemaleofficialnpc,humanfemaleofficial,game greeting set of primary display,cmangos,2026-09-28
15508,Batrider Pele'keiki,trollmaledarknpc,trollmaledark,game greeting set of primary display,cmangos,2026-09-28
15512,Apothecary Jezel,undeadfemalemagicnpc,undeadfemalemagic,game greeting set of primary display,cmangos,2026-09-28
15515,Skinner Jamani,trollfemalestandardnpc,trollfemalestandard,game greeting set of primary display,cmangos,2026-09-28
15518,Auctioneer Grum,dwarfmalestandardnpc,dwarfmalestandard,silent in game -> crc32(entry) mod race/sex pool,cmangos,2026-09-28
15519,Auctioneer Bertram,humanmalewarriornpc,humanmalewarrior,silent in game -> crc32(entry) mod race/sex pool,cmangos,2026-09-28
15522,Sergeant Umala,orcfemalewarriornpc,orcfemalewarrior,game greeting set of primary display,cmangos,2026-09-28
15525,Doctor Serratus,undeadmaledarknpc,undeadmaledark,game greeting set of primary display,cmangos,2026-09-28
15526,Meridith the Mermaiden,creature_naga_f,creature:naga_f,non-character model -> MelloUI race key (or model name); creature family,cmangos,2026-09-28
15528,Healer Longrunner,taurenmaleeldernpc,taurenmaleelder,game greeting set of primary display,cmangos,2026-09-28
15529,Lady Callow,undeadfemalestandardnpc,undeadfemalestandard,game greeting set of primary display,cmangos,2026-09-28
15532,Stoneguard Clayhoof,taurenfemaleofficialnpc,taurenfemaleofficial,game greeting set of primary display,cmangos,2026-09-28
15533,Bloodguard Rawtar,orcfemalewarriornpc,orcfemalewarrior,game greeting set of primary display,cmangos,2026-09-28
15534,Fisherman Lin'do,trollmalestandardnpc,trollmalestandard,game greeting set of primary display,cmangos,2026-09-28
15535,Chief Sharpclaw,taurenmaleshamannpc,taurenmaleshaman,game greeting set of primary display,cmangos,2026-09-28
15539,General Zog,orcmaleguardnpc,orcmaleguard,game greeting set of primary display,cmangos,2026-09-28
15540,Windcaller Kaldon,nightelfmalewarriornpc,nightelfmalewarrior,game greeting set of primary display,cmangos,2026-09-28
15549,Elder Morndeep,dwarfmaleguardnpc,dwarfmaleguard,silent in game -> crc32(entry) mod race/sex pool,cmangos,2026-09-28
15556,Elder Splitrock,dwarfmalestandardnpc,dwarfmalestandard,silent in game -> crc32(entry) mod race/sex pool,cmangos,2026-09-28
15557,Elder Rumblerock,dwarfmalegrimnpc,dwarfmalegrim,silent in game -> crc32(entry) mod race/sex pool,cmangos,2026-09-28
15558,Elder Silvervein,dwarfmalestandardnpc,dwarfmalestandard,silent in game -> crc32(entry) mod race/sex pool,cmangos,2026-09-28
15559,Elder Highpeak,dwarfmaleguardnpc,dwarfmaleguard,silent in game -> crc32(entry) mod race/sex pool,cmangos,2026-09-28
15560,Elder Stonefort,dwarfmaleguardnpc,dwarfmaleguard,silent in game -> crc32(entry) mod race/sex pool,cmangos,2026-09-28
15561,Elder Obsidian,dwarfmaleguardnpc,dwarfmaleguard,silent in game -> crc32(entry) mod race/sex pool,cmangos,2026-09-28
15562,Elder Hammershout,dwarfmalestandardnpc,dwarfmalestandard,silent in game -> crc32(entry) mod race/sex pool,cmangos,2026-09-28
15563,Elder Bellowrage,dwarfmalegrimnpc,dwarfmalegrim,silent in game -> crc32(entry) mod race/sex pool,cmangos,2026-09-28
15564,Elder Darkcore,dwarfmalegrimnpc,dwarfmalegrim,silent in game -> crc32(entry) mod race/sex pool,cmangos,2026-09-28
15565,Elder Stormbrow,dwarfmalegrimnpc,dwarfmalegrim,silent in game -> crc32(entry) mod race/sex pool,cmangos,2026-09-28
15566,Elder Snowcrown,dwarfmaleguardnpc,dwarfmaleguard,silent in game -> crc32(entry) mod race/sex pool,cmangos,2026-09-28
15567,Elder Ironband,dwarfmalegrimnpc,dwarfmalegrim,silent in game -> crc32(entry) mod race/sex pool,cmangos,2026-09-28
15568,Elder Graveborn,dwarfmalestandardnpc,dwarfmalestandard,silent in game -> crc32(entry) mod race/sex pool,cmangos,2026-09-28
15569,Elder Goldwell,dwarfmalestandardnpc,dwarfmalestandard,silent in game -> crc32(entry) mod race/sex pool,cmangos,2026-09-28
15570,Elder Primestone,dwarfmalegrimnpc,dwarfmalegrim,silent in game -> crc32(entry) mod race/sex pool,cmangos,2026-09-28
15572,Elder Runetotem,taurenfemalestandardnpc,taurenfemalestandard,silent in game -> crc32(entry) mod race/sex pool,cmangos,2026-09-28
15573,Elder Ragetotem,taurenfemaleshamannpc,taurenfemaleshaman,silent in game -> crc32(entry) mod race/sex pool,cmangos,2026-09-28
15574,Elder Stonespire,taurenmalewarriornpc,taurenmalewarrior,silent in game -> crc32(entry) mod race/sex pool,cmangos,2026-09-28
15575,Elder Bloodhoof,taurenmaleshamannpc,taurenmaleshaman,silent in game -> crc32(entry) mod race/sex pool,cmangos,2026-09-28
15576,Elder Winterhoof,taurenmaleeldernpc,taurenmaleelder,silent in game -> crc32(entry) mod race/sex pool,cmangos,2026-09-28
15577,Elder Skychaser,taurenfemaleofficialnpc,taurenfemaleofficial,silent in game -> crc32(entry) mod race/sex pool,cmangos,2026-09-28
15578,Elder Wildmane,taurenfemaleshamannpc,taurenfemaleshaman,silent in game -> crc32(entry) mod race/sex pool,cmangos,2026-09-28
15579,Elder Darkhorn,taurenfemaleofficialnpc,taurenfemaleofficial,silent in game -> crc32(entry) mod race/sex pool,cmangos,2026-09-28
15580,Elder Proudhorn,taurenmalewarriornpc,taurenmalewarrior,silent in game -> crc32(entry) mod race/sex pool,cmangos,2026-09-28
15581,Elder Grimtotem,taurenmaleeldernpc,taurenmaleelder,silent in game -> crc32(entry) mod race/sex pool,cmangos,2026-09-28
15582,Elder Windtotem,taurenfemaleofficialnpc,taurenfemaleofficial,silent in game -> crc32(entry) mod race/sex pool,cmangos,2026-09-28
15583,Elder Thunderhorn,taurenmalewarriornpc,taurenmalewarrior,silent in game -> crc32(entry) mod race/sex pool,cmangos,2026-09-28
15584,Elder Skyseer,taurenmalewarriornpc,taurenmalewarrior,silent in game -> crc32(entry) mod race/sex pool,cmangos,2026-09-28
15585,Elder Dawnstrider,taurenfemalestandardnpc,taurenfemalestandard,silent in game -> crc32(entry) mod race/sex pool,cmangos,2026-09-28
15586,Elder Dreamseer,taurenmaleshamannpc,taurenmaleshaman,silent in game -> crc32(entry) mod race/sex pool,cmangos,2026-09-28
15587,Elder Mistwalker,taurenfemaleofficialnpc,taurenfemaleofficial,silent in game -> crc32(entry) mod race/sex pool,cmangos,2026-09-28
15588,Elder High Mountain,taurenmalewarriornpc,taurenmalewarrior,silent in game -> crc32(entry) mod race/sex pool,cmangos,2026-09-28
15592,Elder Windrun,nightelfmalewarriornpc,nightelfmalewarrior,silent in game -> crc32(entry) mod race/sex pool,cmangos,2026-09-28
15593,Elder Starsong,nightelffemalesentinelnpc,nightelffemalesentinel,silent in game -> crc32(entry) mod race/sex pool,cmangos,2026-09-28
15594,Elder Moonstrike,nightelffemalepriestessnpc,nightelffemalepriestess,silent in game -> crc32(entry) mod race/sex pool,cmangos,2026-09-28
15595,Elder Bladeleaf,nightelfmalestandardnpc,nightelfmalestandard,silent in game -> crc32(entry) mod race/sex pool,cmangos,2026-09-28
15596,Elder Starglade,nightelfmalestandardnpc,nightelfmalestandard,silent in game -> crc32(entry) mod race/sex pool,cmangos,2026-09-28
15597,Elder Moonwarden,nightelfmalewarriornpc,nightelfmalewarrior,silent in game -> crc32(entry) mod race/sex pool,cmangos,2026-09-28
15598,Elder Bladeswift,nightelfmaleofficialnpc,nightelfmaleofficial,silent in game -> crc32(entry) mod race/sex pool,cmangos,2026-09-28
15599,Elder Bladesing,nightelffemalesentinelnpc,nightelffemalesentinel,silent in game -> crc32(entry) mod race/sex pool,cmangos,2026-09-28
15600,Elder Skygleam,nightelfmalestandardnpc,nightelfmalestandard,silent in game -> crc32(entry) mod race/sex pool,cmangos,2026-09-28
15601,Elder Starweave,nightelffemalesentinelnpc,nightelffemalesentinel,silent in game -> crc32(entry) mod race/sex pool,cmangos,2026-09-28
15602,Elder Meadowrun,nightelffemalesentinelnpc,nightelffemalesentinel,silent in game -> crc32(entry) mod race/sex pool,cmangos,2026-09-28
15603,Elder Nightwind,nightelfmaleofficialnpc,nightelfmaleofficial,silent in game -> crc32(entry) mod race/sex pool,cmangos,2026-09-28
15604,Elder Morningdew,nightelffemalestandardnpc,nightelffemalestandard,silent in game -> crc32(entry) mod race/sex pool,cmangos,2026-09-28
15605,Elder Riversong,nightelffemalepriestessnpc,nightelffemalepriestess,silent in game -> crc32(entry) mod race/sex pool,cmangos,2026-09-28
15606,Elder Brightspear,nightelffemalesentinelnpc,nightelffemalesentinel,silent in game -> crc32(entry) mod race/sex pool,cmangos,2026-09-28
15607,Elder Farwhisper,nightelfmalestandardnpc,nightelfmalestandard,silent in game -> crc32(entry) mod race/sex pool,cmangos,2026-09-28
15609,Cenarion Scout Landion,nightelfmalewarriornpc,nightelfmalewarrior,game greeting set of primary display,cmangos,2026-09-28
15610,Cenarion Scout Azenel,nightelffemalestandardnpc,nightelffemalestandard,game greeting set of primary display,cmangos,2026-09-28
15611,Cenarion Scout Jalia,nightelffemalestandardnpc,nightelffemalestandard,game greeting set of primary display,cmangos,2026-09-28
15612,Krug Skullsplit,orcmalestandardnpc,orcmalestandard,game greeting set of primary display,cmangos,2026-09-28
15613,Merok Longstride,taurenmalewarriornpc,taurenmalewarrior,game greeting set of primary display,cmangos,2026-09-28
15614,J.D. Shadesong,humanmalewarriornpc,humanmalewarrior,silent in game -> crc32(entry) mod race/sex pool,cmangos,2026-09-28
15615,Shadow Priestess Shai,trollfemalestandardnpc,trollfemalestandard,game greeting set of primary display,cmangos,2026-09-28
15624,Forest Wisp,creature_spirit,creature:spirit_n,non-character model -> MelloUI race key (or model name); creature family,cmangos,2026-09-28
15659,Auctioneer Jaxon,humanfemaleofficialnpc,humanfemaleofficial,silent in game -> crc32(entry) mod race/sex pool,forever-cache,2026-09-28
15664,Metzen the Reindeer,narrator_neutral,creature:other_m,non-character model -> MelloUI race key (or model name); creature: narrator,cmangos,2026-09-28
15675,Auctioneer Stockton,undeadmalestandardnpc,undeadmalestandard,silent in game -> crc32(entry) mod race/sex pool,cmangos,2026-09-28
15676,Auctioneer Yarly,undeadmalewarriornpc,undeadmalewarrior,silent in game -> crc32(entry) mod race/sex pool,cmangos,2026-09-28
15677,Auctioneer Graves,goblinmaleguardnpc,goblinmaleguard,silent in game -> crc32(entry) mod race/sex pool,cmangos,2026-09-28
15678,Auctioneer Silva'las,nightelfmalestandardnpc,nightelfmalestandard,silent in game -> crc32(entry) mod race/sex pool,cmangos,2026-09-28
15679,Auctioneer Cazarez,nightelfmalewarriornpc,nightelfmalewarrior,silent in game -> crc32(entry) mod race/sex pool,cmangos,2026-09-28
15680,Auctioneer Bernal,undeadfemalemagicnpc,undeadfemalemagic,silent in game -> crc32(entry) mod race/sex pool,cmangos,2026-09-28
15681,Auctioneer O'reely,goblinmaleguardnpc,goblinmaleguard,silent in game -> crc32(entry) mod race/sex pool,cmangos,2026-09-28
15682,Auctioneer Cain,undeadmaledarknpc,undeadmaledark,silent in game -> crc32(entry) mod race/sex pool,cmangos,2026-09-28
15683,Auctioneer Naxxremis,undeadfemalewarriornpc,undeadfemalewarrior,silent in game -> crc32(entry) mod race/sex pool,cmangos,2026-09-28
15684,Auctioneer Tricket,undeadfemalemagicnpc,undeadfemalemagic,silent in game -> crc32(entry) mod race/sex pool,cmangos,2026-09-28
15686,Auctioneer Rhyker,undeadfemalewarriornpc,undeadfemalewarrior,silent in game -> crc32(entry) mod race/sex pool,cmangos,2026-09-28
15693,Jonathan the Revelator,humanmaleofficialnpc,humanmaleofficial,silent in game -> crc32(entry) mod race/sex pool,cmangos,2026-09-28
15694,Stormwind Reveler,humanmalestandardnpc,humanmalestandard,game greeting set of primary display,cmangos,2026-09-28
15700,Warlord Gorchuk,orcmaleshadynpc,orcmaleshady,game greeting set of primary display,cmangos,2026-09-28
15701,Field Marshal Snowfall,dwarfmalegrimnpc,dwarfmalegrim,game greeting set of primary display,cmangos,2026-09-28
15702,Senior Sergeant Taiga,taurenfemaleofficialnpc,taurenfemaleofficial,game greeting set of primary display,cmangos,2026-09-28
15703,Senior Sergeant Grimsford,undeadmalewarriornpc,undeadmalewarrior,game greeting set of primary display,cmangos,2026-09-28
15704,Senior Sergeant Kai'jin,trollfemalestandardnpc,trollfemalestandard,game greeting set of primary display,cmangos,2026-09-28
15707,Master Sergeant Fizzlebolt,gnomemalestandardnpc,gnomemalestandard,game greeting set of primary display,cmangos,2026-09-28
15708,Master Sergeant Maclure,humanfemaleofficialnpc,humanfemaleofficial,game greeting set of primary display,cmangos,2026-09-28
15709,Master Sergeant Moonshadow,nightelffemalestandardnpc,nightelffemalestandard,game greeting set of primary display,cmangos,2026-09-28
15719,Thunder Bluff Reveler,taurenmalewarriornpc,taurenmalewarrior,game greeting set of primary display,cmangos,2026-09-28
15722,Squire Leoren Mal'derath,nightelfmalestandardnpc,nightelfmalestandard,game greeting set of primary display,cmangos,2026-09-28
15723,Booty Bay Reveler,goblinmalezanynpc,goblinmalezany,game greeting set of primary display,cmangos,2026-09-28
15731,Darnassus Commendation Officer,nightelfmalestandardnpc,nightelfmalestandard,game greeting set of primary display,cmangos,2026-09-28
15732,Wonderform Operator,goblinmalezanynpc,goblinmalezany,game greeting set of primary display,cmangos,2026-09-28
15733,Gnomeregan Commendation Officer,gnomemalestandardnpc,gnomemalestandard,game greeting set of primary display,cmangos,2026-09-28
15734,Ironforge Commendation Officer,dwarfmalestandardnpc,dwarfmalestandard,game greeting set of primary display,cmangos,2026-09-28
15735,Stormwind Commendation Officer,humanmalestandardnpc,humanmalestandard,game greeting set of primary display,cmangos,2026-09-28
15736,Orgrimmar Commendation Officer,orcmalestandardnpc,orcmalestandard,game greeting set of primary display,cmangos,2026-09-28
15737,Darkspear Commendation Officer,trollmalestandardnpc,trollmalestandard,game greeting set of primary display,cmangos,2026-09-28
15738,Undercity Commendation Officer,undeadmaledarknpc,undeadmaledark,game greeting set of primary display,cmangos,2026-09-28
15739,Thunder Bluff Commendation Officer,taurenmalewarriornpc,taurenmalewarrior,game greeting set of primary display,cmangos,2026-09-28
15760,Winter Reveler,humanmalestandardnpc,humanmalestandard,game greeting set of primary display,cmangos,2026-09-28
15761,Officer Vu'Shalay,trollmaledarknpc,trollmaledark,game greeting set of primary display,cmangos,2026-09-28
15762,Officer Lunalight,nightelffemalepriestessnpc,nightelffemalepriestess,game greeting set of primary display,cmangos,2026-09-28
15763,Officer Porterhouse,gnomemalezanynpc,gnomemalezany,game greeting set of primary display,cmangos,2026-09-28
15764,Officer Ironbeard,dwarfmaleguardnpc,dwarfmaleguard,game greeting set of primary display,cmangos,2026-09-28
15765,Officer Redblade,orcfemalewarriornpc,orcfemalewarrior,game greeting set of primary display,cmangos,2026-09-28
15766,Officer Maloof,humanmaleofficialnpc,humanmaleofficial,game greeting set of primary display,cmangos,2026-09-28
15767,Officer Thunderstrider,taurenfemaleofficialnpc,taurenfemaleofficial,game greeting set of primary display,cmangos,2026-09-28
15768,Officer Gothena,undeadfemalemagicnpc,undeadfemalemagic,game greeting set of primary display,cmangos,2026-09-28
15797,Colossus Researcher Sophia,humanfemaleofficialnpc,humanfemaleofficial,silent in game -> crc32(entry) mod race/sex pool,cmangos,2026-09-28
15798,Colossus Researcher Nestor,gnomemaleyoungnpc,gnomemaleyoung,silent in game -> crc32(entry) mod race/sex pool,cmangos,2026-09-28
15799,Colossus Researcher Eazel,dwarfmalegrimnpc,dwarfmalegrim,silent in game -> crc32(entry) mod race/sex pool,cmangos,2026-09-28
15864,Valadar Starsong,nightelfmaleofficialnpc,nightelfmaleofficial,game greeting set of primary display,cmangos,2026-09-28
15871,Elder Bronzebeard,dwarfmalegrimnpc,dwarfmalegrim,silent in game -> crc32(entry) mod race/sex pool,cmangos,2026-09-28
15891,Lunar Festival Herald,taurenmaleshamannpc,taurenmaleshaman,game greeting set of primary display,cmangos,2026-09-28
15892,Lunar Festival Emissary,nightelfmalestandardnpc,nightelfmalestandard,game greeting set of primary display,cmangos,2026-09-28
15895,Lunar Festival Harbinger,taurenfemalestandardnpc,taurenfemalestandard,game greeting set of primary display,cmangos,2026-09-28
15898,Lunar Festival Vendor,taurenmaleeldernpc,taurenmaleelder,game greeting set of primary display,cmangos,2026-09-28
15903,Sergeant Carnes,humanmalewarriornpc,humanmalewarrior,game greeting set of primary display,cmangos,2026-09-28
15905,Darnassus Reveler,nightelfmalestandardnpc,nightelfmalestandard,game greeting set of primary display,cmangos,2026-09-28
15906,Ironforge Reveler,dwarfmalestandardnpc,dwarfmalestandard,game greeting set of primary display,cmangos,2026-09-28
15907,Undercity Reveler,undeadmalestandardnpc,undeadmalestandard,game greeting set of primary display,cmangos,2026-09-28
15908,Orgrimmar Reveler,orcmalestandardnpc,orcmalestandard,game greeting set of primary display,cmangos,2026-09-28
15909,Fariel Starsong,nightelffemalestandardnpc,nightelffemalestandard,game greeting set of primary display,cmangos,2026-09-28
15991,Lady Dena Kennedy,humanfemaleofficialnpc,humanfemaleofficial,game greeting set of primary display,cmangos,2026-09-28
16001,Aldris Fourclouds,nightelfmalewarriornpc,nightelfmalewarrior,game greeting set of primary display,cmangos,2026-09-28
16002,Colara Dean,humanfemalestandardnpc,humanfemalestandard,game greeting set of primary display,cmangos,2026-09-28
16003,Deathguard Tor,undeadmalewarriornpc,undeadmalewarrior,game greeting set of primary display,cmangos,2026-09-28
16004,Elenia Haydon,undeadfemalestandardnpc,undeadfemalestandard,game greeting set of primary display,cmangos,2026-09-28
16005,Lieutenant Jocryn Heldric,humanmaleofficialnpc,humanmaleofficial,game greeting set of primary display,cmangos,2026-09-28
16007,Orok Deathbane,orcmalestandardnpc,orcmalestandard,game greeting set of primary display,cmangos,2026-09-28
16008,Temma of the Wells,taurenmalewarriornpc,taurenmalewarrior,game greeting set of primary display,cmangos,2026-09-28
16009,Tormek Stoneriver,dwarfmalestandardnpc,dwarfmalestandard,game greeting set of primary display,cmangos,2026-09-28
16012,Mokvar,orcmalestandardnpc,orcmalestandard,game greeting set of primary display,cmangos,2026-09-28
16013,Deliana,humanfemalestandardnpc,humanfemalestandard,game greeting set of primary display,cmangos,2026-09-28
16014,Mux Manascrambler,goblinmalezanynpc,goblinmalezany,game greeting set of primary display,cmangos,2026-09-28
16015,Vi'el,creature_imp,creature:imp_m,non-character model -> MelloUI race key (or model name); creature family,cmangos,2026-09-28
16016,Anthion Harmon,humanmalewarriornpc,humanmalewarrior,game greeting set of primary display,cmangos,2026-09-28
16031,Ysida Harmon,humanfemaleofficialnpc,humanfemaleofficial,game greeting set of primary display,cmangos,2026-09-28
16032,Falrin Treeshaper,nightelfmalestandardnpc,nightelfmalestandard,game greeting set of primary display,cmangos,2026-09-28
16033,Bodley,gnomemalestandardnpc,gnomemalestandard,game greeting set of primary display,cmangos,2026-09-28
16070,Garel Redrock,dwarfmalegrimnpc,dwarfmalegrim,game greeting set of primary display,cmangos,2026-09-28
16073,Spirit of Lord Valthalak,creature_dragon,creature:dragon_m,non-character model -> MelloUI race key (or model name); creature family,cmangos,2026-09-28
16075,Kwee Q. Peddlefeet,goblinmalezanynpc,goblinmalezany,game greeting set of primary display,cmangos,2026-09-28
16076,Tharl Stonebleeder,orcmaleshadynpc,orcmaleshady,game greeting set of primary display,cmangos,2026-09-28
16091,Dirk Thunderwood,dwarfmalestandardnpc,dwarfmalestandard,game greeting set of primary display,cmangos,2026-09-28
16094,Durik,orcmaleguardnpc,orcmaleguard,game greeting set of primary display,cmangos,2026-09-28
16105,Aristan Mottar,humanmaleofficialnpc,humanmaleofficial,game greeting set of primary display,cmangos,2026-09-28
16106,Evert Sorisam,humanmalestandardnpc,humanmalestandard,game greeting set of primary display,cmangos,2026-09-28
16107,Apothecary Staffron Lerent,undeadmaledarknpc,undeadmaledark,game greeting set of primary display,cmangos,2026-09-28
16108,Fenstad Argyle,undeadmaledarknpc,undeadmaledark,game greeting set of primary display,cmangos,2026-09-28
16109,Mara Rennick,undeadfemalemagicnpc,undeadfemalemagic,game greeting set of primary display,cmangos,2026-09-28
16112,"Korfax, Champion of the Light",humanmalewarriornpc,humanmalewarrior,game greeting set of primary display,cmangos,2026-09-28
16113,Father Inigo Montoy,humanmalestandardnpc,humanmalestandard,game greeting set of primary display,cmangos,2026-09-28
16114,Scarlet Commander Marjhan,humanfemalewarriornpc,humanfemalewarrior,game greeting set of primary display,cmangos,2026-09-28
16115,Commander Eligor Dawnbringer,humanmalewarriornpc,humanmalewarrior,game greeting set of primary display,cmangos,2026-09-28
16116,Archmage Angela Dosantos,humanfemalewarriornpc,humanfemalewarrior,game greeting set of primary display,cmangos,2026-09-28
16131,Rohan the Assassin,humanmalewarriornpc,humanmalewarrior,game greeting set of primary display,cmangos,2026-09-28
16132,Huntsman Leopold,humanmalewarriornpc,humanmalewarrior,game greeting set of primary display,cmangos,2026-09-28
16133,Mataus the Wrathcaster,humanmalestandardnpc,humanmalestandard,game greeting set of primary display,cmangos,2026-09-28
16134,Rimblat Earthshatter,taurenmaleeldernpc,taurenmaleelder,game greeting set of primary display,cmangos,2026-09-28
16135,Rayne,nightelffemalepriestessnpc,nightelffemalepriestess,game greeting set of primary display,cmangos,2026-09-28
16212,Dispatch Commander Metz,humanmalewarriornpc,humanmalewarrior,game greeting set of primary display,cmangos,2026-09-28
16226,Guard Didier,dwarfmalegrimnpc,dwarfmalegrim,game greeting set of primary display,cmangos,2026-09-28
16227,Bragok,goblinmalezanynpc,goblinmalezany,game greeting set of primary display,cmangos,2026-09-28
16230,Cultist Engineer,humanmaleofficialnpc,humanmaleofficial,silent in game -> crc32(entry) mod race/sex pool,cmangos,2026-09-28
16241,Argent Recruiter,humanmalewarriornpc,humanmalewarrior,game greeting set of primary display,cmangos,2026-09-28
16255,Argent Scout,orcmaleguardnpc,orcmaleguard,game greeting set of primary display,cmangos,2026-09-28
16256,Jessica Chambers,humanfemalestandardnpc,humanfemalestandard,game greeting set of primary display,cmangos,2026-09-28
16281,Keeper of the Rolls,humanmaleofficialnpc,humanmaleofficial,game greeting set of primary display,cmangos,2026-09-28
16283,Packmaster Stonebruiser,dwarfmalegrimnpc,dwarfmalegrim,game greeting set of primary display,cmangos,2026-09-28
16284,Argent Medic,dwarfmalestandardnpc,dwarfmalestandard,game greeting set of primary display,cmangos,2026-09-28
16285,Argent Emissary,humanmaleofficialnpc,humanmaleofficial,game greeting set of primary display,cmangos,2026-09-28
16359,Argent Messenger,orcmaleguardnpc,orcmaleguard,game greeting set of primary display,cmangos,2026-09-28
16361,Commander Thomas Helleran,humanmalewarriornpc,humanmalewarrior,game greeting set of primary display,cmangos,2026-09-28
16365,Master Craftsman Omarion,humanmalewarriornpc,humanmalewarrior,game greeting set of primary display,cmangos,2026-09-28
16376,Craftsman Wilhelm,dwarfmalegrimnpc,dwarfmalegrim,game greeting set of primary display,cmangos,2026-09-28
16381,Archmage Tarsis Kir-Moldir,nightelfmaleofficialnpc,nightelfmaleofficial,silent in game -> crc32(entry) mod race/sex pool,cmangos,2026-09-28
16399,Bloodsail Traitor,humanmalestandardnpc,humanmalestandard,silent in game -> crc32(entry) mod race/sex pool,cmangos,2026-09-28
16416,Bronn Fitzwrench,goblinmalezanynpc,goblinmalezany,silent in game -> crc32(entry) mod race/sex pool,cmangos,2026-09-28
16417,Rumsen Fizzlebrack,goblinmalezanynpc,goblinmalezany,silent in game -> crc32(entry) mod race/sex pool,cmangos,2026-09-28
16418,Mupsi Shacklefridd,goblinfemalezanynpc,goblinfemalezany,game greeting set of primary display,cmangos,2026-09-28
16431,Cracked Necrotic Crystal,narrator_neutral,creature:undead_n,"non-character model -> MelloUI race key (or model name); pool undead_n -> undeadmalestandard; re-mapped 2026-09-28 from undeadmalestandardnpc (npc table, rule N)",cmangos,2026-09-28
16458,Innkeeper Faralia,nightelffemalesentinelnpc,nightelffemalesentinel,game greeting set of primary display,cmangos,2026-09-28
16478,Lieutenant Orrin,humanmalewarriornpc,humanmalewarrior,game greeting set of primary display,cmangos,2026-09-28
16484,Lieutenant Nevell,humanmaleofficialnpc,humanmaleofficial,game greeting set of primary display,cmangos,2026-09-28
16490,Lieutenant Lisande,humanfemaleofficialnpc,humanfemaleofficial,game greeting set of primary display,cmangos,2026-09-28
16493,Lieutenant Dagel,dwarfmalestandardnpc,dwarfmalestandard,game greeting set of primary display,cmangos,2026-09-28
16494,Lieutenant Rukag,orcmaleguardnpc,orcmaleguard,game greeting set of primary display,cmangos,2026-09-28
16495,Lieutenant Beitha,orcfemalewarriornpc,orcfemalewarrior,game greeting set of primary display,cmangos,2026-09-28
16531,Faint Necrotic Crystal,narrator_neutral,creature:undead_n,"non-character model -> MelloUI race key (or model name); pool undead_n -> undeadmalestandard; re-mapped 2026-09-28 from undeadmalestandardnpc (npc table, rule N)",cmangos,2026-09-28
16543,Garon Hutchins,humanmalestandardnpc,humanmalestandard,game greeting set of primary display,cmangos,2026-09-28
16781,Midsummer Celebrant,humanfemalewarriornpc,humanfemalewarrior,game greeting set of primary display,cmangos,2026-09-28
16786,Argent Quartermaster,humanmalewarriornpc,humanmalewarrior,game greeting set of primary display,cmangos,2026-09-28
16787,Argent Outfitter,trollfemalestandardnpc,trollfemalestandard,game greeting set of primary display,cmangos,2026-09-28
16788,Festival Flamekeeper,taurenfemaleshamannpc,taurenfemaleshaman,game greeting set of primary display,cmangos,2026-09-28
16817,Festival Loremaster,dwarfmalegrimnpc,dwarfmalegrim,game greeting set of primary display,cmangos,2026-09-28
16818,Festival Talespinner,undeadmaledarknpc,undeadmaledark,game greeting set of primary display,cmangos,2026-09-28
16999,Johnny McWeaksauce,humanmalewarriornpc,humanmalewarrior,game greeting set of primary display,cmangos,2026-09-28
17068,Chief Expeditionary Requisitioner Enkles,gnomemalestandardnpc,gnomemalestandard,game greeting set of primary display,cmangos,2026-09-28
17069,Emmisary Whitebeard,dwarfmalestandardnpc,dwarfmalestandard,game greeting set of primary display,cmangos,2026-09-28
17070,Apothecary Quinard,undeadmaledarknpc,undeadmaledark,game greeting set of primary display,cmangos,2026-09-28
17072,Emmisary Gormok,orcmalestandardnpc,orcmalestandard,game greeting set of primary display,cmangos,2026-09-28
17078,Jimmy McWeaksauce,humanmalewarriornpc,creature:human_m,non-character model -> MelloUI race key (or model name); pool human_m -> humanmalewarrior,cmangos,2026-09-28
17079,General Kirika,orcfemalewarriornpc,orcfemalewarrior,game greeting set of primary display,cmangos,2026-09-28
17080,Marshal Bluewall,dwarfmaleguardnpc,dwarfmaleguard,game greeting set of primary display,cmangos,2026-09-28
17081,Scout Bloodfist,orcmalestandardnpc,orcmalestandard,game greeting set of primary display,cmangos,2026-09-28
17082,Rifleman Torrig,dwarfmalestandardnpc,dwarfmalestandard,game greeting set of primary display,cmangos,2026-09-28
17209,William Kielar,humanmalestandardnpc,humanmalestandard,game greeting set of primary display,cmangos,2026-09-28
17249,Landro,goblinmalegruffnpc,goblinmalegruff,game greeting set of primary display,cmangos,2026-09-28
17598,Renn'az,trollmalestandardnpc,trollmalestandard,game greeting set of primary display,cmangos,2026-09-28
17804,Squire Rowe,humanmalewarriornpc,humanmalewarrior,game greeting set of primary display,forever-cache,2026-09-28
18153,Spirit Healer (DND),creature_spirit,creature:spirit_f,non-character model -> MelloUI race key (or model name); creature family,cmangos,2026-09-28
49808,Grenhild Darktalon,dwarffemalematernalnpc,dwarffemalematernal,game greeting set of primary display,wowhead,2026-09-28
205729,Boarton Shadetotem,taurenmalewarriornpc,taurenmalewarrior,game greeting set of primary display,wowhead,2026-09-28
210845,Jixo Madrocket,goblinmaleguardnpc,goblinmaleguard,game greeting set of primary display,wowhead,2026-09-28
210995,Alonso,gnomemalestandardnpc,gnomemalestandard,game greeting set of primary display,wowhead,2026-09-28
211022,Owen Thadd,undeadmaledarknpc,undeadmaledark,game greeting set of primary display,wowhead,2026-09-28
211033,Garion Wendell,humanmaleofficialnpc,humanmaleofficial,game greeting set of primary display,wowhead,2026-09-28
211188,Maethra Slagheart,dwarffemalematernalnpc,dwarffemalematernal,game greeting set of primary display,wowhead,2026-09-28
211225,Baj'ura,trollfemaleoldnpc,trollfemaleold,game greeting set of primary display,wowhead,2026-09-28
211229,Dietrich Praice,undeadmaledarknpc,undeadmaledark,game greeting set of primary display,wowhead,2026-09-28
211298,Syrnoya,nightelffemalepriestessnpc,nightelffemalepriestess,game greeting set of primary display,wowhead,2026-09-28
211653,Grizzby,goblinmaleguardnpc,goblinmaleguard,game greeting set of primary display,wowhead,2026-09-28
212969,Kazragore,orcmaleshadynpc,orcmaleshady,game greeting set of primary display,wowhead,2026-09-28
212970,Felore Moonray,nightelffemalepriestessnpc,nightelffemalepriestess,silent in game -> crc32(entry) mod race/sex pool,wowhead,2026-09-28
213444,Mysterious Traveler,humanmaleofficialnpc,creature:model:humanmalecaster,non-character model -> MelloUI race key (or model name); pool human_m -> humanmaleofficial,wowhead,2026-09-28
213445,Raszel Ander,humanmalestandardnpc,creature:model:humanmalecaster,non-character model -> MelloUI race key (or model name); pool human_m -> humanmalestandard,wowhead,2026-09-28
214099,Tamelyn Aldridge,humanfemalestandardnpc,humanfemalestandard,game greeting set of primary display,wowhead,2026-09-28
214101,Marcy Baker,humanfemalewarriornpc,humanfemalewarrior,game greeting set of primary display,wowhead,2026-09-28
214208,N'ora Anyheart,nightelffemalepriestessnpc,nightelffemalepriestess,game greeting set of primary display,wowhead,2026-09-28
214529,Brave Stonetorch,taurenmalewarriornpc,taurenmalewarrior,game greeting set of primary display,wowhead,2026-09-28
214876,Davius Voidstar,humanmaleofficialnpc,humanmaleofficial,silent in game -> crc32(entry) mod race/sex pool,wowhead,2026-09-28
215643,Tokal,orcfemalewarriornpc,orcfemalewarrior,game greeting set of primary display,wowhead,2026-09-28
215849,Doan Karhan,humanmalewarriornpc,humanmalewarrior,game greeting set of primary display,wowhead,2026-09-28
215850,Raszel Ander,humanmaleofficialnpc,creature:model:humanmalecaster,non-character model -> MelloUI race key (or model name); pool human_m -> humanmaleofficial,wowhead,2026-09-28
216289,Orokai,creature_ancient,creature:model:ancientoflore,non-character model -> MelloUI race key (or model name); creature family,wowhead,2026-09-28
216902,Wulmort Jinglepocket,goblinmalezanynpc,goblinmalezany,game greeting set of primary display,wowhead,2026-09-28
216915,Strange Snowman,narrator_neutral,creature:model:snowman,non-character model -> MelloUI race key (or model name); creature: narrator,wowhead,2026-09-28
216924,Kaymard Copperpinch,goblinmalezanynpc,goblinmalezany,game greeting set of primary display,wowhead,2026-09-28
217300,Skonk,creature_ogre,creature:model:ogre,non-character model -> MelloUI race key (or model name); creature family,wowhead,2026-09-28
217689,Ziri &quot;The Wrench&quot; Littlesprocket,gnomefemalestandardnpc,gnomefemalestandard,game greeting set of primary display,wowhead,2026-09-28
217996,Aeonas,humanmalewarriornpc,humanmalewarrior,silent in game -> crc32(entry) mod race/sex pool,wowhead,2026-09-28
218160,Aeonas the Vindicated,humanmalestandardnpc,humanmalestandard,silent in game -> crc32(entry) mod race/sex pool,wowhead,2026-09-28
218236,Red Bag,narrator_neutral,creature:model:invisiblestalker,non-character model -> MelloUI race key (or model name); creature: narrator,wowhead,2026-09-28
218237,Wirdal Wondergear,gnomemalezanynpc,gnomemalezany,game greeting set of primary display,wowhead,2026-09-28
218920,Agent Keanna,humanfemalestandardnpc,humanfemalestandard,game greeting set of primary display,wowhead,2026-09-28
220984,Fizbuz Mithril,goblinmaleguardnpc,goblinmaleguard,game greeting set of primary display,wowhead,2026-09-28
221400,Kajind,orcmalestandardnpc,orcmalestandard,silent in game -> crc32(entry) mod race/sex pool,wowhead,2026-09-28
221471,Field Captain Palandar,nightelfmaleofficialnpc,nightelfmaleofficial,silent in game -> crc32(entry) mod race/sex pool,wowhead,2026-09-28
221477,Field Captain Hannalah,nightelffemalesentinelnpc,nightelffemalesentinel,game greeting set of primary display,wowhead,2026-09-28
221479,Field Captain Korlian,nightelfmaleofficialnpc,nightelfmaleofficial,game greeting set of primary display,wowhead,2026-09-28
221480,Field Captain Arunnel,nightelffemalesentinelnpc,nightelffemalesentinel,game greeting set of primary display,wowhead,2026-09-28
221575,Elrick,humanmalewarriornpc,humanmalewarrior,game greeting set of primary display,wowhead,2026-09-28
221587,Aeonas the Vindicated,humanmalestandardnpc,humanmalestandard,silent in game -> crc32(entry) mod race/sex pool,wowhead,2026-09-28
221636,Gregory,humanmalewarriornpc,humanmalewarrior,silent in game -> crc32(entry) mod race/sex pool,wowhead,2026-09-28
221985,Tyrisius,nightelfmaleofficialnpc,nightelfmaleofficial,silent in game -> crc32(entry) mod race/sex pool,wowhead,2026-09-28
222005,Moderate Manifestation of Water,creature_elemental,creature:model:waterelemental,non-character model -> MelloUI race key (or model name); creature family,wowhead,2026-09-28
222052,Explorer Imp,creature_imp,creature:model:imp,non-character model -> MelloUI race key (or model name); creature family,wowhead,2026-09-28
222188,Shadowy Figure,nightelffemalestandardnpc,nightelffemalestandard,silent in game -> crc32(entry) mod race/sex pool,wowhead,2026-09-28
222261,Maximillian &quot;The Greaser&quot;,goblinmaleguardnpc,goblinmaleguard,game greeting set of primary display,wowhead,2026-09-28
222289,Moderate Manifestation of Air,creature_elemental,creature:model:airelemental,non-character model -> MelloUI race key (or model name); creature family,wowhead,2026-09-28
222316,Fizzbizz Coppercoil,gnomemaleyoungnpc,gnomemaleyoung,silent in game -> crc32(entry) mod race/sex pool,wowhead,2026-09-28
222408,Shadowtooth Emissary,trollfemaleoldnpc,trollfemaleold,game greeting set of primary display,wowhead,2026-09-28
222413,Zalgo the Explorer,trollmalestandardnpc,trollmalestandard,game greeting set of primary display,wowhead,2026-09-28
222444,Injured Gnome,gnomemalestandardnpc,gnomemalestandard,game greeting set of primary display,wowhead,2026-09-28
222451,Itty Bitty Murloc,narrator_neutral,creature:model:babymurloc,non-character model -> MelloUI race key (or model name); creature: narrator,wowhead,2026-09-28
222522,Spirit of Agamaggan,creature_ancient,creature:model:boar,"non-character model -> MelloUI race key (or model name); creature: narrator; re-mapped 2026-09-28 from narrator_neutral (npc table, rule 5)",wowhead,2026-09-28
222530,Rugged Traveler,dwarfmalestandardnpc,dwarfmalestandard,silent in game -> crc32(entry) mod race/sex pool,wowhead,2026-09-28
222617,Moderate Manifestation of Fire,creature_elemental,creature:model:fireelemental,non-character model -> MelloUI race key (or model name); creature family,wowhead,2026-09-28
222623,Moderate Manifestation of Earth,creature_elemental,creature:model:elementalearth,non-character model -> MelloUI race key (or model name); creature family,wowhead,2026-09-28
222763,Mixmaster Blix,goblinmalezanynpc,goblinmalezany,game greeting set of primary display,wowhead,2026-09-28
222772,Crimeon Lablade,humanmalestandardnpc,humanmalestandard,silent in game -> crc32(entry) mod race/sex pool,wowhead,2026-09-28
223590,Shrine of the Watcher,narrator_neutral,creature:model:eyeofazora,non-character model -> MelloUI race key (or model name); creature: narrator,wowhead,2026-09-28
224965,Khonsu,narrator_neutral,creature:model:horisath,"non-character model -> MelloUI race key (or model name); creature family; re-mapped 2026-09-28 from creature_dragon (npc table, rule N)",wowhead,2026-09-28
227464,Squire Cuthbert,humanmalewarriornpc,humanmalewarrior,game greeting set of primary display,wowhead,2026-09-28
227672,Squire Cuthbert,humanmalewarriornpc,humanmalewarrior,game greeting set of primary display,wowhead,2026-09-28
227673,Squire Cuthbert,humanmalewarriornpc,humanmalewarrior,game greeting set of primary display,wowhead,2026-09-28
227674,Squire Cuthbert,humanmalewarriornpc,humanmalewarrior,game greeting set of primary display,wowhead,2026-09-28
227755,Estelenn,nightelffemalestandardnpc,nightelffemalestandard,silent in game -> crc32(entry) mod race/sex pool,wowhead,2026-09-28
227853,Pix Xizzix,goblinfemalezanynpc,goblinfemalezany,game greeting set of primary display,wowhead,2026-09-28
228176,Banteazo,trollfemalestandardnpc,trollfemalestandard,game greeting set of primary display,wowhead,2026-09-28
228216,Numi,undeadfemalestandardnpc,undeadfemalestandard,game greeting set of primary display,wowhead,2026-09-28
228619,Orthas,dwarfmaleguardnpc,dwarfmaleguard,game greeting set of primary display,wowhead,2026-09-28
228818,Shrine of Cooperation,narrator_neutral,creature:model:statuehmpriest,non-character model -> MelloUI race key (or model name); creature: narrator,wowhead,2026-09-28
228822,Calyx Greenglow,nightelfmalestandardnpc,nightelfmalestandard,game greeting set of primary display,wowhead,2026-09-28
228902,Calyx Greenglow,nightelfmalestandardnpc,nightelfmalestandard,game greeting set of primary display,wowhead,2026-09-28
228928,Maethra Slagheart,dwarffemalematernalnpc,dwarffemalematernal,game greeting set of primary display,wowhead,2026-09-28
228956,Sebastian Jurgens,humanmalestandardnpc,creature:model:madscientist,non-character model -> MelloUI race key (or model name); pool human_m -> humanmalestandard,wowhead,2026-09-28
229018,Rotting Dwarf Corpse,dwarfmaleguardnpc,dwarfmaleguard,game greeting set of primary display,wowhead,2026-09-28
230317,Mokvar,orcmalestandardnpc,orcmalestandard,game greeting set of primary display,wowhead,2026-09-28
230319,Deliana,humanfemalestandardnpc,humanfemalestandard,game greeting set of primary display,wowhead,2026-09-28
231050,Syndicate Infiltrator,humanfemalewarriornpc,humanfemalewarrior,silent in game -> crc32(entry) mod race/sex pool,wowhead,2026-09-28
231485,Procrastimond,creature_dragon,creature:model:dragonspawn,non-character model -> MelloUI race key (or model name); creature family,wowhead,2026-09-28
231498,Aeonas,humanmalestandardnpc,humanmalestandard,silent in game -> crc32(entry) mod race/sex pool,wowhead,2026-09-28
231499,Ada Darkhardt,humanfemalewarriornpc,humanfemalewarrior,game greeting set of primary display,wowhead,2026-09-28
231500,Gregory,undeadmalestandardnpc,undeadmalestandard,silent in game -> crc32(entry) mod race/sex pool,wowhead,2026-09-28
232309,Highlord Demitrian,humanmalestandardnpc,humanmalestandard,game greeting set of primary display,wowhead,2026-09-28
232381,Valxx Cracklequil,goblinfemalezanynpc,goblinfemalezany,game greeting set of primary display,wowhead,2026-09-28
232596,Riosus,nightelfmalestandardnpc,nightelfmalestandard,game greeting set of primary display,wowhead,2026-09-28
232624,Krasus,nightelfmaleofficialnpc,nightelfmaleofficial,game greeting set of primary display,wowhead,2026-09-28
232802,Doan Karhan,humanmalewarriornpc,humanmalewarrior,game greeting set of primary display,wowhead,2026-09-28
232929,Gregory,undeadmalewarriornpc,undeadmalewarrior,silent in game -> crc32(entry) mod race/sex pool,wowhead,2026-09-28
232932,Gregory,undeadmalestandardnpc,undeadmalestandard,silent in game -> crc32(entry) mod race/sex pool,wowhead,2026-09-28
232960,Aeonas,humanmaleofficialnpc,humanmaleofficial,silent in game -> crc32(entry) mod race/sex pool,wowhead,2026-09-28
232998,Aeonas,humanmaleofficialnpc,humanmaleofficial,silent in game -> crc32(entry) mod race/sex pool,wowhead,2026-09-28
233084,Estelenn,nightelffemalestandardnpc,nightelffemalestandard,silent in game -> crc32(entry) mod race/sex pool,wowhead,2026-09-28
233138,Aeonas,humanmaleofficialnpc,humanmaleofficial,silent in game -> crc32(entry) mod race/sex pool,wowhead,2026-09-28
233776,Gregory,undeadmaledarknpc,undeadmaledark,silent in game -> crc32(entry) mod race/sex pool,wowhead,2026-09-28
234539,Selestrasza,nightelffemalestandardnpc,nightelffemalestandard,game greeting set of primary display,wowhead,2026-09-28
237818,Harrison Jones,humanmaleofficialnpc,humanmaleofficial,silent in game -> crc32(entry) mod race/sex pool,wowhead,2026-09-28
237819,Injured Adventurer,humanmaleofficialnpc,humanmaleofficial,silent in game -> crc32(entry) mod race/sex pool,wowhead,2026-09-28
237820,Deceased Adventurer,humanfemalewarriornpc,humanfemalewarrior,game greeting set of primary display,wowhead,2026-09-28
238376,Brother Luctus,humanmaleofficialnpc,humanmaleofficial,game greeting set of primary display,wowhead,2026-09-28
238382,Kug Softjaw,orcmaleshadynpc,orcmaleshady,silent in game -> crc32(entry) mod race/sex pool,wowhead,2026-09-28
238415,Grok'lo Mok'lo,orcmaleguardnpc,orcmaleguard,game greeting set of primary display,wowhead,2026-09-28
239031,Scarlet Inquisitor Caldoran,humanmaleofficialnpc,humanmaleofficial,silent in game -> crc32(entry) mod race/sex pool,wowhead,2026-09-28
239032,Commander Beatrix,humanfemalewarriornpc,humanfemalewarrior,silent in game -> crc32(entry) mod race/sex pool,wowhead,2026-09-28
239054,Argent Emissary,dwarffemaleguardnpc,dwarffemaleguard,game greeting set of primary display,wowhead,2026-09-28
239337,Lord Maxwell Tyrosus,humanmaleofficialnpc,humanmaleofficial,game greeting set of primary display,wowhead,2026-09-28
240248,Bryon Steelblade,humanmalewarriornpc,humanmalewarrior,game greeting set of primary display,wowhead,2026-09-28
240604,Carrie Hearthfire,humanfemaleofficialnpc,humanfemaleofficial,game greeting set of primary display,wowhead,2026-09-28
240607,Devon Woods,humanmaleofficialnpc,humanmaleofficial,game greeting set of primary display,wowhead,2026-09-28
240631,Taylor Stitchings,humanmaleofficialnpc,humanmaleofficial,game greeting set of primary display,wowhead,2026-09-28
240654,Fizzlefuse,goblinmalezanynpc,goblinmalezany,game greeting set of primary display,wowhead,2026-09-28
241334,The Will of the Ashbringer,humanmalewarriornpc,humanmalewarrior,silent in game -> crc32(entry) mod race/sex pool,wowhead,2026-09-28
241613,Kyndra Swiftarrow,humanfemaleofficialnpc,humanfemaleofficial,game greeting set of primary display,wowhead,2026-09-28
241834,Istaria,nightelffemalepriestessnpc,nightelffemalepriestess,game greeting set of primary display,wowhead,2026-09-28
242019,Leonid Barthalomew the Revered,undeadmalewarriornpc,undeadmalewarrior,game greeting set of primary display,wowhead,2026-09-28
242125,Master Craftsman Omarion,humanmalewarriornpc,humanmalewarrior,game greeting set of primary display,wowhead,2026-09-28
242174,Thisalee Crow,nightelffemalepriestessnpc,nightelffemalepriestess,game greeting set of primary display,wowhead,2026-09-28
242439,Thisalee Crow,nightelffemalepriestessnpc,nightelffemalepriestess,game greeting set of primary display,wowhead,2026-09-28
242499,Highlord Mograine,humanmaleofficialnpc,humanmaleofficial,silent in game -> crc32(entry) mod race/sex pool,wowhead,2026-09-28
242501,The Will of the Ashbringer,humanmalestandardnpc,humanmalestandard,silent in game -> crc32(entry) mod race/sex pool,wowhead,2026-09-28
242863,Hyjal Bonfire,narrator_neutral,creature:model:g_bonfire,non-character model -> MelloUI race key (or model name); creature: narrator,wowhead,2026-09-28
243023,Inquisitor Jociphine,humanfemaleofficialnpc,humanfemaleofficial,silent in game -> crc32(entry) mod race/sex pool,wowhead,2026-09-28
243386,Leonid Barthalomew the Revered,undeadmalewarriornpc,undeadmalewarrior,game greeting set of primary display,wowhead,2026-09-28
243393,Leonid Barthalomew the Revered,undeadmalewarriornpc,undeadmalewarrior,game greeting set of primary display,wowhead,2026-09-28
244808,Aramis Hammerhand,undeadmalestandardnpc,undeadmalestandard,game greeting set of primary display,forever-cache,2026-09-28
246152,Shari Stilwell,undeadfemalestandardnpc,undeadfemalestandard,game greeting set of primary display,forever-cache,2026-09-28
246349,Breton Samuels,undeadmalestandardnpc,undeadmalestandard,game greeting set of primary display,wowhead,2026-09-28
246378,Danitha Morr,undeadfemalestandardnpc,undeadfemalestandard,game greeting set of primary display,wowhead,2026-09-28
246389,Hilda the Breaker,undeadfemalestandardnpc,undeadfemalestandard,game greeting set of primary display,wowhead,2026-09-28
246393,Jorin Croge,undeadmalestandardnpc,undeadmalestandard,game greeting set of primary display,wowhead,2026-09-28
247226,Kelsey Fargo,humanfemalestandardnpc,humanfemalestandard,game greeting set of primary display,wowhead,2026-09-28
247229,Daniel,humanmalestandardnpc,humanmalestandard,game greeting set of primary display,wowhead,2026-09-28
248242,Hamish Bergwort,humanmaleofficialnpc,humanmaleofficial,game greeting set of primary display,wowhead,2026-09-28
248248,Blixie Fitzwink,gnomefemalehappynpc,gnomefemalehappy,game greeting set of primary display,wowhead,2026-09-28
248265,Ormin Pelford,humanmaleofficialnpc,humanmaleofficial,game greeting set of primary display,wowhead,2026-09-28
248266,Hagar Lowe,humanmaleofficialnpc,humanmaleofficial,game greeting set of primary display,wowhead,2026-09-28
248277,Merell Ross,humanfemaleofficialnpc,humanfemaleofficial,game greeting set of primary display,wowhead,2026-09-28
248415,Tordrin Sternblade,dwarfmalestandardnpc,dwarfmalestandard,game greeting set of primary display,wowhead,2026-09-28
248755,Lumina Windsinger,skyborne_female,unnamed_kit353056,game greeting set of primary display,wowhead,2026-09-28
248840,Trevan Rol,undeadmalestandardnpc,undeadmalestandard,game greeting set of primary display,wowhead,2026-09-28
249363,Yala Windwatcher,skyborne_female,unnamed_kit353056,game greeting set of primary display,wowhead,2026-09-28
249713,Odd Child,creature_child_f,creature:model:humanfemalekid,non-character model -> MelloUI race key (or model name); creature family,forever-cache,2026-09-28
250686,Tabitha Heartweaver,undeadfemalestandardnpc,undeadfemalestandard,game greeting set of primary display,wowhead,2026-09-28
250929,Malfunctioning Cyclone Construct,creature_elemental,creature:model:unboundairelementallord_low,non-character model -> MelloUI race key (or model name); creature family,wowhead,2026-09-28
251001,Deathguard Kristof,undeadmalewarriornpc,undeadmalewarrior,game greeting set of primary display,forever-cache,2026-09-28
251166,Minor Manifestation of Earth,creature_elemental,creature:model:elementalearth,non-character model -> MelloUI race key (or model name); creature family,wowhead,2026-09-28
251361,Rorian the Dayseeker,skyborne_male,unnamed_kit353070,game greeting set of primary display,forever-cache,2026-09-28
251362,Ailee Farheart,skyborne_female,unnamed_kit353056,game greeting set of primary display,forever-cache,2026-09-28
251363,Dalia the Collector,skyborne_female,unnamed_kit353056,game greeting set of primary display,forever-cache,2026-09-28
251366,Aetheen of the Gales,skyborne_female,unnamed_kit353056,game greeting set of primary display,forever-cache,2026-09-28
251368,Elatrell Featherlight,skyborne_male,unnamed_kit353070,game greeting set of primary display,forever-cache,2026-09-28
251371,Falorne Fallwind,skyborne_male,unnamed_kit353070,game greeting set of primary display,forever-cache,2026-09-28
251373,Xyton Silverwind,skyborne_male,unnamed_kit353070,game greeting set of primary display,forever-cache,2026-09-28
251374,Windshaper Boro,skyborne_male,unnamed_kit353070,game greeting set of primary display,forever-cache,2026-09-28
251376,Tai'ree Farsight,skyborne_female,unnamed_kit353056,game greeting set of primary display,forever-cache,2026-09-28
251379,Dorii Brightwhisper,skyborne_female,unnamed_kit353056,game greeting set of primary display,forever-cache,2026-09-28
251389,Akeri Duskblade,skyborne_male,unnamed_kit353070,game greeting set of primary display,forever-cache,2026-09-28
251487,Ventaari Brightwish,skyborne_female,unnamed_kit353056,game greeting set of primary display,forever-cache,2026-09-28
251507,Josephine Carson,humanfemalestandardnpc,humanfemalestandard,game greeting set of primary display,forever-cache,2026-09-28
251523,Constable Aonda,skyborne_f368869,unnamed_kit368869,game greeting set of primary display; re-mapped 2026-09-28 from skyborne_female,wowhead,2026-09-28
251684,Strange Hermit,gnomemalezanynpc,gnomemalezany,game greeting set of primary display,wowhead,2026-09-28
251902,Illaya Amberwind,skyborne_female,unnamed_kit353056,game greeting set of primary display,wowhead,2026-09-28
251903,Rathiril Sunlance,skyborne_male,unnamed_kit353070,game greeting set of primary display,wowhead,2026-09-28
251904,Sania Silverstream,skyborne_female,unnamed_kit353056,game greeting set of primary display,wowhead,2026-09-28
251905,Zerril Softbreeze,skyborne_male,unnamed_kit353070,game greeting set of primary display,wowhead,2026-09-28
251906,Teeri Wellwind,skyborne_female,unnamed_kit353056,game greeting set of primary display,wowhead,2026-09-28
251913,Aedi Thriceforged,skyborne_male,unnamed_kit353076,game greeting set of primary display,wowhead,2026-09-28
251964,Blademaster Ren,skyborne_female,unnamed_kit353056,game greeting set of primary display,forever-cache,2026-09-28
251968,Ayessa Dawnsinger,skyborne_f347830,unnamed_kit347830,game greeting set of primary display; re-mapped 2026-09-28 from skyborne_female,wowhead,2026-09-28
251991,Taleen Shimmerthread,skyborne_female,unnamed_kit353064,game greeting set of primary display,wowhead,2026-09-28
251992,Fenn Fairweather,skyborne_male,unnamed_kit353070,game greeting set of primary display,wowhead,2026-09-28
251993,Indari Sunseam,skyborne_male,unnamed_kit353070,game greeting set of primary display,wowhead,2026-09-28
252095,Hanaa Nightwind,skyborne_female,unnamed_kit353056,game greeting set of primary display,wowhead,2026-09-28
252155,Peacekeeper Vaaniel,skyborne_male,unnamed_kit353070,game greeting set of primary display,wowhead,2026-09-28
252172,Danarii Bellowveil,skyborne_male,unnamed_kit353070,game greeting set of primary display,wowhead,2026-09-28
252359,Lotheluum Starbreeze,skyborne_male,unnamed_kit353070,game greeting set of primary display,wowhead,2026-09-28
252373,Anathamaas Aetherwind,skyborne_male,unnamed_kit353070,game greeting set of primary display,wowhead,2026-09-28
252377,Seena Skybreaker,skyborne_female,unnamed_kit353056,game greeting set of primary display,wowhead,2026-09-28
252378,Yorana Windyreed,skyborne_female,unnamed_kit353056,game greeting set of primary display,wowhead,2026-09-28
252382,Sessaria Skystride,skyborne_female,unnamed_kit353056,game greeting set of primary display,wowhead,2026-09-28
252383,Valennia Stormfist,skyborne_female,unnamed_kit353056,game greeting set of primary display,wowhead,2026-09-28
252389,Quel'ana Quickgale,skyborne_male,unnamed_kit353076,silent in game -> crc32(entry) mod race/sex pool,wowhead,2026-09-28
252448,Alvarion Windfield,skyborne_male,unnamed_kit353070,silent in game -> crc32(entry) mod race/sex pool,wowhead,2026-09-28
252475,Elaadrin Evengale,skyborne_male,unnamed_kit353070,game greeting set of primary display,wowhead,2026-09-28
252476,Talaanis Shadowsong,skyborne_male,unnamed_kit353070,game greeting set of primary display,wowhead,2026-09-28
252800,Aamelia Windfield,skyborne_female,unnamed_kit353056,game greeting set of primary display,wowhead,2026-09-28
253004,Iaadaria Bitterwind,skyborne_female,unnamed_kit353056,game greeting set of primary display,wowhead,2026-09-28
253092,Alba Fairmoon,nightelffemalesentinelnpc,nightelffemalesentinel,game greeting set of primary display,forever-cache,2026-09-28
253204,Dondallion Whisperwind,skyborne_male,unnamed_kit353070,game greeting set of primary display,wowhead,2026-09-28
253279,Alba Fairmoon,nightelffemalesentinelnpc,nightelffemalesentinel,game greeting set of primary display,wowhead,2026-09-28
253284,Fillion Flamebreeze,skyborne_male,unnamed_kit353070,game greeting set of primary display,wowhead,2026-09-28
253372,Dead Cultist,skyborne_male,unnamed_kit353076,silent in game -> crc32(entry) mod race/sex pool,wowhead,2026-09-28
253395,Ozwin Ironsprocket,gnomemalezanynpc,gnomemalezany,game greeting set of primary display,forever-cache,2026-09-28
253576,Hyusaa Quickbreeze,skyborne_female,unnamed_kit353056,game greeting set of primary display,wowhead,2026-09-28
253590,Valennia Stormfist,skyborne_female,unnamed_kit353056,game greeting set of primary display,wowhead,2026-09-28
253844,Valennia Stormfist,skyborne_female,unnamed_kit353056,game greeting set of primary display,wowhead,2026-09-28
254078,Tom &quot;Half-fish&quot; Wilson,humanmalestandardnpc,humanmalestandard,game greeting set of primary display,wowhead,2026-09-28
254084,Elayaa Easewind,skyborne_female,unnamed_kit353056,game greeting set of primary display,wowhead,2026-09-28
254151,Vayn Moongaze,nightelfmaleofficialnpc,nightelfmaleofficial,game greeting set of primary display,wowhead,2026-09-28
254344,Endaria Mistgaze,skyborne_female,unnamed_kit353056,game greeting set of primary display,wowhead,2026-09-28
254345,Syriel Nightrain,skyborne_male,unnamed_kit353070,game greeting set of primary display,wowhead,2026-09-28
254411,Quel'dora Quickgale,skyborne_female,unnamed_kit353064,silent in game -> crc32(entry) mod race/sex pool,wowhead,2026-09-28
255853,Urs'endris,creature_ancient,creature:model:?,"non-character model -> MelloUI race key (or model name); creature: narrator; re-mapped 2026-09-28 from narrator_neutral (npc table, rule 5)",wowhead,2026-09-28
256083,Riaani Nightwind,skyborne_male,unnamed_kit353070,game greeting set of primary display,wowhead,2026-09-28
256386,Dokimi,orcfemalestandardnpc,orcfemalestandard,game greeting set of primary display,wowhead,2026-09-28
256390,Marcy Baker,humanfemalewarriornpc,humanfemalewarrior,game greeting set of primary display,wowhead,2026-09-28
256507,Belann Windwood,skyborne_male,unnamed_kit353070,game greeting set of primary display,wowhead,2026-09-28
257006,Nyalah Brightfire,skyborne_female,unnamed_kit353056,game greeting set of primary display,wowhead,2026-09-28
257018,Naleeia Tattermend,skyborne_female,unnamed_kit353056,game greeting set of primary display,wowhead,2026-09-28
257019,Nyassa Swiftdraught,skyborne_female,unnamed_kit353056,game greeting set of primary display,wowhead,2026-09-28
257020,Nasalanna Windsinger,skyborne_female,unnamed_kit353056,game greeting set of primary display,wowhead,2026-09-28
257022,Messana Crestwind,skyborne_female,unnamed_kit353056,game greeting set of primary display,wowhead,2026-09-28
257024,Mendalass Tattermend,skyborne_male,unnamed_kit353070,game greeting set of primary display,wowhead,2026-09-28
257065,Missionary Jasaan,skyborne_male,unnamed_kit353070,game greeting set of primary display,wowhead,2026-09-28
257446,Teo Hammerstorm,dwarfmalestandardnpc,dwarfmalestandard,game greeting set of primary display,wowhead,2026-09-28
257551,Valreaa Valewind,skyborne_female,unnamed_kit353056,game greeting set of primary display,forever-cache,2026-09-28
257554,Halaan Hawk-Eye,skyborne_male,unnamed_kit353070,game greeting set of primary display,forever-cache,2026-09-28
257597,Bruegs Kindleborn,dwarfmaleguardnpc,dwarfmaleguard,game greeting set of primary display,forever-cache,2026-09-28
257648,Tanis Alderwood,undeadmalestandardnpc,undeadmalestandard,game greeting set of primary display,wowhead,2026-09-28
257655,Deathguard Billmuth,undeadmalewarriornpc,undeadmalewarrior,game greeting set of primary display,wowhead,2026-09-28
257663,Deathguard Falgan,undeadmalewarriornpc,undeadmalewarrior,game greeting set of primary display,wowhead,2026-09-28
257808,Braldir Ashmantle,dwarfmaleguardnpc,dwarfmaleguard,game greeting set of primary display,wowhead,2026-09-28
257944,Elegael Thornpaw,skyborne_female,unnamed_kit353056,game greeting set of primary display,wowhead,2026-09-28
258043,Norric Lochthane,dwarfmaleguardnpc,dwarfmaleguard,game greeting set of primary display,wowhead,2026-09-28
258098,Eldrun Stormbreaker,dwarfmalestandardnpc,dwarfmalestandard,game greeting set of primary display,wowhead,2026-09-28
258203,Hervdana Saegrund,dwarffemalematernalnpc,dwarffemalematernal,game greeting set of primary display,wowhead,2026-09-28
258785,High Priestess Mims,gnomefemalestandardnpc,gnomefemalestandard,game greeting set of primary display,wowhead,2026-09-28
258930,Isaac Chan,humanmaleofficialnpc,humanmaleofficial,silent in game -> crc32(entry) mod race/sex pool,forever-cache,2026-09-28
259012,Ealaane Nimbuswalker,skyborne_female,unnamed_kit353056,game greeting set of primary display,wowhead,2026-09-28
259084,Denaaris Stargale,skyborne_male,unnamed_kit353070,game greeting set of primary display,wowhead,2026-09-28
259118,Muln Earthfury,taurenmaleeldernpc,taurenmaleelder,game greeting set of primary display,wowhead,2026-09-28
259119,Alaana Stormwalker,skyborne_female,unnamed_kit353056,game greeting set of primary display,wowhead,2026-09-28
259190,Ephram Barbaro,undeadmalestandardnpc,undeadmalestandard,game greeting set of primary display,wowhead,2026-09-28
259611,Deathguard Baldren,undeadmalewarriornpc,undeadmalewarrior,game greeting set of primary display,wowhead,2026-09-28
259620,Lumina Windsinger,skyborne_female,unnamed_kit353056,game greeting set of primary display,wowhead,2026-09-28
259649,Ulric Frostveil,undeadmaledarknpc,undeadmaledark,game greeting set of primary display,wowhead,2026-09-28
261366,Walton,humanmalestandardnpc,humanmalestandard,game greeting set of primary display,wowhead,2026-09-28
263113,Myriaal Mistwake,skyborne_female,unnamed_kit353056,game greeting set of primary display,forever-cache,2026-09-28
263399,Sam Sarsaparilla,humanmalestandardnpc,humanmalestandard,game greeting set of primary display,forever-cache,2026-09-28
263664,Raan Wildwind,skyborne_male,unnamed_kit353070,game greeting set of primary display,wowhead,2026-09-28
264936,Earthseer Farsen,dwarfmaleguardnpc,dwarfmaleguard,game greeting set of primary display,wowhead,2026-09-28
264943,Afadra Dunwall,dwarffemaleyoungnpc,dwarffemaleyoung,game greeting set of primary display,wowhead,2026-09-28
265003,Thom Filch,gnomemaleyoungnpc,gnomemaleyoung,silent in game -> crc32(entry) mod race/sex pool,wowhead,2026-09-28
265809,Brakk,orcmalestandardnpc,orcmalestandard,game greeting set of primary display,wowhead,2026-09-28
265810,Kaga Wildhoof,taurenfemalestandardnpc,taurenfemalestandard,game greeting set of primary display,wowhead,2026-09-28
265811,Lyreena Duskblade,nightelffemalestandardnpc,nightelffemalestandard,game greeting set of primary display,wowhead,2026-09-28
265812,Eleanor Shackleton,undeadfemalestandardnpc,undeadfemalestandard,game greeting set of primary display,forever-cache,2026-09-28
265813,Eric Brighthammer,dwarfmalestandardnpc,dwarfmalestandard,game greeting set of primary display,wowhead,2026-09-28
265944,William Pickman,undeadmaledarknpc,undeadmaledark,game greeting set of primary display,forever-cache,2026-09-28
266484,Morbin Lightbane,undeadmalestandardnpc,undeadmalestandard,silent in game -> crc32(entry) mod race/sex pool,wowhead,2026-09-28
266881,Pa'zula,trollfemalestandardnpc,trollfemalestandard,game greeting set of primary display,wowhead,2026-09-28
266940,Turroc,orcmaleguardnpc,orcmaleguard,game greeting set of primary display,wowhead,2026-09-28
267008,Leonid Barthalomew the Revered,undeadmalewarriornpc,undeadmalewarrior,game greeting set of primary display,wowhead,2026-09-28
267009,Hadric Harlson,undeadmalewarriornpc,undeadmalewarrior,game greeting set of primary display,forever-cache,2026-09-28
267118,Gilbert Gray,humanmalestandardnpc,humanmalestandard,game greeting set of primary display,wowhead,2026-09-28
267309,Bainham,humanmalestandardnpc,humanmalestandard,silent in game -> crc32(entry) mod race/sex pool,wowhead,2026-09-28
267310,Gur'ak,orcmalestandardnpc,orcmalestandard,silent in game -> crc32(entry) mod race/sex pool,wowhead,2026-09-28
268511,Manifest Clerk Philmor,humanmaleofficialnpc,humanmaleofficial,game greeting set of primary display,wowhead,2026-09-28
268568,Roy Lewells,humanmalestandardnpc,humanmalestandard,game greeting set of primary display,wowhead,2026-09-28
268592,Olariaan Swiftburn,skyborne_male,unnamed_kit353070,game greeting set of primary display,wowhead,2026-09-28
268682,Migi,creature_child_m,creature:model:orcmalekid,non-character model -> MelloUI race key (or model name); creature family,wowhead,2026-09-28
268684,Thra,creature_child_f,creature:model:orcfemalekid,non-character model -> MelloUI race key (or model name); creature family,wowhead,2026-09-28
268701,Thatog,orcmaleguardnpc,orcmaleguard,game greeting set of primary display,wowhead,2026-09-28
269068,Eylah Sunhorn,taurenfemalestandardnpc,taurenfemalestandard,game greeting set of primary display,wowhead,2026-09-28
269153,Mountaineer Ylva,dwarffemaleguardnpc,dwarffemaleguard,game greeting set of primary display,wowhead,2026-09-28
270269,Arbal,creature_ancient,creature:model:ancientofwar,non-character model -> MelloUI race key (or model name); creature family,wowhead,2026-09-28
271546,Mountaineer Gretchen,dwarffemaleguardnpc,dwarffemaleguard,game greeting set of primary display,wowhead,2026-09-28
271613,Unfinished Abomination,narrator_neutral,creature:model:clickable_box,non-character model -> MelloUI race key (or model name); creature: narrator,wowhead,2026-09-28
272054,Avatar of Saeyleenan,narrator_neutral,creature:model:?,non-character model -> MelloUI race key (or model name); creature: narrator,wowhead,2026-09-28
272203,Perith Stormhoof,taurenmaleshamannpc,taurenmaleshaman,game greeting set of primary display,wowhead,2026-09-28
272526,Glix Xizzix,goblinmalezanynpc,goblinmalezany,game greeting set of primary display,wowhead,2026-09-28
273017,Fendaal Windstone,skyborne_male,unnamed_kit353070,game greeting set of primary display,wowhead,2026-09-28
275657,Heglan Shadeeye,orcfemaleshamannpc,orcfemaleshaman,silent in game -> crc32(entry) mod race/sex pool,wowhead,2026-09-28
275683,Sentinel Eralya Leafshadow,nightelffemalesentinelnpc,nightelffemalesentinel,game greeting set of primary display,wowhead,2026-09-28
275744,Sentinel Lynessa Duskblossom,nightelffemalesentinelnpc,nightelffemalesentinel,game greeting set of primary display,wowhead,2026-09-28
275789,Malah Longwind,taurenfemaleshamannpc,taurenfemaleshaman,silent in game -> crc32(entry) mod race/sex pool,wowhead,2026-09-28
275811,Pal'juh,trollfemalestandardnpc,trollfemalestandard,game greeting set of primary display,wowhead,2026-09-28
275954,Bareth Dawnstone,undeadmalewarriornpc,undeadmalewarrior,game greeting set of primary display,forever-cache,2026-09-28
